排名,英文,語料次數,頻率層,詞性,中文,學習優先度,類型,過去式,過去分詞,不規則,筆記
1,the,80030,01｜最高頻,功能字,這個；那個；該,A 基礎必會,文法／連接／介系詞,—,—,—,
2,of,40025,01｜最高頻,功能字,…的；由…構成,A 基礎必會,文法／連接／介系詞,—,—,—,
3,and,38313,01｜最高頻,功能字,和；而且,A 基礎必會,文法／連接／介系詞,—,—,—,
4,to,28766,01｜最高頻,功能字,到；向；不定詞符號,A 基礎必會,文法／連接／介系詞,—,—,—,
5,in,22050,01｜最高頻,功能字,在…裡,A 基礎必會,文法／連接／介系詞,—,—,—,
6,a,21155,01｜最高頻,功能字,一個；一種,A 基礎必會,文法／連接／介系詞,—,—,—,
7,that,12512,01｜最高頻,功能字,那個；那；以致,A 基礎必會,文法／連接／介系詞,—,—,—,
8,he,12401,01｜最高頻,功能字,他,A 基礎必會,文法／連接／介系詞,—,—,—,
9,was,11410,01｜最高頻,,,A 基礎優先,,,,,
10,it,10681,01｜最高頻,功能字,它,A 基礎必會,文法／連接／介系詞,—,—,—,
11,his,10034,01｜最高頻,功能字,他的,A 基礎必會,文法／連接／介系詞,—,—,—,
12,is,9774,01｜最高頻,,,A 基礎優先,,,,,
13,with,9740,01｜最高頻,功能字,和；用；帶有,A 基礎必會,文法／連接／介系詞,—,—,—,
14,as,8064,01｜最高頻,功能字,作為；當…時；和…一樣,A 基礎必會,文法／連接／介系詞,—,—,—,
15,i,7687,01｜最高頻,功能字,我,A 基礎必會,文法／連接／介系詞,—,—,—,
16,had,7383,01｜最高頻,,,A 基礎優先,,,,,
17,for,6941,01｜最高頻,功能字,為了；給；持續,A 基礎必會,文法／連接／介系詞,—,—,—,
18,at,6791,01｜最高頻,功能字,在；於,A 基礎必會,文法／連接／介系詞,—,—,—,
19,by,6738,01｜最高頻,功能字,由；藉由；在…以前,A 基礎必會,文法／連接／介系詞,—,—,—,
20,on,6643,01｜最高頻,功能字,在…上,A 基礎必會,文法／連接／介系詞,—,—,—,
21,not,6626,01｜最高頻,,,A 基礎優先,,,,,
22,be,6155,01｜最高頻,v.,是；存在,A 基礎必會,動詞,was/were,been,是,
23,from,5709,01｜最高頻,功能字,從；來自,A 基礎必會,文法／連接／介系詞,—,—,—,
24,but,5653,01｜最高頻,功能字,但是,A 基礎必會,文法／連接／介系詞,—,—,—,
25,s,5636,01｜最高頻,,,A 基礎優先,,,,,
26,you,5622,01｜最高頻,功能字,你；你們,A 基礎必會,文法／連接／介系詞,—,—,—,
27,or,5352,01｜最高頻,功能字,或者；否則,A 基礎必會,文法／連接／介系詞,—,—,—,
28,her,5284,01｜最高頻,功能字,她,A 基礎必會,文法／連接／介系詞,—,—,—,
29,him,5230,01｜最高頻,功能字,他,A 基礎必會,文法／連接／介系詞,—,—,—,
30,which,4842,01｜最高頻,功能字,哪一個,A 基礎必會,文法／連接／介系詞,—,—,—,
31,were,4289,01｜最高頻,,,A 基礎優先,,,,,
32,all,4144,01｜最高頻,功能字,全部；所有,A 基礎必會,文法／連接／介系詞,—,—,—,
33,this,4063,01｜最高頻,功能字,這個,A 基礎必會,文法／連接／介系詞,—,—,—,
34,she,3946,01｜最高頻,功能字,她,A 基礎必會,文法／連接／介系詞,—,—,—,
35,they,3938,01｜最高頻,功能字,他們,A 基礎必會,文法／連接／介系詞,—,—,—,
36,are,3630,01｜最高頻,,,A 基礎優先,,,,,
37,have,3493,01｜最高頻,v.,有,A 基礎必會,動詞,had,had,是,
38,said,3464,01｜最高頻,,,A 基礎優先,,,,,
39,an,3423,01｜最高頻,功能字,一個；一種,A 基礎必會,文法／連接／介系詞,—,—,—,
40,one,3371,01｜最高頻,,,A 基礎優先,,,,,
41,who,3050,01｜最高頻,功能字,誰；…的人,A 基礎必會,文法／連接／介系詞,—,—,—,
42,so,3017,01｜最高頻,功能字,所以；如此,A 基礎必會,文法／連接／介系詞,—,—,—,
43,what,3011,01｜最高頻,功能字,什麼,A 基礎必會,文法／連接／介系詞,—,—,—,
44,there,2972,01｜最高頻,功能字,那裡；有,A 基礎必會,文法／連接／介系詞,—,—,—,
45,their,2955,01｜最高頻,功能字,他們的,A 基礎必會,文法／連接／介系詞,—,—,—,
46,when,2923,01｜最高頻,功能字,何時；當…時,A 基礎必會,文法／連接／介系詞,—,—,—,
47,been,2599,01｜最高頻,,,A 基礎優先,,,,,
48,may,2551,01｜最高頻,功能字,可能；可以,A 基礎必會,文法／連接／介系詞,—,—,—,
49,if,2373,01｜最高頻,功能字,如果；是否,A 基礎必會,文法／連接／介系詞,—,—,—,
50,no,2348,01｜最高頻,功能字,沒有；不,A 基礎必會,文法／連接／介系詞,—,—,—,
51,up,2284,01｜最高頻,,,A 基礎優先,,,,,
52,my,2249,01｜最高頻,功能字,我的,A 基礎必會,文法／連接／介系詞,—,—,—,
53,them,2241,01｜最高頻,功能字,他們,A 基礎必會,文法／連接／介系詞,—,—,—,
54,into,2124,01｜最高頻,功能字,進入；變成,A 基礎必會,文法／連接／介系詞,—,—,—,
55,more,1997,01｜最高頻,功能字,更多,A 基礎必會,文法／連接／介系詞,—,—,—,
56,out,1987,01｜最高頻,adv.,出去,B 中高級核心,副詞,—,—,—,
57,pierre,1964,01｜最高頻,,,A 基礎優先,,,,,
58,would,1953,01｜最高頻,功能字,會；將會；願意,A 基礎必會,文法／連接／介系詞,—,—,—,
59,prince,1935,01｜最高頻,,,A 基礎優先,,,,,
60,me,1920,01｜最高頻,功能字,我,A 基礎必會,文法／連接／介系詞,—,—,—,
61,we,1906,01｜最高頻,功能字,我們,A 基礎必會,文法／連接／介系詞,—,—,—,
62,did,1875,01｜最高頻,,,A 基礎優先,,,,,
63,only,1873,01｜最高頻,adv.,只有；僅僅,B 中高級核心,副詞,—,—,—,
64,could,1700,01｜最高頻,功能字,能夠；可能,A 基礎必會,文法／連接／介系詞,—,—,—,
65,now,1697,01｜最高頻,adv.,現在,B 中高級核心,副詞,—,—,—,
66,man,1652,01｜最高頻,,,A 基礎優先,,,,,
67,its,1635,01｜最高頻,,,A 基礎優先,,,,,
68,has,1603,01｜最高頻,,,A 基礎優先,,,,,
69,will,1577,01｜最高頻,功能字,將會,A 基礎必會,文法／連接／介系詞,—,—,—,
70,then,1558,01｜最高頻,,,A 基礎優先,,,,,
71,some,1536,01｜最高頻,功能字,一些,A 基礎必會,文法／連接／介系詞,—,—,—,
72,time,1529,01｜最高頻,n.,時間；次數,B 中高級核心,名詞,—,—,—,
73,after,1504,01｜最高頻,功能字,在…之後,A 基礎必會,文法／連接／介系詞,—,—,—,
74,do,1503,01｜最高頻,v.,做,A 基礎必會,動詞,did,done,是,
75,other,1502,01｜最高頻,功能字,其他的,A 基礎必會,文法／連接／介系詞,—,—,—,
76,about,1497,01｜最高頻,功能字,關於；大約,A 基礎必會,文法／連接／介系詞,—,—,—,
77,such,1436,01｜最高頻,,,A 基礎優先,,,,,
78,before,1363,01｜最高頻,功能字,在…以前,A 基礎必會,文法／連接／介系詞,—,—,—,
79,very,1340,01｜最高頻,adv.,非常,B 中高級核心,副詞,—,—,—,
80,t,1318,01｜最高頻,,,A 基礎優先,,,,,
81,how,1315,01｜最高頻,功能字,如何；多麼,A 基礎必會,文法／連接／介系詞,—,—,—,
82,should,1297,01｜最高頻,功能字,應該,A 基礎必會,文法／連接／介系詞,—,—,—,
83,over,1282,01｜最高頻,功能字,在…上方；超過,A 基礎必會,文法／連接／介系詞,—,—,—,
84,your,1279,01｜最高頻,功能字,你的,A 基礎必會,文法／連接／介系詞,—,—,—,
85,these,1231,01｜最高頻,功能字,這些,A 基礎必會,文法／連接／介系詞,—,—,—,
86,natasha,1212,01｜最高頻,,,A 基礎優先,,,,,
87,new,1211,01｜最高頻,adj.,新的,B 中高級核心,形容詞,—,—,—,
88,than,1206,01｜最高頻,功能字,比,A 基礎必會,文法／連接／介系詞,—,—,—,
89,any,1204,01｜最高頻,功能字,任何；一些,A 基礎必會,文法／連接／介系詞,—,—,—,
90,those,1201,01｜最高頻,功能字,那些,A 基礎必會,文法／連接／介系詞,—,—,—,
91,well,1198,01｜最高頻,adv.,好地,B 中高級核心,副詞,—,—,—,
92,old,1180,01｜最高頻,adj.,老的；舊的,B 中高級核心,形容詞,—,—,—,
93,first,1177,01｜最高頻,,,A 基礎優先,,,,,
94,andrew,1169,01｜最高頻,,,A 基礎優先,,,,,
95,himself,1158,01｜最高頻,,,A 基礎優先,,,,,
96,men,1145,01｜最高頻,,,A 基礎優先,,,,,
97,two,1138,01｜最高頻,,,A 基礎優先,,,,,
98,down,1128,01｜最高頻,adv.,向下,A 基礎必會,副詞,—,—,—,
99,face,1125,01｜最高頻,n.,臉,A 基礎必會,名詞,—,—,—,
100,upon,1111,01｜最高頻,功能字,在…之上；一…就,A 基礎必會,文法／連接／介系詞,—,—,—,
101,see,1101,01｜最高頻,v.,看見,A 基礎必會,動詞,saw,seen,是,
102,can,1095,01｜最高頻,功能字,能；可以,A 基礎必會,文法／連接／介系詞,—,—,—,
103,like,1080,01｜最高頻,,,A 基礎優先,,,,,
104,french,1070,01｜最高頻,,,A 基礎優先,,,,,
105,our,1066,01｜最高頻,功能字,我們的,A 基礎必會,文法／連接／介系詞,—,—,—,
106,same,1052,01｜最高頻,adj.,相同的,B 中高級核心,形容詞,—,—,—,
107,know,1048,01｜最高頻,v.,知道；認識,A 基礎必會,動詞,knew,known,是,
108,without,1015,01｜最高頻,功能字,沒有；不帶,A 基礎必會,文法／連接／介系詞,—,—,—,
109,went,1008,01｜最高頻,,,A 基礎優先,,,,,
110,made,1007,01｜最高頻,,,A 基礎優先,,,,,
111,little,1001,01｜最高頻,功能字/adj.,少量,A 基礎必會,文法／連接／介系詞；形容詞,—,—,—,
112,long,991,01｜最高頻,adj.,長的,B 中高級核心,形容詞,—,—,—,
113,states,981,01｜最高頻,,,A 基礎優先,,,,,
114,came,979,01｜最高頻,,,A 基礎優先,,,,,
115,where,977,01｜最高頻,功能字,哪裡；在…的地方,A 基礎必會,文法／連接／介系詞,—,—,—,
116,under,963,01｜最高頻,功能字,在…下面,A 基礎必會,文法／連接／介系詞,—,—,—,
117,room,960,01｜最高頻,n.,房間；空間,B 中高級核心,名詞,—,—,—,
118,must,955,01｜最高頻,功能字,必須；一定,A 基礎必會,文法／連接／介系詞,—,—,—,
119,even,946,01｜最高頻,,,A 基礎優先,,,,,
120,eyes,939,01｜最高頻,,,A 基礎優先,,,,,
121,come,934,01｜最高頻,v.,來,A 基礎必會,動詞,came,come,是,
122,still,922,01｜最高頻,adv.,仍然,B 中高級核心,副詞,—,—,—,
123,princess,919,01｜最高頻,,,A 基礎優先,,,,,
124,being,918,01｜最高頻,,,A 基礎優先,,,,,
125,most,908,01｜最高頻,功能字,最多,A 基礎必會,文法／連接／介系詞,—,—,—,
126,go,905,01｜最高頻,v.,去,A 基礎必會,動詞,went,gone,是,
127,thought,902,01｜最高頻,n.,想法,B 中高級核心,名詞,—,—,—,
128,people,899,01｜最高頻,n.,人們,B 中高級核心,名詞,—,—,—,
129,war,881,01｜最高頻,n.,戰爭,B 中高級核心,名詞,—,—,—,
130,life,878,01｜最高頻,n.,生命；生活,B 中高級核心,名詞,—,—,—,
131,again,866,01｜最高頻,adv.,再一次,A 基礎必會,副詞,—,—,—,
132,way,859,01｜最高頻,n.,方法；道路,B 中高級核心,名詞,—,—,—,
133,another,841,01｜最高頻,功能字,另一個；再一個,A 基礎必會,文法／連接／介系詞,—,—,—,
134,away,838,01｜最高頻,adv.,離開；在遠處,A 基礎必會,副詞,—,—,—,
135,general,836,01｜最高頻,adj.,一般的,A 基礎必會,形容詞,—,—,—,
136,hand,834,01｜最高頻,n.,手,B 中高級核心,名詞,—,—,—,
137,left,834,01｜最高頻,,,A 基礎優先,,,,,
138,day,819,01｜最高頻,n.,天,A 基礎必會,名詞,—,—,—,
139,through,815,01｜最高頻,功能字,穿過；透過,A 基礎必會,文法／連接／介系詞,—,—,—,
140,began,810,01｜最高頻,,,A 基礎優先,,,,,
141,great,792,01｜最高頻,adj.,很棒的；巨大的,B 中高級核心,形容詞,—,—,—,
142,own,785,01｜最高頻,,,A 基礎優先,,,,,
143,also,778,01｜最高頻,adv.,也；此外,A 基礎必會,副詞,—,—,—,
144,asked,777,01｜最高頻,,,A 基礎優先,,,,,
145,rostov,776,01｜最高頻,,,A 基礎優先,,,,,
146,while,768,01｜最高頻,功能字,當…時；然而,A 基礎必會,文法／連接／介系詞,—,—,—,
147,just,767,01｜最高頻,,,A 基礎優先,,,,,
148,army,764,01｜最高頻,n.,軍隊,A 基礎必會,名詞,—,—,—,
149,looked,760,01｜最高頻,,,A 基礎優先,,,,,
150,american,755,01｜最高頻,,,A 基礎優先,,,,,
151,say,755,01｜最高頻,v.,說,A 基礎必會,動詞,said,said,是,
152,count,748,01｜最高頻,,,A 基礎優先,,,,,
153,am,746,01｜最高頻,,,A 基礎優先,,,,,
154,back,746,01｜最高頻,adv.,回去,A 基礎必會,副詞,—,—,—,
155,good,744,01｜最高頻,adj.,好的,A 基礎必會,形容詞,—,—,—,
156,whole,744,01｜最高頻,adj.,整個的,B 中高級核心,形容詞,—,—,—,
157,shall,735,01｜最高頻,,,A 基礎優先,,,,,
158,head,725,01｜最高頻,,,A 基礎優先,,,,,
159,moscow,723,01｜最高頻,,,A 基礎優先,,,,,
160,right,710,01｜最高頻,adj.,正確的,B 中高級核心,形容詞,—,—,—,
161,mary,705,01｜最高頻,,,A 基礎優先,,,,,
162,part,704,01｜最高頻,n.,部分；角色,B 中高級核心,名詞,—,—,—,
163,government,698,01｜最高頻,n.,政府,B 中高級核心,名詞,—,—,—,
164,felt,697,01｜最高頻,,,A 基礎優先,,,,,
165,seemed,695,01｜最高頻,,,A 基礎優先,,,,,
166,here,691,01｜最高頻,功能字/adv.,這裡,A 基礎必會,文法／連接／介系詞；副詞,—,—,—,
167,yes,688,01｜最高頻,,,A 基礎優先,,,,,
168,us,684,01｜最高頻,功能字,我們,A 基礎必會,文法／連接／介系詞,—,—,—,
169,something,683,01｜最高頻,,,A 基礎優先,,,,,
170,why,674,01｜最高頻,功能字,為什麼,A 基礎必會,文法／連接／介系詞,—,—,—,
171,having,673,01｜最高頻,,,A 基礎優先,,,,,
172,place,673,01｜最高頻,n.,地方,B 中高級核心,名詞,—,—,—,
173,much,671,01｜最高頻,功能字,很多,A 基礎必會,文法／連接／介系詞,—,—,—,
174,state,664,01｜最高頻,n.,狀態；州,B 中高級核心,名詞,—,—,—,
175,house,661,01｜最高頻,n.,房子,B 中高級核心,名詞,—,—,—,
176,against,660,01｜最高頻,功能字,反對；靠著,A 基礎必會,文法／連接／介系詞,—,—,—,
177,between,654,01｜最高頻,功能字,在…之間,A 基礎必會,文法／連接／介系詞,—,—,—,
178,every,650,01｜最高頻,功能字,每一個,A 基礎必會,文法／連接／介系詞,—,—,—,
179,though,650,01｜最高頻,功能字,雖然；不過,A 基礎必會,文法／連接／介系詞,—,—,—,
180,nothing,646,01｜最高頻,,,A 基礎優先,,,,,
181,emperor,639,01｜最高頻,,,A 基礎優先,,,,,
182,heard,636,01｜最高頻,,,A 基礎優先,,,,,
183,nicholas,635,01｜最高頻,,,A 基礎優先,,,,,
184,off,634,01｜最高頻,,,A 基礎優先,,,,,
185,because,630,01｜最高頻,功能字,因為,A 基礎必會,文法／連接／介系詞,—,—,—,
186,young,627,01｜最高頻,adj.,年輕的,B 中高級核心,形容詞,—,—,—,
187,bone,625,01｜最高頻,,,A 基礎優先,,,,,
188,take,616,01｜最高頻,v.,拿；帶；花費,A 基礎必會,動詞,took,taken,是,
189,disease,615,01｜最高頻,n.,疾病,A 基礎必會,名詞,—,—,—,
190,many,609,01｜最高頻,功能字,許多,A 基礎必會,文法／連接／介系詞,—,—,—,
191,always,608,01｜最高頻,adv.,總是,A 基礎必會,副詞,—,—,—,
192,napoleon,607,01｜最高頻,,,A 基礎優先,,,,,
193,saw,599,01｜最高頻,,,A 基礎優先,,,,,
194,never,593,01｜最高頻,adv.,從不,B 中高級核心,副詞,—,—,—,
195,three,584,01｜最高頻,,,A 基礎優先,,,,,
196,don,581,01｜最高頻,,,A 基礎優先,,,,,
197,skin,579,01｜最高頻,,,A 基礎優先,,,,,
198,tissue,579,01｜最高頻,,,A 基礎優先,,,,,
199,took,573,01｜最高頻,,,A 基礎優先,,,,,
200,years,571,01｜最高頻,,,A 基礎優先,,,,,
201,once,569,01｜最高頻,,,A 基礎優先,,,,,
202,look,567,01｜最高頻,n.,外表,B 中高級核心,名詞,—,—,—,
203,last,565,01｜最高頻,,,A 基礎優先,,,,,
204,united,561,01｜最高頻,,,A 基礎優先,,,,,
205,think,557,01｜最高頻,v.,思考；認為,A 基礎必會,動詞,thought,thought,是,
206,round,556,01｜最高頻,,,A 基礎優先,,,,,
207,found,549,01｜最高頻,,,A 基礎優先,,,,,
208,blood,548,01｜最高頻,n.,血,A 基礎必會,名詞,—,—,—,
209,power,548,01｜最高頻,n.,力量；權力；電力,B 中高級核心,名詞,—,—,—,
210,too,548,01｜最高頻,adv.,也；太,B 中高級核心,副詞,—,—,—,
211,met,544,01｜最高頻,,,A 基礎優先,,,,,
212,might,536,01｜最高頻,功能字,可能,A 基礎必會,文法／連接／介系詞,—,—,—,
213,father,533,01｜最高頻,,,A 基礎優先,,,,,
214,kutuzov,530,01｜最高頻,,,A 基礎優先,,,,,
215,both,529,01｜最高頻,功能字,兩者都,A 基礎必會,文法／連接／介系詞,—,—,—,
216,usually,529,01｜最高頻,adv.,通常,B 中高級核心,副詞,—,—,—,
217,small,527,01｜最高頻,adj.,小的,B 中高級核心,形容詞,—,—,—,
218,give,523,01｜最高頻,v.,給予,A 基礎必會,動詞,gave,given,是,
219,side,511,01｜最高頻,n.,側面,B 中高級核心,名詞,—,—,—,
220,form,507,01｜最高頻,v./n.,形式；表格,B 中高級核心,動詞；名詞,formed,formed,否,
221,let,506,01｜最高頻,v.,讓,A 基礎必會,動詞,let,let,是,
222,make,504,01｜最高頻,v.,製作；使,A 基礎必會,動詞,made,made,是,
223,during,503,01｜最高頻,功能字,在…期間,A 基礎必會,文法／連接／介系詞,—,—,—,
224,quite,502,01｜最高頻,adv.,相當,B 中高級核心,副詞,—,—,—,
225,turned,502,01｜最高頻,,,A 基礎優先,,,,,
226,door,498,01｜最高頻,n.,門,A 基礎必會,名詞,—,—,—,
227,countess,497,01｜最高頻,,,A 基礎優先,,,,,
228,knew,496,01｜最高頻,,,A 基礎優先,,,,,
229,suddenly,496,01｜最高頻,,,A 基礎優先,,,,,
230,tell,492,01｜最高頻,v.,告訴,A 基礎必會,動詞,told,told,是,
231,told,490,01｜最高頻,,,A 基礎優先,,,,,
232,looking,489,01｜最高頻,,,A 基礎優先,,,,,
233,whom,489,01｜最高頻,,,A 基礎優先,,,,,
234,yet,488,01｜最高頻,adv.,尚未；然而,B 中高級核心,副詞,—,—,—,
235,already,487,01｜最高頻,adv.,已經,A 基礎必會,副詞,—,—,—,
236,moment,487,01｜最高頻,n.,片刻,B 中高級核心,名詞,—,—,—,
237,love,484,01｜最高頻,n.,愛,B 中高級核心,名詞,—,—,—,
238,large,483,01｜最高頻,,,A 基礎優先,,,,,
239,get,468,01｜最高頻,v.,得到；變得,A 基礎必會,動詞,got,got/gotten,是,
240,holmes,467,01｜最高頻,,,A 基礎優先,,,,,
241,end,465,01｜最高頻,,,A 基礎優先,,,,,
242,chapter,464,01｜最高頻,,,A 基礎優先,,,,,
243,treatment,464,01｜最高頻,n.,治療；待遇,B 中高級核心,名詞,—,—,—,
244,officer,463,01｜最高頻,n.,官員；警官,B 中高級核心,名詞,—,—,—,
245,voice,462,01｜最高頻,n.,聲音；發言權,B 中高級核心,名詞,—,—,—,
246,russian,461,01｜最高頻,,,A 基礎優先,,,,,
247,words,460,01｜最高頻,,,A 基礎優先,,,,,
248,few,458,01｜最高頻,功能字,少數,A 基礎必會,文法／連接／介系詞,—,—,—,
249,hands,455,01｜最高頻,,,A 基礎優先,,,,,
250,cases,453,01｜最高頻,,,A 基礎優先,,,,,
251,days,453,01｜最高頻,,,A 基礎優先,,,,,
252,among,451,01｜最高頻,功能字,在…之中,A 基礎必會,文法／連接／介系詞,—,—,—,
253,everything,451,01｜最高頻,,,A 基礎優先,,,,,
254,called,450,01｜最高頻,,,A 基礎優先,,,,,
255,dear,449,01｜最高頻,,,A 基礎優先,,,,,
256,sonya,447,01｜最高頻,,,A 基礎優先,,,,,
257,congress,445,01｜最高頻,,,A 基礎優先,,,,,
258,seen,444,01｜最高頻,,,A 基礎優先,,,,,
259,often,443,01｜最高頻,adv.,常常,B 中高級核心,副詞,—,—,—,
260,gave,442,01｜最高頻,,,A 基礎優先,,,,,
261,battle,440,01｜最高頻,,,A 基礎優先,,,,,
262,history,439,01｜最高頻,n.,歷史,B 中高級核心,名詞,—,—,—,
263,case,438,01｜最高頻,n.,情況；案件,A 基礎必會,名詞,—,—,—,
264,taken,438,01｜最高頻,,,A 基礎優先,,,,,
265,put,435,01｜最高頻,v.,放置,A 基礎必會,動詞,put,put,是,
266,denisov,432,01｜最高頻,,,A 基礎優先,,,,,
267,law,432,01｜最高頻,n.,法律,B 中高級核心,名詞,—,—,—,
268,position,432,01｜最高頻,n.,位置；職位；立場,B 中高級核心,名詞,—,—,—,
269,however,430,01｜最高頻,adv.,然而,A 基礎必會,副詞,—,—,—,
270,done,428,01｜最高頻,,,A 基礎優先,,,,,
271,ll,427,01｜最高頻,,,A 基礎優先,,,,,
272,smile,426,01｜最高頻,,,A 基礎優先,,,,,
273,sometimes,425,01｜最高頻,adv.,有時候,B 中高級核心,副詞,—,—,—,
274,country,423,01｜最高頻,,,A 基礎優先,,,,,
275,free,421,01｜最高頻,adj.,自由的；免費的,A 基礎必會,形容詞,—,—,—,
276,soon,421,01｜最高頻,adv.,很快；不久,B 中高級核心,副詞,—,—,—,
277,understand,412,01｜最高頻,v.,了解,A 基礎必會,動詞,understood,understood,是,
278,each,411,01｜最高頻,功能字,每一個,A 基礎必會,文法／連接／介系詞,—,—,—,
279,known,411,01｜最高頻,,,A 基礎優先,,,,,
280,soldiers,411,01｜最高頻,,,A 基礎優先,,,,,
281,oh,410,01｜最高頻,,,A 基礎優先,,,,,
282,others,410,01｜最高頻,,,A 基礎優先,,,,,
283,become,409,01｜最高頻,v.,變成,A 基礎必會,動詞,became,become,是,
284,far,408,01｜最高頻,adv.,遠地,A 基礎必會,副詞,—,—,—,
285,brought,406,01｜最高頻,,,A 基礎優先,,,,,
286,along,404,01｜最高頻,,,A 基礎優先,,,,,
287,order,404,01｜最高頻,n.,順序；訂單；命令,B 中高級核心,名詞,—,—,—,
288,especially,403,01｜最高頻,adv.,尤其,A 基礎必會,副詞,—,—,—,
289,sat,403,01｜最高頻,,,A 基礎優先,,,,,
290,behind,401,01｜最高頻,,,A 基礎優先,,,,,
291,women,390,01｜最高頻,,,A 基礎優先,,,,,
292,course,389,01｜最高頻,n.,課程；路線,A 基礎必會,名詞,—,—,—,
293,result,386,01｜最高頻,n.,結果,B 中高級核心,名詞,—,—,—,
294,night,385,01｜最高頻,n.,夜晚,B 中高級核心,名詞,—,—,—,
295,patient,383,01｜最高頻,n.,病人,B 中高級核心,名詞,—,—,—,
296,stood,383,01｜最高頻,,,A 基礎優先,,,,,
297,joint,382,01｜最高頻,,,A 基礎優先,,,,,
298,work,382,01｜最高頻,v.,工作；運作,A 基礎必會,動詞,worked,worked,否,
299,anything,379,01｜最高頻,,,A 基礎優先,,,,,
300,cause,376,01｜最高頻,v.,造成,A 基礎必會,動詞,caused,caused,否,
301,going,376,01｜最高頻,,,A 基礎優先,,,,,
302,evidently,374,01｜最高頻,,,A 基礎優先,,,,,
303,several,373,01｜最高頻,功能字,幾個,A 基礎必會,文法／連接／介系詞,—,—,—,
304,president,371,01｜最高頻,n.,總統；總裁,B 中高級核心,名詞,—,—,—,
305,less,367,01｜最高頻,,,A 基礎優先,,,,,
306,passed,367,01｜最高頻,,,A 基礎優先,,,,,
307,wife,367,01｜最高頻,n.,妻子,B 中高級核心,名詞,—,—,—,
308,infection,366,01｜最高頻,,,A 基礎優先,,,,,
309,matter,365,01｜最高頻,n.,事情；物質,B 中高級核心,名詞,—,—,—,
310,given,364,01｜最高頻,,,A 基礎優先,,,,,
311,god,363,01｜最高頻,,,A 基礎優先,,,,,
312,feeling,362,01｜最高頻,n.,感覺；情緒,A 基礎必會,名詞,—,—,—,
313,world,362,01｜最高頻,n.,世界,B 中高級核心,名詞,—,—,—,
314,certain,361,01｜最高頻,adj.,確定的,A 基礎必會,形容詞,—,—,—,
315,mr,360,01｜最高頻,,,A 基礎優先,,,,,
316,chief,359,01｜最高頻,,,A 基礎優先,,,,,
317,front,359,01｜最高頻,n.,前面,A 基礎必會,名詞,—,—,—,
318,does,358,01｜最高頻,,,A 基礎優先,,,,,
319,action,357,01｜最高頻,n.,行動；動作,A 基礎必會,名詞,—,—,—,
320,whether,357,01｜最高頻,功能字,是否,A 基礎必會,文法／連接／介系詞,—,—,—,
321,white,353,01｜最高頻,adj.,白色的,B 中高級核心,形容詞,—,—,—,
322,question,348,01｜最高頻,n.,問題,B 中高級核心,名詞,—,—,—,
323,movement,347,01｜最高頻,,,A 基礎優先,,,,,
324,condition,346,01｜最高頻,n.,狀況；條件,A 基礎必會,名詞,—,—,—,
325,son,343,01｜最高頻,,,A 基礎優先,,,,,
326,herself,341,01｜最高頻,,,A 基礎優先,,,,,
327,mind,341,01｜最高頻,n.,心智,B 中高級核心,名詞,—,—,—,
328,possible,339,01｜最高頻,adj.,可能的,B 中高級核心,形容詞,—,—,—,
329,alone,337,01｜最高頻,adv.,獨自地,A 基礎必會,副詞,—,—,—,
330,body,337,01｜最高頻,n.,身體；主體,A 基礎必會,名詞,—,—,—,
331,morning,337,01｜最高頻,n.,早上,B 中高級核心,名詞,—,—,—,
332,horse,334,01｜最高頻,,,A 基礎優先,,,,,
333,later,334,01｜最高頻,adv.,之後,B 中高級核心,副詞,—,—,—,
334,toward,331,01｜最高頻,功能字,朝向,A 基礎必會,文法／連接／介系詞,—,—,—,
335,death,330,01｜最高頻,n.,死亡,A 基礎必會,名詞,—,—,—,
336,dolokhov,329,01｜最高頻,,,A 基礎優先,,,,,
337,followed,329,01｜最高頻,,,A 基礎優先,,,,,
338,present,329,01｜最高頻,,,A 基礎優先,,,,,
339,labor,328,01｜最高頻,,,A 基礎優先,,,,,
340,necessary,327,01｜最高頻,adj.,必要的,B 中高級核心,形容詞,—,—,—,
341,money,326,01｜最高頻,n.,錢,B 中高級核心,名詞,—,—,—,
342,almost,325,01｜最高頻,adv.,幾乎,A 基礎必會,副詞,—,—,—,
343,open,325,01｜最高頻,v./adj.,開著的,A 基礎必會,動詞；形容詞,opened,opened,否,
344,set,325,01｜最高頻,v.,設置,A 基礎必會,動詞,set,set,是,
345,until,325,01｜最高頻,功能字,直到,A 基礎必會,文法／連接／介系詞,—,—,—,
346,woman,325,01｜最高頻,n.,女人,B 中高級核心,名詞,—,—,—,
347,nerve,324,01｜最高頻,,,A 基礎優先,,,,,
348,want,323,01｜最高頻,v.,想要,A 基礎必會,動詞,wanted,wanted,否,
349,ran,322,01｜最高頻,,,A 基礎優先,,,,,
350,act,321,01｜最高頻,v.,行動；表演,A 基礎必會,動詞,acted,acted,否,
351,expression,321,01｜最高頻,n.,表達；表情,A 基礎必會,名詞,—,—,—,
352,things,321,01｜最高頻,,,A 基礎優先,,,,,
353,fig,320,01｜最高頻,,,A 基礎優先,,,,,
354,replied,320,01｜最高頻,,,A 基礎優先,,,,,
355,use,320,01｜最高頻,v.,使用,A 基礎必會,動詞,used,used,否,
356,sent,319,01｜最高頻,,,A 基礎優先,,,,,
357,troops,319,01｜最高頻,,,A 基礎優先,,,,,
358,half,318,01｜最高頻,n.,一半,B 中高級核心,名詞,—,—,—,
359,south,318,01｜最高頻,,,A 基礎優先,,,,,
360,business,316,01｜最高頻,n.,生意；企業,A 基礎必會,名詞,—,—,—,
361,officers,316,01｜最高頻,,,A 基礎優先,,,,,
362,became,314,01｜最高頻,,,A 基礎優先,,,,,
363,within,313,01｜最高頻,功能字,在…之內,A 基礎必會,文法／連接／介系詞,—,—,—,
364,mother,312,01｜最高頻,n.,母親,B 中高級核心,名詞,—,—,—,
365,england,311,01｜最高頻,,,A 基礎優先,,,,,
366,commander,310,01｜最高頻,,,A 基礎優先,,,,,
367,year,309,01｜最高頻,n.,年,B 中高級核心,名詞,—,—,—,
368,pp,308,01｜最高頻,,,A 基礎優先,,,,,
369,taking,304,01｜最高頻,,,A 基礎優先,,,,,
370,themselves,304,01｜最高頻,,,A 基礎優先,,,,,
371,wound,304,01｜最高頻,,,A 基礎優先,,,,,
372,pain,303,01｜最高頻,n.,疼痛,B 中高級核心,名詞,—,—,—,
373,thing,303,01｜最高頻,n.,事情；物品,B 中高級核心,名詞,—,—,—,
374,number,301,01｜最高頻,n.,數字,B 中高級核心,名詞,—,—,—,
375,leave,300,01｜最高頻,v.,離開；留下,A 基礎必會,動詞,left,left,是,
376,america,299,01｜最高頻,,,A 基礎優先,,,,,
377,above,298,01｜最高頻,功能字,在…上方,A 基礎必會,文法／連接／介系詞,—,—,—,
378,added,298,01｜最高頻,,,A 基礎優先,,,,,
379,party,298,01｜最高頻,n.,派對；政黨,B 中高級核心,名詞,—,—,—,
380,word,298,01｜最高頻,n.,單字,B 中高級核心,名詞,—,—,—,
381,parts,296,01｜最高頻,,,A 基礎優先,,,,,
382,table,296,01｜最高頻,n.,桌子；表格,B 中高級核心,名詞,—,—,—,
383,home,295,01｜最高頻,n.,家,B 中高級核心,名詞,—,—,—,
384,lay,295,01｜最高頻,,,A 基礎優先,,,,,
385,anna,294,01｜最高頻,,,A 基礎優先,,,,,
386,find,294,01｜最高頻,v.,找到；發現,A 基礎必會,動詞,found,found,是,
387,boris,293,01｜最高頻,,,A 基礎優先,,,,,
388,either,293,01｜最高頻,功能字,兩者之一,A 基礎必會,文法／連接／介系詞,—,—,—,
389,near,293,01｜最高頻,,,A 基礎優先,,,,,
390,tissues,293,01｜最高頻,,,A 基礎優先,,,,,
391,constitution,292,01｜最高頻,,,A 基礎優先,,,,,
392,enemy,292,01｜最高頻,,,A 基礎優先,,,,,
393,continued,291,01｜最高頻,,,A 基礎優先,,,,,
394,fact,291,01｜最高頻,n.,事實,A 基礎必會,名詞,—,—,—,
395,high,290,01｜最高頻,adj.,高的,B 中高級核心,形容詞,—,—,—,
396,letter,290,01｜最高頻,n.,信；字母,B 中高級核心,名詞,—,—,—,
397,four,289,01｜最高頻,,,A 基礎優先,,,,,
398,project,288,01｜最高頻,n.,專案,B 中高級核心,名詞,—,—,—,
399,public,288,01｜最高頻,adj.,公共的,B 中高級核心,形容詞,—,—,—,
400,red,288,01｜最高頻,,,A 基礎優先,,,,,
401,common,287,01｜最高頻,adj.,常見的,A 基礎必會,形容詞,—,—,—,
402,held,287,01｜最高頻,,,A 基礎優先,,,,,
403,talk,287,01｜最高頻,v.,談話,A 基礎必會,動詞,talked,talked,否,
404,example,286,01｜最高頻,n.,例子,A 基礎必會,名詞,—,—,—,
405,west,286,01｜最高頻,,,A 基礎優先,,,,,
406,illustration,285,01｜最高頻,,,A 基礎優先,,,,,
407,important,285,01｜最高頻,adj.,重要的,B 中高級核心,形容詞,—,—,—,
408,national,285,01｜最高頻,adj.,國家的,B 中高級核心,形容詞,—,—,—,
409,cried,283,01｜最高頻,,,A 基礎優先,,,,,
410,friend,283,01｜最高頻,n.,朋友,A 基礎必會,名詞,—,—,—,
411,carried,282,01｜最高頻,,,A 基礎優先,,,,,
412,entered,282,01｜最高頻,,,A 基礎優先,,,,,
413,got,280,01｜最高頻,,,A 基礎優先,,,,,
414,nor,280,01｜最高頻,,,A 基礎優先,,,,,
415,received,280,01｜最高頻,,,A 基礎優先,,,,,
416,second,280,01｜最高頻,,,A 基礎優先,,,,,
417,five,279,01｜最高頻,,,A 基礎優先,,,,,
418,land,279,01｜最高頻,,,A 基礎優先,,,,,
419,surface,279,01｜最高頻,n.,表面,B 中高級核心,名詞,—,—,—,
420,light,278,01｜最高頻,n.,光,B 中高級核心,名詞,—,—,—,
421,cannot,277,01｜最高頻,,,A 基礎優先,,,,,
422,next,277,01｜最高頻,,,A 基礎優先,,,,,
423,used,276,01｜最高頻,,,A 基礎優先,,,,,
424,glands,275,01｜最高頻,,,A 基礎優先,,,,,
425,different,274,01｜最高頻,adj.,不同的,A 基礎必會,形容詞,—,—,—,
426,ever,274,01｜最高頻,adv.,曾經,A 基礎必會,副詞,—,—,—,
427,fire,274,01｜最高頻,n.,火,A 基礎必會,名詞,—,—,—,
428,itself,273,01｜最高頻,,,A 基礎優先,,,,,
429,union,273,01｜最高頻,,,A 基礎優先,,,,,
430,really,272,01｜最高頻,adv.,真的；非常,B 中高級核心,副詞,—,—,—,
431,twenty,272,01｜最高頻,,,A 基礎優先,,,,,
432,around,271,01｜最高頻,adv.,在周圍；大約,A 基礎必會,副詞,—,—,—,
433,early,270,01｜最高頻,adv.,提早,A 基礎必會,副詞,—,—,—,
434,saying,270,01｜最高頻,,,A 基礎優先,,,,,
435,sitting,269,01｜最高頻,,,A 基礎優先,,,,,
436,best,268,01｜最高頻,adj.,最好的,A 基礎必會,形容詞,—,—,—,
437,petya,268,01｜最高頻,,,A 基礎優先,,,,,
438,full,267,01｜最高頻,adj.,滿的；完整的,A 基礎必會,形容詞,—,—,—,
439,better,266,01｜最高頻,adj.,更好的,A 基礎必會,形容詞,—,—,—,
440,british,265,01｜最高頻,,,A 基礎優先,,,,,
441,evening,265,01｜最高頻,,,A 基礎優先,,,,,
442,gutenberg,263,01｜最高頻,,,A 基礎優先,,,,,
443,arm,262,01｜最高頻,n.,手臂,A 基礎必會,名詞,—,—,—,
444,bones,262,01｜最高頻,,,A 基礎優先,,,,,
445,horses,262,01｜最高頻,,,A 基礎優先,,,,,
446,name,262,01｜最高頻,n.,名字,B 中高級核心,名詞,—,—,—,
447,political,260,01｜最高頻,adj.,政治的,B 中高級核心,形容詞,—,—,—,
448,road,260,01｜最高頻,n.,道路,B 中高級核心,名詞,—,—,—,
449,since,260,01｜最高頻,功能字,自從；因為,A 基礎必會,文法／連接／介系詞,—,—,—,
450,together,260,01｜最高頻,adv.,一起,B 中高級核心,副詞,—,—,—,
451,thousand,259,01｜最高頻,,,A 基礎優先,,,,,
452,cold,257,01｜最高頻,n./adj.,感冒,A 基礎必會,名詞；形容詞,—,—,—,
453,o,257,01｜最高頻,,,A 基礎優先,,,,,
454,heart,256,01｜最高頻,n.,心臟；內心,B 中高級核心,名詞,—,—,—,
455,forms,255,01｜最高頻,,,A 基礎優先,,,,,
456,speak,255,01｜最高頻,v.,說話,A 基礎必會,動詞,spoke,spoken,是,
457,shouted,254,01｜最高頻,,,A 基礎優先,,,,,
458,means,253,01｜最高頻,,,A 基礎優先,,,,,
459,ask,251,01｜最高頻,v.,詢問；要求,A 基礎必會,動詞,asked,asked,否,
460,kept,251,01｜最高頻,,,A 基礎優先,,,,,
461,impossible,250,01｜最高頻,adj.,不可能的,B 中高級核心,形容詞,—,—,—,
462,arms,249,01｜最高頻,,,A 基礎優先,,,,,
463,due,249,01｜最高頻,,,A 基礎優先,,,,,
464,vessels,249,01｜最高頻,,,A 基礎優先,,,,,
465,line,248,01｜最高頻,n.,線；排隊,B 中高級核心,名詞,—,—,—,
466,moved,248,01｜最高頻,,,A 基礎優先,,,,,
467,petersburg,247,01｜最高頻,,,A 基礎優先,,,,,
468,becomes,245,01｜最高頻,,,A 基礎優先,,,,,
469,rose,243,01｜最高頻,,,A 基礎優先,,,,,
470,vasili,243,01｜最高頻,,,A 基礎優先,,,,,
471,wish,243,01｜最高頻,n.,願望,B 中高級核心,名詞,—,—,—,
472,conditions,242,01｜最高頻,,,A 基礎優先,,,,,
473,system,241,01｜最高頻,n.,系統,B 中高級核心,名詞,—,—,—,
474,tuberculous,241,01｜最高頻,,,A 基礎優先,,,,,
475,drawing,240,01｜最高頻,,,A 基礎優先,,,,,
476,gone,240,01｜最高頻,,,A 基礎優先,,,,,
477,rise,240,01｜最高頻,v.,上升,A 基礎必會,動詞,rose,risen,是,
478,force,239,01｜最高頻,v./n.,迫使,B 中高級核心,動詞；名詞,forced,forced,否,
479,third,239,01｜最高頻,,,A 基礎優先,,,,,
480,king,238,01｜最高頻,,,A 基礎優先,,,,,
481,de,237,01｜最高頻,,,A 基礎優先,,,,,
482,everyone,236,01｜最高頻,,,A 基礎優先,,,,,
483,short,236,01｜最高頻,adj.,短的,B 中高級核心,形容詞,—,—,—,
484,times,236,01｜最高頻,,,A 基礎優先,,,,,
485,black,235,01｜最高頻,adj.,黑色的,A 基礎必會,形容詞,—,—,—,
486,formed,235,01｜最高頻,,,A 基礎優先,,,,,
487,pressure,235,01｜最高頻,n.,壓力,B 中高級核心,名詞,—,—,—,
488,hair,234,01｜最高頻,n.,頭髮,B 中高級核心,名詞,—,—,—,
489,clear,233,01｜最高頻,adj.,清楚的,A 基礎必會,形容詞,—,—,—,
490,fellow,233,01｜最高頻,,,A 基礎優先,,,,,
491,laws,233,01｜最高頻,,,A 基礎優先,,,,,
492,longer,232,01｜最高頻,,,A 基礎優先,,,,,
493,children,231,01｜最高頻,,,A 基礎優先,,,,,
494,remained,231,01｜最高頻,,,A 基礎優先,,,,,
495,help,230,01｜最高頻,v.,幫助,A 基礎必會,動詞,helped,helped,否,
496,ready,230,01｜最高頻,adj.,準備好的,B 中高級核心,形容詞,—,—,—,
497,regiment,230,01｜最高頻,,,A 基礎優先,,,,,
498,forward,229,01｜最高頻,adv.,向前,A 基礎必會,副詞,—,—,—,
499,hundred,229,01｜最高頻,,,A 基礎優先,,,,,
500,results,229,01｜最高頻,,,A 基礎優先,,,,,
501,air,228,01｜最高頻,n.,空氣,A 基礎必會,名詞,—,—,—,
502,military,228,01｜最高頻,,,A 基礎優先,,,,,
503,myself,227,01｜最高頻,,,A 基礎優先,,,,,
504,north,227,01｜最高頻,,,A 基礎優先,,,,,
505,peace,227,01｜最高頻,n.,和平,B 中高級核心,名詞,—,—,—,
506,rode,227,01｜最高頻,,,A 基礎優先,,,,,
507,wounded,227,01｜最高頻,,,A 基礎優先,,,,,
508,answered,226,01｜最高頻,,,A 基礎優先,,,,,
509,beyond,225,01｜最高頻,功能字,超過；在…之外,A 基礎必會,文法／連接／介系詞,—,—,—,
510,crowd,225,01｜最高頻,n.,人群,A 基礎必會,名詞,—,—,—,
511,growth,225,01｜最高頻,n.,成長；增長,B 中高級核心,名詞,—,—,—,
512,tried,225,01｜最高頻,,,A 基礎優先,,,,,
513,lost,224,01｜最高頻,,,A 基礎優先,,,,,
514,news,224,01｜最高頻,n.,新聞,B 中高級核心,名詞,—,—,—,
515,anyone,223,01｜最高頻,,,A 基礎優先,,,,,
516,orders,223,01｜最高頻,,,A 基礎優先,,,,,
517,past,223,01｜最高頻,,,A 基礎優先,,,,,
518,point,223,01｜最高頻,n.,點；觀點,B 中高級核心,名詞,—,—,—,
519,service,223,01｜最高頻,n.,服務,B 中高級核心,名詞,—,—,—,
520,tumour,223,01｜最高頻,,,A 基礎優先,,,,,
521,across,222,01｜最高頻,功能字,穿過,A 基礎必會,文法／連接／介系詞,—,—,—,
522,ah,222,01｜最高頻,,,A 基礎優先,,,,,
523,anatole,222,01｜最高頻,,,A 基礎優先,,,,,
524,interest,222,01｜最高頻,n.,興趣；利息,B 中高級核心,名詞,—,—,—,
525,understood,222,01｜最高頻,,,A 基礎優先,,,,,
526,bed,221,01｜最高頻,n.,床,A 基礎必會,名詞,—,—,—,
527,reached,220,01｜最高頻,,,A 基礎優先,,,,,
528,strange,220,01｜最高頻,,,A 基礎優先,,,,,
529,close,219,01｜最高頻,,,A 基礎優先,,,,,
530,process,219,01｜最高頻,n.,過程,B 中高級核心,名詞,—,—,—,
531,rather,219,01｜最高頻,,,A 基礎優先,,,,,
532,read,219,01｜最高頻,v.,閱讀,A 基礎必會,動詞,read,read,是,
533,sound,219,01｜最高頻,n.,聲音,B 中高級核心,名詞,—,—,—,
534,ten,219,01｜最高頻,,,A 基礎優先,,,,,
535,beside,218,01｜最高頻,功能字,在…旁邊,A 基礎必會,文法／連接／介系詞,—,—,—,
536,frequently,218,01｜最高頻,adv.,頻繁地,A 基礎必會,副詞,—,—,—,
537,happy,218,01｜最高頻,adj.,快樂的,B 中高級核心,形容詞,—,—,—,
538,opinion,218,01｜最高頻,n.,意見,B 中高級核心,名詞,—,—,—,
539,self,218,01｜最高頻,,,A 基礎優先,,,,,
540,spoke,218,01｜最高頻,,,A 基礎優先,,,,,
541,standing,218,01｜最高頻,,,A 基礎優先,,,,,
542,coming,217,01｜最高頻,,,A 基礎優先,,,,,
543,limb,217,01｜最高頻,,,A 基礎優先,,,,,
544,making,217,01｜最高頻,,,A 基礎優先,,,,,
545,opened,217,01｜最高頻,,,A 基礎優先,,,,,
546,presence,217,01｜最高頻,,,A 基礎優先,,,,,
547,trade,217,01｜最高頻,n.,貿易；交易,B 中高級核心,名詞,—,—,—,
548,till,216,01｜最高頻,,,A 基礎優先,,,,,
549,deep,215,01｜最高頻,adj.,深的,A 基礎必會,形容詞,—,—,—,
550,formation,215,01｜最高頻,,,A 基礎優先,,,,,
551,soldier,215,01｜最高頻,,,A 基礎優先,,,,,
552,affairs,214,01｜最高頻,,,A 基礎優先,,,,,
553,aneurysm,214,01｜最高頻,,,A 基礎優先,,,,,
554,operation,214,01｜最高頻,n.,操作；營運；手術,B 中高級核心,名詞,—,—,—,
555,show,213,01｜最高頻,v.,展示,A 基礎必會,動詞,showed,shown/showed,是,
556,wanted,213,01｜最高頻,,,A 基礎優先,,,,,
557,field,212,01｜最高頻,n.,田野；領域；場地,A 基礎必會,名詞,—,—,—,
558,raised,212,01｜最高頻,,,A 基礎優先,,,,,
559,thus,212,01｜最高頻,,,A 基礎優先,,,,,
560,english,211,01｜最高頻,,,A 基礎優先,,,,,
561,slavery,211,01｜最高頻,,,A 基礎優先,,,,,
562,family,210,01｜最高頻,n.,家庭,A 基礎必會,名詞,—,—,—,
563,repeated,210,01｜最高頻,,,A 基礎優先,,,,,
564,stopped,210,01｜最高頻,,,A 基礎優先,,,,,
565,rest,209,01｜最高頻,n.,休息；其餘,B 中高級核心,名詞,—,—,—,
566,wished,209,01｜最高頻,,,A 基礎優先,,,,,
567,following,208,01｜最高頻,,,A 基礎優先,,,,,
568,happened,208,01｜最高頻,,,A 基礎優先,,,,,
569,perhaps,208,01｜最高頻,adv.,也許,B 中高級核心,副詞,—,—,—,
570,turning,208,01｜最高頻,,,A 基礎優先,,,,,
571,colonies,207,01｜最高頻,,,A 基礎優先,,,,,
572,seeing,207,01｜最高頻,,,A 基礎優先,,,,,
573,applied,206,01｜最高頻,,,A 基礎優先,,,,,
574,answer,205,01｜最高頻,,,A 基礎優先,,,,,
575,true,205,01｜最高頻,adj.,真的,B 中高級核心,形容詞,—,—,—,
576,muscles,204,01｜最高頻,,,A 基礎優先,,,,,
577,affected,203,01｜最高頻,,,A 基礎優先,,,,,
578,events,203,01｜最高頻,,,A 基礎優先,,,,,
579,neck,203,01｜最高頻,,,A 基礎優先,,,,,
580,occur,203,01｜最高頻,v.,發生,B 中高級核心,動詞,occured,occured,否,
581,period,203,01｜最高頻,n.,期間；句點,B 中高級核心,名詞,—,—,—,
582,talking,203,01｜最高頻,,,A 基礎優先,,,,,
583,kind,202,01｜最高頻,n.,種類,B 中高級核心,名詞,—,—,—,
584,revolution,202,01｜最高頻,,,A 基礎優先,,,,,
585,able,201,01｜最高頻,adj.,能夠的,A 基礎必會,形容詞,—,—,—,
586,else,201,01｜最高頻,,,A 基礎優先,,,,,
587,won,201,01｜最高頻,,,A 基礎優先,,,,,
588,foot,200,01｜最高頻,n.,腳；英尺,A 基礎必會,名詞,—,—,—,
589,cut,199,01｜最高頻,v.,切,A 基礎必會,動詞,cut,cut,是,
590,appeared,197,01｜最高頻,,,A 基礎優先,,,,,
591,call,197,01｜最高頻,v.,打電話；稱呼,A 基礎必會,動詞,called,called,否,
592,rapidly,197,01｜最高頻,,,A 基礎優先,,,,,
593,associated,196,01｜最高頻,,,A 基礎優先,,,,,
594,german,196,01｜最高頻,,,A 基礎優先,,,,,
595,husband,196,01｜最高頻,n.,丈夫,B 中高級核心,名詞,—,—,—,
596,led,196,01｜最高頻,,,A 基礎優先,,,,,
597,lower,196,01｜最高頻,,,A 基礎優先,,,,,
598,southern,196,01｜最高頻,,,A 基礎優先,,,,,
599,abscess,195,01｜最高頻,,,A 基礎優先,,,,,
600,terrible,195,01｜最高頻,,,A 基礎優先,,,,,
601,york,195,01｜最高頻,,,A 基礎優先,,,,,
602,least,194,01｜最高頻,,,A 基礎優先,,,,,
603,lymph,194,01｜最高頻,,,A 基礎優先,,,,,
604,returned,194,01｜最高頻,,,A 基礎優先,,,,,
605,russia,193,01｜最高頻,,,A 基礎優先,,,,,
606,spread,193,01｜最高頻,v.,傳播,B 中高級核心,動詞,spread,spread,是,
607,company,192,01｜最高頻,n.,公司,A 基礎必會,名詞,—,—,—,
608,local,192,01｜最高頻,adj.,當地的,B 中高級核心,形容詞,—,—,—,
609,middle,192,01｜最高頻,n.,中間,B 中高級核心,名詞,—,—,—,
610,attention,191,01｜最高頻,n.,注意,A 基礎必會,名詞,—,—,—,
611,features,191,01｜最高頻,,,A 基礎優先,,,,,
612,noticed,191,01｜最高頻,,,A 基礎優先,,,,,
613,reason,191,01｜最高頻,n.,原因；理由,B 中高級核心,名詞,—,—,—,
614,campaign,190,01｜最高頻,n.,活動；競選,A 基礎必會,名詞,—,—,—,
615,ff,190,01｜最高頻,,,A 基礎優先,,,,,
616,return,190,01｜最高頻,v.,返回；歸還,A 基礎必會,動詞,returned,returned,否,
617,wall,190,01｜最高頻,n.,牆,B 中高級核心,名詞,—,—,—,
618,merely,189,01｜最高頻,,,A 基礎優先,,,,,
619,re,189,01｜最高頻,,,A 基礎優先,,,,,
620,tumours,189,01｜最高頻,,,A 基礎優先,,,,,
621,silent,188,01｜最高頻,,,A 基礎優先,,,,,
622,steps,188,01｜最高頻,,,A 基礎優先,,,,,
623,turn,188,01｜最高頻,,,A 基礎優先,,,,,
624,whose,188,01｜最高頻,功能字,誰的,A 基礎必會,文法／連接／介系詞,—,—,—,
625,effect,187,01｜最高頻,n.,效果；影響,A 基礎必會,名詞,—,—,—,
626,water,187,01｜最高頻,n.,水,B 中高級核心,名詞,—,—,—,
627,giving,186,01｜最高頻,,,A 基礎優先,,,,,
628,laid,186,01｜最高頻,,,A 基礎優先,,,,,
629,therefore,186,01｜最高頻,,,A 基礎優先,,,,,
630,window,186,01｜最高頻,n.,窗戶,B 中高級核心,名詞,—,—,—,
631,wounds,186,01｜最高頻,,,A 基礎優先,,,,,
632,federal,185,01｜最高頻,,,A 基礎優先,,,,,
633,person,185,01｜最高頻,n.,人,B 中高級核心,名詞,—,—,—,
634,soft,185,01｜最高頻,,,A 基礎優先,,,,,
635,speaking,185,01｜最高頻,,,A 基礎優先,,,,,
636,subject,185,01｜最高頻,n.,科目；主題,B 中高級核心,名詞,—,—,—,
637,dinner,184,01｜最高頻,n.,晚餐,A 基礎必會,名詞,—,—,—,
638,size,184,01｜最高頻,,,A 基礎優先,,,,,
639,believe,183,01｜最高頻,v.,相信,A 基礎必會,動詞,believed,believed,否,
640,daughter,183,01｜最高頻,n.,女兒,A 基礎必會,名詞,—,—,—,
641,doctor,183,01｜最高頻,n.,醫生,A 基礎必會,名詞,—,—,—,
642,hear,183,01｜最高頻,v.,聽見,A 基礎必會,動詞,heard,heard,是,
643,honor,183,01｜最高頻,,,A 基礎優先,,,,,
644,strength,183,01｜最高頻,,,A 基礎優先,,,,,
645,waiting,183,01｜最高頻,,,A 基礎優先,,,,,
646,colonial,182,01｜最高頻,,,A 基礎優先,,,,,
647,immediately,182,01｜最高頻,adv.,立即地,A 基礎必會,副詞,—,—,—,
648,placed,182,01｜最高頻,,,A 基礎優先,,,,,
649,quickly,182,01｜最高頻,adv.,快速地,B 中高級核心,副詞,—,—,—,
650,conversation,181,01｜最高頻,n.,對話,A 基礎必會,名詞,—,—,—,
651,dark,181,01｜最高頻,adj.,黑暗的,A 基礎必會,形容詞,—,—,—,
652,questions,181,01｜最高頻,,,A 基礎優先,,,,,
653,trying,181,01｜最高頻,,,A 基礎優先,,,,,
654,city,180,01｜最高頻,n.,城市,A 基礎必會,名詞,—,—,—,
655,d,180,01｜最高頻,,,A 基礎優先,,,,,
656,hard,180,01｜最高頻,adj./adv.,困難的；硬的,B 中高級核心,形容詞；副詞,—,—,—,
657,street,180,01｜最高頻,n.,街道,B 中高級核心,名詞,—,—,—,
658,feet,179,01｜最高頻,,,A 基礎優先,,,,,
659,measures,179,01｜最高頻,,,A 基礎優先,,,,,
660,view,179,01｜最高頻,n.,觀點；景色,B 中高級核心,名詞,—,—,—,
661,bolkonski,178,01｜最高頻,,,A 基礎優先,,,,,
662,doing,178,01｜最高頻,,,A 基礎優先,,,,,
663,removed,178,01｜最高頻,,,A 基礎優先,,,,,
664,usual,178,01｜最高頻,adj.,平常的,B 中高級核心,形容詞,—,—,—,
665,account,177,01｜最高頻,n.,帳戶；帳目,A 基礎必會,名詞,—,—,—,
666,brother,177,01｜最高頻,n.,兄弟,A 基礎必會,名詞,—,—,—,
667,civil,177,01｜最高頻,adj.,公民的；民事的,A 基礎必會,形容詞,—,—,—,
668,fell,177,01｜最高頻,,,A 基礎優先,,,,,
669,foreign,177,01｜最高頻,adj.,外國的,A 基礎必會,形容詞,—,—,—,
670,former,177,01｜最高頻,,,A 基礎優先,,,,,
671,lady,177,01｜最高頻,,,A 基礎優先,,,,,
672,paper,177,01｜最高頻,n.,紙；論文,B 中高級核心,名詞,—,—,—,
673,sir,177,01｜最高頻,,,A 基礎優先,,,,,
674,child,176,01｜最高頻,n.,小孩,A 基礎必會,名詞,—,—,—,
675,forces,176,01｜最高頻,,,A 基礎優先,,,,,
676,glanced,176,01｜最高頻,,,A 基礎優先,,,,,
677,nearly,176,01｜最高頻,adv.,幾乎,B 中高級核心,副詞,—,—,—,
678,republican,176,01｜最高頻,,,A 基礎優先,,,,,
679,six,176,01｜最高頻,,,A 基礎優先,,,,,
680,enough,175,01｜最高頻,,,A 基礎優先,,,,,
681,fine,175,01｜最高頻,adj.,好的；細的,A 基礎必會,形容詞,—,—,—,
682,character,174,01｜最高頻,n.,角色；性格,A 基礎必會,名詞,—,—,—,
683,closed,174,01｜最高頻,,,A 基礎優先,,,,,
684,particularly,174,01｜最高頻,adv.,尤其；特別,B 中高級核心,副詞,—,—,—,
685,town,174,01｜最高頻,n.,城鎮,B 中高級核心,名詞,—,—,—,
686,afraid,173,01｜最高頻,adj.,害怕的,A 基礎必會,形容詞,—,—,—,
687,considerable,173,01｜最高頻,,,A 基礎優先,,,,,
688,court,173,01｜最高頻,n.,法院；球場,A 基礎必會,名詞,—,—,—,
689,hardly,173,01｜最高頻,adv.,幾乎不,A 基礎必會,副詞,—,—,—,
690,severe,173,01｜最高頻,,,A 基礎優先,,,,,
691,single,173,01｜最高頻,adj.,單一的；單身的,B 中高級核心,形容詞,—,—,—,
692,coat,172,01｜最高頻,,,A 基礎優先,,,,,
693,freedom,172,01｜最高頻,n.,自由,A 基礎必會,名詞,—,—,—,
694,please,172,01｜最高頻,,,A 基礎優先,,,,,
695,sides,172,01｜最高頻,,,A 基礎優先,,,,,
696,tears,172,01｜最高頻,,,A 基礎優先,,,,,
697,joints,171,01｜最高頻,,,A 基礎優先,,,,,
698,knee,171,01｜最高頻,,,A 基礎優先,,,,,
699,symptoms,171,01｜最高頻,,,A 基礎優先,,,,,
700,cancer,170,01｜最高頻,,,A 基礎優先,,,,,
701,france,170,01｜最高頻,,,A 基礎優先,,,,,
702,ground,170,01｜最高頻,n.,地面；理由,B 中高級核心,名詞,—,—,—,
703,human,170,01｜最高頻,adj.,人類的,B 中高級核心,形容詞,—,—,—,
704,m,170,01｜最高頻,,,A 基礎優先,,,,,
705,meet,170,01｜最高頻,v.,遇見；會面,A 基礎必會,動詞,met,met,是,
706,nature,170,01｜最高頻,n.,自然；本質,B 中高級核心,名詞,—,—,—,
707,seat,170,01｜最高頻,n.,座位,B 中高級核心,名詞,—,—,—,
708,syphilis,170,01｜最高頻,,,A 基礎優先,,,,,
709,acute,169,01｜最高頻,,,A 基礎優先,,,,,
710,boy,169,01｜最高頻,n.,男孩,A 基礎必會,名詞,—,—,—,
711,covered,169,01｜最高頻,,,A 基礎優先,,,,,
712,gangrene,169,01｜最高頻,,,A 基礎優先,,,,,
713,nation,169,01｜最高頻,n.,國家；民族,B 中高級核心,名詞,—,—,—,
714,remarked,169,01｜最高頻,,,A 基礎優先,,,,,
715,society,169,01｜最高頻,n.,社會,B 中高級核心,名詞,—,—,—,
716,although,168,01｜最高頻,功能字,雖然,A 基礎必會,文法／連接／介系詞,—,—,—,
717,artery,168,01｜最高頻,,,A 基礎優先,,,,,
718,changes,168,01｜最高頻,,,A 基礎優先,,,,,
719,neither,168,01｜最高頻,功能字,兩者皆不,A 基礎必會,文法／連接／介系詞,—,—,—,
720,rights,168,01｜最高頻,,,A 基礎優先,,,,,
721,soul,168,01｜最高頻,,,A 基礎優先,,,,,
722,strong,168,01｜最高頻,adj.,強壯的；強烈的,B 中高級核心,形容詞,—,—,—,
723,spirit,167,01｜最高頻,,,A 基礎優先,,,,,
724,swelling,167,01｜最高頻,,,A 基礎優先,,,,,
725,adjutant,166,01｜最高頻,,,A 基礎優先,,,,,
726,fear,166,01｜最高頻,n.,恐懼,A 基礎必會,名詞,—,—,—,
727,girl,166,01｜最高頻,,,A 基礎優先,,,,,
728,grew,166,01｜最高頻,,,A 基礎優先,,,,,
729,hours,166,01｜最高頻,,,A 基礎優先,,,,,
730,reply,166,01｜最高頻,v./n.,回覆,B 中高級核心,動詞；名詞,replied,replied,否,
731,thin,166,01｜最高頻,,,A 基礎優先,,,,,
732,tone,166,01｜最高頻,,,A 基礎優先,,,,,
733,washington,166,01｜最高頻,,,A 基礎優先,,,,,
734,bring,165,01｜最高頻,v.,帶來,A 基礎必會,動詞,brought,brought,是,
735,helene,165,01｜最高頻,,,A 基礎優先,,,,,
736,late,165,01｜最高頻,,,A 基礎優先,,,,,
737,pale,165,01｜最高頻,,,A 基礎優先,,,,,
738,according,164,01｜最高頻,,,A 基礎優先,,,,,
739,considered,164,01｜最高頻,,,A 基礎優先,,,,,
740,dead,164,01｜最高頻,adj.,死的,A 基礎必會,形容詞,—,—,—,
741,except,164,01｜最高頻,,,A 基礎優先,,,,,
742,mouth,164,01｜最高頻,n.,嘴,B 中高級核心,名詞,—,—,—,
743,area,163,01｜最高頻,n.,區域；領域,A 基礎必會,名詞,—,—,—,
744,faces,162,01｜最高頻,,,A 基礎優先,,,,,
745,yourself,162,01｜最高頻,,,A 基礎優先,,,,,
746,feel,161,01｜最高頻,v.,感覺,A 基礎必會,動詞,felt,felt,是,
747,remember,161,01｜最高頻,v.,記得,A 基礎必會,動詞,remembered,remembered,否,
748,smiling,161,01｜最高頻,,,A 基礎優先,,,,,
749,clinical,160,01｜最高頻,,,A 基礎優先,,,,,
750,fresh,160,01｜最高頻,adj.,新鮮的,A 基礎必會,形容詞,—,—,—,
751,need,160,01｜最高頻,v.,需要,A 基礎必會,動詞,needed,needed,否,
752,rostovs,160,01｜最高頻,,,A 基礎優先,,,,,
753,someone,160,01｜最高頻,,,A 基礎優先,,,,,
754,village,160,01｜最高頻,n.,村莊,B 中高級核心,名詞,—,—,—,
755,lesions,159,01｜最高頻,,,A 基礎優先,,,,,
756,plan,159,01｜最高頻,v./n.,計畫,A 基礎必會,動詞；名詞,planned,planned,否,
757,special,159,01｜最高頻,adj.,特別的,B 中高級核心,形容詞,—,—,—,
758,contrary,158,01｜最高頻,,,A 基礎優先,,,,,
759,smiled,158,01｜最高頻,,,A 基礎優先,,,,,
760,ulcer,158,01｜最高頻,,,A 基礎優先,,,,,
761,attack,157,01｜最高頻,,,A 基礎優先,,,,,
762,hour,157,01｜最高頻,n.,小時,B 中高級核心,名詞,—,—,—,
763,members,157,01｜最高頻,,,A 基礎優先,,,,,
764,bagration,156,01｜最高頻,,,A 基礎優先,,,,,
765,bridge,156,01｜最高頻,n.,橋,A 基礎必會,名詞,—,—,—,
766,employed,156,01｜最高頻,,,A 基礎優先,,,,,
767,finally,156,01｜最高頻,adv.,最後；終於,A 基礎必會,副詞,—,—,—,
768,friends,156,01｜最高頻,,,A 基礎優先,,,,,
769,listened,156,01｜最高頻,,,A 基礎優先,,,,,
770,alexander,155,01｜最高頻,,,A 基礎優先,,,,,
771,bad,155,01｜最高頻,adj.,壞的,A 基礎必會,形容詞,—,—,—,
772,pus,155,01｜最高頻,,,A 基礎優先,,,,,
773,various,155,01｜最高頻,adj.,各種的,B 中高級核心,形容詞,—,—,—,
774,membrane,154,01｜最高頻,,,A 基礎優先,,,,,
775,pass,154,01｜最高頻,,,A 基礎優先,,,,,
776,drew,153,01｜最高頻,,,A 基礎優先,,,,,
777,europe,153,01｜最高頻,,,A 基礎優先,,,,,
778,growing,153,01｜最高頻,,,A 基礎優先,,,,,
779,haemorrhage,153,01｜最高頻,,,A 基礎優先,,,,,
780,occurs,153,01｜最高頻,,,A 基礎優先,,,,,
781,takes,153,01｜最高頻,,,A 基礎優先,,,,,
782,ve,153,01｜最高頻,,,A 基礎優先,,,,,
783,doubt,152,01｜最高頻,n.,懷疑,A 基礎必會,名詞,—,—,—,
784,f,152,01｜最高頻,,,A 基礎優先,,,,,
785,muscle,152,01｜最高頻,,,A 基礎優先,,,,,
786,pavlovna,152,01｜最高頻,,,A 基礎優先,,,,,
787,primary,152,01｜最高頻,adj.,主要的；初級的,B 中高級核心,形容詞,—,—,—,
788,command,151,01｜最高頻,n.,命令,A 基礎必會,名詞,—,—,—,
789,convention,151,01｜最高頻,,,A 基礎優先,,,,,
790,described,151,01｜最高頻,,,A 基礎優先,,,,,
791,independence,151,01｜最高頻,,,A 基礎優先,,,,,
792,syphilitic,151,01｜最高頻,,,A 基礎優先,,,,,
793,appear,150,01｜最高頻,v.,出現；似乎,A 基礎必會,動詞,appeared,appeared,否,
794,change,150,01｜最高頻,v.,改變,A 基礎必會,動詞,changed,changed,否,
795,george,150,01｜最高頻,,,A 基礎優先,,,,,
796,glad,150,01｜最高頻,,,A 基礎優先,,,,,
797,causes,149,01｜最高頻,,,A 基礎優先,,,,,
798,decided,149,01｜最高頻,,,A 基礎優先,,,,,
799,hope,149,01｜最高頻,v./n.,希望,A 基礎必會,動詞；名詞,hoped,hoped,否,
800,john,149,01｜最高頻,,,A 基礎優先,,,,,
801,nerves,149,01｜最高頻,,,A 基礎優先,,,,,
802,powers,149,01｜最高頻,,,A 基礎優先,,,,,
803,relations,149,01｜最高頻,,,A 基礎優先,,,,,
804,showed,149,01｜最高頻,,,A 基礎優先,,,,,
805,voices,149,01｜最高頻,,,A 基礎優先,,,,,
806,wrote,149,01｜最高頻,,,A 基礎優先,,,,,
807,difficult,148,01｜最高頻,adj.,困難的,A 基礎必會,形容詞,—,—,—,
808,ordered,148,01｜最高頻,,,A 基礎優先,,,,,
809,russians,148,01｜最高頻,,,A 基礎優先,,,,,
810,secondary,148,01｜最高頻,,,A 基礎優先,,,,,
811,suppuration,148,01｜最高頻,,,A 基礎優先,,,,,
812,terms,148,01｜最高頻,,,A 基礎優先,,,,,
813,virginia,148,01｜最高頻,,,A 基礎優先,,,,,
814,drawn,147,01｜最高頻,,,A 基礎優先,,,,,
815,fixed,147,01｜最高頻,,,A 基礎優先,,,,,
816,probably,147,01｜最高頻,adv.,大概；可能,B 中高級核心,副詞,—,—,—,
817,st,147,01｜最高頻,,,A 基礎優先,,,,,
818,direction,146,01｜最高頻,n.,方向；指示,A 基礎必會,名詞,—,—,—,
819,fingers,146,01｜最高頻,,,A 基礎優先,,,,,
820,killed,146,01｜最高頻,,,A 基礎優先,,,,,
821,liable,146,01｜最高頻,,,A 基礎優先,,,,,
822,lips,146,01｜最高頻,,,A 基礎優先,,,,,
823,minutes,146,01｜最高頻,,,A 基礎優先,,,,,
824,opening,146,01｜最高頻,,,A 基礎優先,,,,,
825,republicans,146,01｜最高頻,,,A 基礎優先,,,,,
826,says,146,01｜最高頻,,,A 基礎優先,,,,,
827,unable,146,01｜最高頻,,,A 基礎優先,,,,,
828,complete,145,01｜最高頻,v./adj.,完整的,A 基礎必會,動詞；形容詞,completed,completed,否,
829,frightened,145,01｜最高頻,,,A 基礎優先,,,,,
830,governor,145,01｜最高頻,,,A 基礎優先,,,,,
831,leg,145,01｜最高頻,,,A 基礎優先,,,,,
832,natural,145,01｜最高頻,adj.,自然的；天生的,B 中高級核心,形容詞,—,—,—,
833,run,145,01｜最高頻,v.,跑；運作,A 基礎必會,動詞,ran,run,是,
834,struck,145,01｜最高頻,,,A 基礎優先,,,,,
835,capital,144,01｜最高頻,n.,首都；資本,A 基礎必會,名詞,—,—,—,
836,holding,144,01｜最高頻,,,A 基礎優先,,,,,
837,sister,144,01｜最高頻,,,A 基礎優先,,,,,
838,smoke,144,01｜最高頻,,,A 基礎優先,,,,,
839,staff,144,01｜最高頻,,,A 基礎優先,,,,,
840,study,144,01｜最高頻,v.,學習,A 基礎必會,動詞,studied,studied,否,
841,beginning,143,01｜最高頻,,,A 基礎優先,,,,,
842,blue,143,01｜最高頻,adj.,藍色的,A 基礎必會,形容詞,—,—,—,
843,c,143,01｜最高頻,,,A 基礎優先,,,,,
844,carriage,143,01｜最高頻,,,A 基礎優先,,,,,
845,colonel,143,01｜最高頻,,,A 基礎優先,,,,,
846,cry,143,01｜最高頻,,,A 基礎優先,,,,,
847,greater,143,01｜最高頻,,,A 基礎優先,,,,,
848,happiness,143,01｜最高頻,,,A 基礎優先,,,,,
849,loss,143,01｜最高頻,n.,損失,B 中高級核心,名詞,—,—,—,
850,moving,143,01｜最高頻,,,A 基礎優先,,,,,
851,keep,142,01｜最高頻,v.,保持,A 基礎必會,動詞,kept,kept,是,
852,mademoiselle,142,01｜最高頻,,,A 基礎優先,,,,,
853,declared,141,01｜最高頻,,,A 基礎優先,,,,,
854,direct,141,01｜最高頻,adj.,直接的,A 基礎必會,形容詞,—,—,—,
855,firm,141,01｜最高頻,adj.,堅固的,A 基礎必會,形容詞,—,—,—,
856,idea,141,01｜最高頻,n.,想法,B 中高級核心,名詞,—,—,—,
857,master,141,01｜最高頻,,,A 基礎優先,,,,,
858,method,141,01｜最高頻,n.,方法,B 中高級核心,名詞,—,—,—,
859,remain,141,01｜最高頻,v.,仍然是；留下,B 中高級核心,動詞,remained,remained,否,
860,serious,141,01｜最高頻,adj.,嚴重的；認真的,B 中高級核心,形容詞,—,—,—,
861,running,140,01｜最高頻,,,A 基礎優先,,,,,
862,consists,139,01｜最高頻,,,A 基礎優先,,,,,
863,group,139,01｜最高頻,n.,群體,B 中高級核心,名詞,—,—,—,
864,heavy,139,01｜最高頻,adj.,重的,B 中高級核心,形容詞,—,—,—,
865,increased,139,01｜最高頻,,,A 基礎優先,,,,,
866,indeed,139,01｜最高頻,,,A 基礎優先,,,,,
867,pleasure,139,01｜最高頻,n.,愉快；榮幸,B 中高級核心,名詞,—,—,—,
868,relation,139,01｜最高頻,,,A 基礎優先,,,,,
869,sarcoma,139,01｜最高頻,,,A 基礎優先,,,,,
870,simple,139,01｜最高頻,adj.,簡單的,B 中高級核心,形容詞,—,—,—,
871,step,139,01｜最高頻,n.,步驟,B 中高級核心,名詞,—,—,—,
872,camp,138,01｜最高頻,,,A 基礎優先,,,,,
873,dress,138,01｜最高頻,,,A 基礎優先,,,,,
874,further,138,01｜最高頻,,,A 基礎優先,,,,,
875,ill,138,01｜最高頻,adj.,生病的,B 中高級核心,形容詞,—,—,—,
876,influence,138,01｜最高頻,v./n.,影響,A 基礎必會,動詞；名詞,influenced,influenced,否,
877,marked,138,01｜最高頻,,,A 基礎優先,,,,,
878,prepared,138,01｜最高頻,,,A 基礎優先,,,,,
879,age,137,01｜最高頻,n.,年齡；時代,A 基礎必會,名詞,—,—,—,
880,alpatych,137,01｜最高頻,,,A 基礎優先,,,,,
881,instead,137,01｜最高頻,adv.,反而；代替,A 基礎必會,副詞,—,—,—,
882,lead,137,01｜最高頻,v.,領導；導致,A 基礎必會,動詞,led,led,是,
883,property,137,01｜最高頻,n.,財產；特性,B 中高級核心,名詞,—,—,—,
884,thinking,137,01｜最高頻,,,A 基礎優先,,,,,
885,vessel,137,01｜最高頻,,,A 基礎優先,,,,,
886,diseases,136,01｜最高頻,,,A 基礎優先,,,,,
887,duty,136,01｜最高頻,n.,責任,A 基礎必會,名詞,—,—,—,
888,e,136,01｜最高頻,,,A 基礎優先,,,,,
889,industry,136,01｜最高頻,n.,產業,B 中高級核心,名詞,—,—,—,
890,leaders,136,01｜最高頻,,,A 基礎優先,,,,,
891,matters,136,01｜最高頻,,,A 基礎優先,,,,,
892,silence,136,01｜最高頻,,,A 基礎優先,,,,,
893,x,136,01｜最高頻,,,A 基礎優先,,,,,
894,appearance,135,01｜最高頻,n.,外表；出現,A 基礎必會,名詞,—,—,—,
895,chair,135,01｜最高頻,n.,椅子；主席,A 基礎必會,名詞,—,—,—,
896,expressed,135,01｜最高頻,,,A 基礎優先,,,,,
897,living,135,01｜最高頻,,,A 基礎優先,,,,,
898,manner,135,01｜最高頻,,,A 基礎優先,,,,,
899,march,135,01｜最高頻,,,A 基礎優先,,,,,
900,uncle,135,01｜最高頻,,,A 基礎優先,,,,,
901,changed,134,01｜最高頻,,,A 基礎優先,,,,,
902,chiefly,134,01｜最高頻,,,A 基礎優先,,,,,
903,passing,134,01｜最高頻,,,A 基礎優先,,,,,
904,prevent,134,01｜最高頻,v.,防止,A 基礎必會,動詞,prevented,prevented,否,
905,seems,134,01｜最高頻,,,A 基礎優先,,,,,
906,veins,134,01｜最高頻,,,A 基礎優先,,,,,
907,besides,133,01｜最高頻,功能字,除了；此外,A 基礎必會,文法／連接／介系詞,—,—,—,
908,lines,133,01｜最高頻,,,A 基礎優先,,,,,
909,popular,133,01｜最高頻,adj.,受歡迎的,B 中高級核心,形容詞,—,—,—,
910,slowly,133,01｜最高頻,adv.,慢慢地,B 中高級核心,副詞,—,—,—,
911,story,133,01｜最高頻,n.,故事,B 中高級核心,名詞,—,—,—,
912,term,133,01｜最高頻,n.,術語；學期,B 中高級核心,名詞,—,—,—,
913,angry,132,01｜最高頻,adj.,生氣的,A 基礎必會,形容詞,—,—,—,
914,attended,132,01｜最高頻,,,A 基礎優先,,,,,
915,leaving,132,01｜最高頻,,,A 基礎優先,,,,,
916,lord,132,01｜最高頻,,,A 基礎優先,,,,,
917,produced,132,01｜最高頻,,,A 基礎優先,,,,,
918,seven,132,01｜最高頻,,,A 基礎優先,,,,,
919,activity,131,01｜最高頻,n.,活動,A 基礎必會,名詞,—,—,—,
920,dry,131,01｜最高頻,adj.,乾的,A 基礎必會,形容詞,—,—,—,
921,low,131,01｜最高頻,adj.,低的,B 中高級核心,形容詞,—,—,—,
922,mikhaylovna,131,01｜最高頻,,,A 基礎優先,,,,,
923,observed,131,01｜最高頻,,,A 基礎優先,,,,,
924,office,131,01｜最高頻,n.,辦公室；職位,B 中高級核心,名詞,—,—,—,
925,victory,131,01｜最高頻,,,A 基礎優先,,,,,
926,bourienne,130,01｜最高頻,,,A 基礎優先,,,,,
927,cells,130,01｜最高頻,,,A 基礎優先,,,,,
928,clearly,130,01｜最高頻,adv.,清楚地,A 基礎必會,副詞,—,—,—,
929,east,130,01｜最高頻,,,A 基礎優先,,,,,
930,effort,130,01｜最高頻,n.,努力,A 基礎必會,名詞,—,—,—,
931,injury,130,01｜最高頻,,,A 基礎優先,,,,,
932,months,130,01｜最高頻,,,A 基礎優先,,,,,
933,upper,130,01｜最高頻,,,A 基礎優先,,,,,
934,dressing,129,01｜最高頻,,,A 基礎優先,,,,,
935,established,129,01｜最高頻,,,A 基礎優先,,,,,
936,historians,129,01｜最高頻,,,A 基礎優先,,,,,
937,latter,129,01｜最高頻,,,A 基礎優先,,,,,
938,poor,129,01｜最高頻,adj.,貧窮的；差的,B 中高級核心,形容詞,—,—,—,
939,sight,129,01｜最高頻,,,A 基礎優先,,,,,
940,similar,129,01｜最高頻,adj.,相似的,B 中高級核心,形容詞,—,—,—,
941,tendon,129,01｜最高頻,,,A 基礎優先,,,,,
942,corner,128,01｜最高頻,n.,角落,A 基礎必會,名詞,—,—,—,
943,eight,128,01｜最高頻,,,A 基礎優先,,,,,
944,excellency,128,01｜最高頻,,,A 基礎優先,,,,,
945,live,128,01｜最高頻,,,A 基礎優先,,,,,
946,loved,128,01｜最高頻,,,A 基礎優先,,,,,
947,pay,128,01｜最高頻,v.,支付,A 基礎必會,動詞,paid,paid,是,
948,series,128,01｜最高頻,,,A 基礎優先,,,,,
949,silver,128,01｜最高頻,,,A 基礎優先,,,,,
950,tm,128,01｜最高頻,,,A 基礎優先,,,,,
951,broken,127,01｜最高頻,,,A 基礎優先,,,,,
952,captain,127,01｜最高頻,,,A 基礎優先,,,,,
953,destroyed,127,01｜最高頻,,,A 基礎優先,,,,,
954,divided,127,01｜最高頻,,,A 基礎優先,,,,,
955,everybody,127,01｜最高頻,,,A 基礎優先,,,,,
956,peasants,127,01｜最高頻,,,A 基礎優先,,,,,
957,wait,127,01｜最高頻,v.,等待,A 基礎必會,動詞,waited,waited,否,
958,expected,126,01｜最高頻,,,A 基礎優先,,,,,
959,future,126,01｜最高頻,n.,未來,A 基礎必會,名詞,—,—,—,
960,book,125,01｜最高頻,n.,書,A 基礎必會,名詞,—,—,—,
961,gold,125,01｜最高頻,n.,黃金,B 中高級核心,名詞,—,—,—,
962,jefferson,125,01｜最高頻,,,A 基礎優先,,,,,
963,organisms,125,01｜最高頻,,,A 基礎優先,,,,,
964,shoulders,125,01｜最高頻,,,A 基礎優先,,,,,
965,thoughts,125,01｜最高頻,,,A 基礎優先,,,,,
966,ball,124,01｜最高頻,n.,球,A 基礎必會,名詞,—,—,—,
967,danger,124,01｜最高頻,,,A 基礎優先,,,,,
968,fall,124,01｜最高頻,v.,掉落；跌倒,A 基礎必會,動詞,fell,fallen,是,
969,rostopchin,124,01｜最高頻,,,A 基礎優先,,,,,
970,straight,124,01｜最高頻,,,A 基礎優先,,,,,
971,tariff,124,01｜最高頻,,,A 基礎優先,,,,,
972,explain,123,01｜最高頻,v.,解釋,A 基礎必會,動詞,explained,explained,否,
973,kissed,123,01｜最高頻,,,A 基礎優先,,,,,
974,resulting,123,01｜最高頻,,,A 基礎優先,,,,,
975,sure,123,01｜最高頻,adj.,確定的,B 中高級核心,形容詞,—,—,—,
976,thirty,123,01｜最高頻,,,A 基礎優先,,,,,
977,uniform,123,01｜最高頻,,,A 基礎優先,,,,,
978,control,122,01｜最高頻,v.,控制,A 基礎必會,動詞,controled,controled,否,
979,easy,122,01｜最高頻,adj.,容易的,A 基礎必會,形容詞,—,—,—,
980,finger,122,01｜最高頻,n.,手指,A 基礎必會,名詞,—,—,—,
981,portion,122,01｜最高頻,,,A 基礎優先,,,,,
982,pressed,122,01｜最高頻,,,A 基礎優先,,,,,
983,prisoners,122,01｜最高頻,,,A 基礎優先,,,,,
984,asking,121,01｜最高頻,,,A 基礎優先,,,,,
985,chronic,121,01｜最高頻,,,A 基礎優先,,,,,
986,majority,121,01｜最高頻,,,A 基礎優先,,,,,
987,occurred,121,01｜最高頻,,,A 基礎優先,,,,,
988,purpose,121,01｜最高頻,n.,目的,B 中高級核心,名詞,—,—,—,
989,rule,121,01｜最高頻,n.,規則,B 中高級核心,名詞,—,—,—,
990,subcutaneous,121,01｜最高頻,,,A 基礎優先,,,,,
991,arrived,120,01｜最高頻,,,A 基礎優先,,,,,
992,clock,120,01｜最高頻,n.,時鐘,A 基礎必會,名詞,—,—,—,
993,economic,120,01｜最高頻,adj.,經濟的,A 基礎必會,形容詞,—,—,—,
994,filled,120,01｜最高頻,,,A 基礎優先,,,,,
995,health,120,01｜最高頻,n.,健康,B 中高級核心,名詞,—,—,—,
996,produce,120,01｜最高頻,v.,生產；產生,A 基礎必會,動詞,produced,produced,否,
997,remembered,120,01｜最高頻,,,A 基礎優先,,,,,
998,certainly,119,01｜最高頻,adv.,當然；確定地,A 基礎必會,副詞,—,—,—,
999,commerce,119,01｜最高頻,,,A 基礎優先,,,,,
1000,election,119,01｜最高頻,,,A 基礎優先,,,,,
1001,hot,119,02｜高頻,adj.,熱的；熱門的,B 中高級核心,形容詞,—,—,—,
1002,individual,119,02｜高頻,adj.,個別的,B 中高級核心,形容詞,—,—,—,
1003,persons,119,02｜高頻,,,A 基礎優先,,,,,
1004,presented,119,02｜高頻,,,A 基礎優先,,,,,
1005,ulcers,119,02｜高頻,,,A 基礎優先,,,,,
1006,articular,118,02｜高頻,,,A 基礎優先,,,,,
1007,distance,118,02｜高頻,n.,距離,A 基礎必會,名詞,—,—,—,
1008,exclaimed,118,02｜高頻,,,A 基礎優先,,,,,
1009,interests,118,02｜高頻,,,A 基礎優先,,,,,
1010,legs,118,02｜高頻,,,A 基礎優先,,,,,
1011,lying,118,02｜高頻,,,A 基礎優先,,,,,
1012,meeting,118,02｜高頻,n.,會議,B 中高級核心,名詞,—,—,—,
1013,quiet,118,02｜高頻,,,A 基礎優先,,,,,
1014,administration,117,02｜高頻,n.,管理；行政部門,A 基礎必會,名詞,—,—,—,
1015,church,117,02｜高頻,n.,教堂,A 基礎必會,名詞,—,—,—,
1016,earth,117,02｜高頻,n.,地球,A 基礎必會,名詞,—,—,—,
1017,follow,117,02｜高頻,v.,跟隨；遵循,A 基礎必會,動詞,followed,followed,否,
1018,generals,117,02｜高頻,,,A 基礎優先,,,,,
1019,handsome,117,02｜高頻,,,A 基礎優先,,,,,
1020,houses,117,02｜高頻,,,A 基礎優先,,,,,
1021,importance,117,02｜高頻,,,A 基礎優先,,,,,
1022,mamma,117,02｜高頻,,,A 基礎優先,,,,,
1023,massachusetts,117,02｜高頻,,,A 基礎優先,,,,,
1024,post,117,02｜高頻,v./n.,張貼；發布,B 中高級核心,動詞；名詞,posted,posted,否,
1025,region,117,02｜高頻,n.,地區,B 中高級核心,名詞,—,—,—,
1026,section,117,02｜高頻,n.,部分；章節,B 中高級核心,名詞,—,—,—,
1027,spite,117,02｜高頻,,,A 基礎優先,,,,,
1028,weeks,117,02｜高頻,,,A 基礎優先,,,,,
1029,western,117,02｜高頻,,,A 基礎優先,,,,,
1030,written,117,02｜高頻,,,A 基礎優先,,,,,
1031,affair,116,02｜高頻,n.,事情；事務,A 基礎必會,名詞,—,—,—,
1032,glass,116,02｜高頻,,,A 基礎優先,,,,,
1033,occupied,116,02｜高頻,,,A 基礎優先,,,,,
1034,policy,116,02｜高頻,n.,政策,B 中高級核心,名詞,—,—,—,
1035,politics,116,02｜高頻,,,A 基礎優先,,,,,
1036,seem,116,02｜高頻,v.,似乎,A 基礎必會,動詞,seemed,seemed,否,
1037,shoulder,116,02｜高頻,,,A 基礎優先,,,,,
1038,vein,116,02｜高頻,,,A 基礎優先,,,,,
1039,bacteria,115,02｜高頻,,,A 基礎優先,,,,,
1040,below,115,02｜高頻,功能字,在…下方,A 基礎必會,文法／連接／介系詞,—,—,—,
1041,increase,115,02｜高頻,v.,增加,A 基礎必會,動詞,increased,increased,否,
1042,laughing,115,02｜高頻,,,A 基礎優先,,,,,
1043,leading,115,02｜高頻,,,A 基礎優先,,,,,
1044,meaning,115,02｜高頻,n.,意思；意義,B 中高級核心,名詞,—,—,—,
1045,movements,115,02｜高頻,,,A 基礎優先,,,,,
1046,note,115,02｜高頻,,,A 基礎優先,,,,,
1047,ought,115,02｜高頻,,,A 基礎優先,,,,,
1048,suffrage,115,02｜高頻,,,A 基礎優先,,,,,
1049,truth,115,02｜高頻,,,A 基礎優先,,,,,
1050,bright,114,02｜高頻,adj.,明亮的；聰明的,A 基礎必會,形容詞,—,—,—,
1051,diagnosis,114,02｜高頻,,,A 基礎優先,,,,,
1052,drove,114,02｜高頻,,,A 基礎優先,,,,,
1053,easily,114,02｜高頻,,,A 基礎優先,,,,,
1054,hold,114,02｜高頻,v.,拿著；舉行,A 基礎必會,動詞,held,held,是,
1055,papers,114,02｜高頻,,,A 基礎優先,,,,,
1056,reading,114,02｜高頻,,,A 基礎優先,,,,,
1057,rushed,114,02｜高頻,,,A 基礎優先,,,,,
1058,seized,114,02｜高頻,,,A 基礎優先,,,,,
1059,senate,114,02｜高頻,,,A 基礎優先,,,,,
1060,slight,114,02｜高頻,,,A 基礎優先,,,,,
1061,territory,114,02｜高頻,,,A 基礎優先,,,,,
1062,whatever,114,02｜高頻,,,A 基礎優先,,,,,
1063,aid,113,02｜高頻,,,A 基礎優先,,,,,
1064,development,113,02｜高頻,n.,發展,A 基礎必會,名詞,—,—,—,
1065,division,113,02｜高頻,,,A 基礎優先,,,,,
1066,lived,113,02｜高頻,,,A 基礎優先,,,,,
1067,marya,113,02｜高頻,,,A 基礎優先,,,,,
1068,meant,113,02｜高頻,,,A 基礎優先,,,,,
1069,shown,113,02｜高頻,,,A 基礎優先,,,,,
1070,sleep,113,02｜高頻,v.,睡覺,A 基礎必會,動詞,slept,slept,是,
1071,treaty,113,02｜高頻,,,A 基礎優先,,,,,
1072,advanced,112,02｜高頻,adj.,進階的；先進的,A 基礎必會,形容詞,—,—,—,
1073,farmers,112,02｜高頻,,,A 基礎優先,,,,,
1074,guns,112,02｜高頻,,,A 基礎優先,,,,,
1075,miss,112,02｜高頻,,,A 基礎優先,,,,,
1076,pyogenic,112,02｜高頻,,,A 基礎優先,,,,,
1077,river,112,02｜高頻,n.,河流,B 中高級核心,名詞,—,—,—,
1078,suffering,112,02｜高頻,,,A 基礎優先,,,,,
1079,tomorrow,112,02｜高頻,adv.,明天,B 中高級核心,副詞,—,—,—,
1080,destruction,111,02｜高頻,,,A 基礎優先,,,,,
1081,event,111,02｜高頻,n.,事件,A 基礎必會,名詞,—,—,—,
1082,royal,111,02｜高頻,,,A 基礎優先,,,,,
1083,spent,111,02｜高頻,,,A 基礎優先,,,,,
1084,varieties,111,02｜高頻,,,A 基礎優先,,,,,
1085,balashev,110,02｜高頻,,,A 基礎優先,,,,,
1086,difficulty,110,02｜高頻,n.,困難,A 基礎必會,名詞,—,—,—,
1087,evident,110,02｜高頻,,,A 基礎優先,,,,,
1088,eye,110,02｜高頻,n.,眼睛,A 基礎必會,名詞,—,—,—,
1089,miles,110,02｜高頻,,,A 基礎優先,,,,,
1090,none,110,02｜高頻,功能字,一個也沒有,A 基礎必會,文法／連接／介系詞,—,—,—,
1091,outside,110,02｜高頻,adv.,在外面,B 中高級核心,副詞,—,—,—,
1092,passage,110,02｜高頻,,,A 基礎優先,,,,,
1093,railways,110,02｜高頻,,,A 基礎優先,,,,,
1094,regarded,110,02｜高頻,,,A 基礎優先,,,,,
1095,save,110,02｜高頻,,,A 基礎優先,,,,,
1096,settled,110,02｜高頻,,,A 基礎優先,,,,,
1097,vote,110,02｜高頻,,,A 基礎優先,,,,,
1098,bank,109,02｜高頻,n.,銀行；河岸,A 基礎必會,名詞,—,—,—,
1099,citizens,109,02｜高頻,,,A 基礎優先,,,,,
1100,main,109,02｜高頻,adj.,主要的,B 中高級核心,形容詞,—,—,—,
1101,normal,109,02｜高頻,adj.,正常的,B 中高級核心,形容詞,—,—,—,
1102,shouting,109,02｜高頻,,,A 基礎優先,,,,,
1103,solution,109,02｜高頻,n.,解決方法,B 中高級核心,名詞,—,—,—,
1104,ago,108,02｜高頻,,,A 基礎優先,,,,,
1105,aim,108,02｜高頻,n.,目標,A 基礎必會,名詞,—,—,—,
1106,appears,108,02｜高頻,,,A 基礎優先,,,,,
1107,borodino,108,02｜高頻,,,A 基礎優先,,,,,
1108,equal,108,02｜高頻,adj.,相等的,A 基礎必會,形容詞,—,—,—,
1109,experience,108,02｜高頻,n.,經驗,A 基礎必會,名詞,—,—,—,
1110,injuries,108,02｜高頻,,,A 基礎優先,,,,,
1111,letters,108,02｜高頻,,,A 基礎優先,,,,,
1112,plain,108,02｜高頻,,,A 基礎優先,,,,,
1113,removal,108,02｜高頻,,,A 基礎優先,,,,,
1114,stage,108,02｜高頻,n.,舞台；階段,B 中高級核心,名詞,—,—,—,
1115,circumstances,107,02｜高頻,,,A 基礎優先,,,,,
1116,enter,107,02｜高頻,v.,進入,B 中高級核心,動詞,entered,entered,否,
1117,hill,107,02｜高頻,,,A 基礎優先,,,,,
1118,interrupted,107,02｜高頻,,,A 基礎優先,,,,,
1119,involved,107,02｜高頻,,,A 基礎優先,,,,,
1120,married,107,02｜高頻,adj.,已婚的,B 中高級核心,形容詞,—,—,—,
1121,surprise,107,02｜高頻,,,A 基礎優先,,,,,
1122,tea,107,02｜高頻,,,A 基礎優先,,,,,
1123,care,106,02｜高頻,n.,照顧；關心,A 基礎必會,名詞,—,—,—,
1124,floor,106,02｜高頻,n.,地板；樓層,A 基礎必會,名詞,—,—,—,
1125,forty,106,02｜高頻,,,A 基礎優先,,,,,
1126,healing,106,02｜高頻,,,A 基礎優先,,,,,
1127,hussars,106,02｜高頻,,,A 基礎優先,,,,,
1128,infected,106,02｜高頻,,,A 基礎優先,,,,,
1129,paid,106,02｜高頻,,,A 基礎優先,,,,,
1130,value,106,02｜高頻,v./n.,重視,B 中高級核心,動詞；名詞,valued,valued,否,
1131,wilson,106,02｜高頻,,,A 基礎優先,,,,,
1132,aside,105,02｜高頻,,,A 基礎優先,,,,,
1133,dmitrievna,105,02｜高頻,,,A 基礎優先,,,,,
1134,hat,105,02｜高頻,n.,帽子,B 中高級核心,名詞,—,—,—,
1135,talked,105,02｜高頻,,,A 基礎優先,,,,,
1136,thank,105,02｜高頻,,,A 基礎優先,,,,,
1137,wide,105,02｜高頻,adj.,寬的,B 中高級核心,形容詞,—,—,—,
1138,cartilage,104,02｜高頻,,,A 基礎優先,,,,,
1139,directly,104,02｜高頻,adv.,直接地,A 基礎必會,副詞,—,—,—,
1140,showing,104,02｜高頻,,,A 基礎優先,,,,,
1141,support,104,02｜高頻,v.,支持,A 基礎必會,動詞,supported,supported,否,
1142,surrounded,104,02｜高頻,,,A 基礎優先,,,,,
1143,carry,103,02｜高頻,v.,攜帶,A 基礎必會,動詞,carried,carried,否,
1144,connection,103,02｜高頻,n.,連線；關聯,A 基礎必會,名詞,—,—,—,
1145,efforts,103,02｜高頻,,,A 基礎優先,,,,,
1146,ends,103,02｜高頻,,,A 基礎優先,,,,,
1147,farther,103,02｜高頻,,,A 基礎優先,,,,,
1148,fibrous,103,02｜高頻,,,A 基礎優先,,,,,
1149,figure,103,02｜高頻,n.,數字；人物,A 基礎必會,名詞,—,—,—,
1150,ladies,103,02｜高頻,,,A 基礎優先,,,,,
1151,nations,103,02｜高頻,,,A 基礎優先,,,,,
1152,nose,103,02｜高頻,,,A 基礎優先,,,,,
1153,object,103,02｜高頻,n.,物體；目標,B 中高級核心,名詞,—,—,—,
1154,progress,103,02｜高頻,n.,進步；進展,B 中高級核心,名詞,—,—,—,
1155,sense,103,02｜高頻,n.,感覺；意義,B 中高級核心,名詞,—,—,—,
1156,temperature,103,02｜高頻,n.,溫度,B 中高級核心,名詞,—,—,—,
1157,wrong,103,02｜高頻,adj.,錯的,B 中高級核心,形容詞,—,—,—,
1158,caused,102,02｜高頻,,,A 基礎優先,,,,,
1159,dressed,102,02｜高頻,,,A 基礎優先,,,,,
1160,experienced,102,02｜高頻,,,A 基礎優先,,,,,
1161,frenchman,102,02｜高頻,,,A 基礎優先,,,,,
1162,knows,102,02｜高頻,,,A 基礎優先,,,,,
1163,lesion,102,02｜高頻,,,A 基礎優先,,,,,
1164,majesty,102,02｜高頻,,,A 基礎優先,,,,,
1165,ordinary,102,02｜高頻,adj.,普通的,B 中高級核心,形容詞,—,—,—,
1166,real,102,02｜高頻,adj.,真的,B 中高級核心,形容詞,—,—,—,
1167,smolensk,102,02｜高頻,,,A 基礎優先,,,,,
1168,instant,101,02｜高頻,,,A 基礎優先,,,,,
1169,issue,101,02｜高頻,n.,議題；問題,B 中高級核心,名詞,—,—,—,
1170,larger,101,02｜高頻,,,A 基礎優先,,,,,
1171,laughed,101,02｜高頻,,,A 基礎優先,,,,,
1172,mass,101,02｜高頻,,,A 基礎優先,,,,,
1173,move,101,02｜高頻,v.,移動,A 基礎必會,動詞,moved,moved,否,
1174,sherlock,101,02｜高頻,,,A 基礎優先,,,,,
1175,authority,100,02｜高頻,n.,當局；權威,A 基礎必會,名詞,—,—,—,
1176,connective,100,02｜高頻,,,A 基礎優先,,,,,
1177,discharge,100,02｜高頻,,,A 基礎優先,,,,,
1178,external,100,02｜高頻,,,A 基礎優先,,,,,
1179,flank,100,02｜高頻,,,A 基礎優先,,,,,
1180,fluid,100,02｜高頻,,,A 基礎優先,,,,,
1181,galloped,100,02｜高頻,,,A 基礎優先,,,,,
1182,gentlemen,100,02｜高頻,,,A 基礎優先,,,,,
1183,grown,100,02｜高頻,,,A 基礎優先,,,,,
1184,learned,100,02｜高頻,,,A 基礎優先,,,,,
1185,listen,100,02｜高頻,,,A 基礎優先,,,,,
1186,path,100,02｜高頻,n.,小路；途徑,B 中高級核心,名詞,—,—,—,
1187,population,100,02｜高頻,n.,人口,B 中高級核心,名詞,—,—,—,
1188,surrounding,100,02｜高頻,,,A 基礎優先,,,,,
1189,walked,100,02｜高頻,,,A 基礎優先,,,,,
1190,begun,99,02｜高頻,,,A 基礎優先,,,,,
1191,bill,99,02｜高頻,n.,帳單；法案；鈔票,A 基礎必會,名詞,—,—,—,
1192,european,99,02｜高頻,,,A 基礎優先,,,,,
1193,extent,99,02｜高頻,,,A 基礎優先,,,,,
1194,gentleman,99,02｜高頻,,,A 基礎優先,,,,,
1195,happen,99,02｜高頻,v.,發生,A 基礎必會,動詞,happened,happened,否,
1196,parties,99,02｜高頻,,,A 基礎優先,,,,,
1197,send,99,02｜高頻,v.,寄送,A 基礎必會,動詞,sent,sent,是,
1198,sign,99,02｜高頻,n.,標誌；簽名,B 中高級核心,名詞,—,—,—,
1199,stop,99,02｜高頻,v.,停止,A 基礎必會,動詞,stopped,stopped,否,
1200,works,99,02｜高頻,,,A 基礎優先,,,,,
1201,absence,98,02｜高頻,n.,缺席；不在,A 基礎必會,名詞,—,—,—,
1202,avoid,98,02｜高頻,v.,避免,A 基礎必會,動詞,avoided,avoided,否,
1203,beautiful,98,02｜高頻,adj.,美麗的,A 基礎必會,形容詞,—,—,—,
1204,bent,98,02｜高頻,,,A 基礎優先,,,,,
1205,berg,98,02｜高頻,,,A 基礎優先,,,,,
1206,consider,98,02｜高頻,v.,考慮；認為,A 基礎必會,動詞,considered,considered,否,
1207,fate,98,02｜高頻,,,A 基礎優先,,,,,
1208,glancing,98,02｜高頻,,,A 基礎優先,,,,,
1209,industrial,98,02｜高頻,,,A 基礎優先,,,,,
1210,mean,98,02｜高頻,v.,意思是；意味著,A 基礎必會,動詞,meant,meant,是,
1211,notice,98,02｜高頻,v.,注意到,B 中高級核心,動詞,noticed,noticed,否,
1212,ranks,98,02｜高頻,,,A 基礎優先,,,,,
1213,signs,98,02｜高頻,,,A 基礎優先,,,,,
1214,synovial,98,02｜高頻,,,A 基礎優先,,,,,
1215,begin,97,02｜高頻,v.,開始,A 基礎必會,動詞,began,begun,是,
1216,cap,97,02｜高頻,,,A 基礎優先,,,,,
1217,carolina,97,02｜高頻,,,A 基礎優先,,,,,
1218,characteristic,97,02｜高頻,n.,特徵,A 基礎必會,名詞,—,—,—,
1219,democracy,97,02｜高頻,,,A 基礎優先,,,,,
1220,knowing,97,02｜高頻,,,A 基礎優先,,,,,
1221,sake,97,02｜高頻,,,A 基礎優先,,,,,
1222,source,97,02｜高頻,n.,來源,B 中高級核心,名詞,—,—,—,
1223,whispered,97,02｜高頻,,,A 基礎優先,,,,,
1224,active,96,02｜高頻,adj.,活躍的；積極的,A 基礎必會,形容詞,—,—,—,
1225,break,96,02｜高頻,v.,打破；休息,A 基礎必會,動詞,broke,broken,是,
1226,cavity,96,02｜高頻,,,A 基礎優先,,,,,
1227,chance,96,02｜高頻,n.,機會；可能性,A 基礎必會,名詞,—,—,—,
1228,cross,96,02｜高頻,,,A 基礎優先,,,,,
1229,desire,96,02｜高頻,v./n.,渴望,B 中高級核心,動詞；名詞,desired,desired,否,
1230,escape,96,02｜高頻,,,A 基礎優先,,,,,
1231,fight,96,02｜高頻,v.,打鬥；奮鬥,A 基礎必會,動詞,fought,fought,是,
1232,finished,96,02｜高頻,,,A 基礎優先,,,,,
1233,imagine,96,02｜高頻,v.,想像,B 中高級核心,動詞,imagined,imagined,否,
1234,marriage,96,02｜高頻,n.,婚姻,B 中高級核心,名詞,—,—,—,
1235,mucous,96,02｜高頻,,,A 基礎優先,,,,,
1236,northern,96,02｜高頻,,,A 基礎優先,,,,,
1237,opposition,96,02｜高頻,,,A 基礎優先,,,,,
1238,pleasant,96,02｜高頻,,,A 基礎優先,,,,,
1239,rapid,96,02｜高頻,,,A 基礎優先,,,,,
1240,reaction,96,02｜高頻,,,A 基礎優先,,,,,
1241,readily,96,02｜高頻,,,A 基礎優先,,,,,
1242,representatives,96,02｜高頻,,,A 基礎優先,,,,,
1243,started,96,02｜高頻,,,A 基礎優先,,,,,
1244,tenderness,96,02｜高頻,,,A 基礎優先,,,,,
1245,threw,96,02｜高頻,,,A 基礎優先,,,,,
1246,advance,95,02｜高頻,,,A 基礎優先,,,,,
1247,bound,95,02｜高頻,,,A 基礎優先,,,,,
1248,broke,95,02｜高頻,,,A 基礎優先,,,,,
1249,closely,95,02｜高頻,,,A 基礎優先,,,,,
1250,colour,95,02｜高頻,,,A 基礎優先,,,,,
1251,completely,95,02｜高頻,adv.,完全地,A 基礎必會,副詞,—,—,—,
1252,higher,95,02｜高頻,,,A 基礎優先,,,,,
1253,marry,95,02｜高頻,,,A 基礎優先,,,,,
1254,multiple,95,02｜高頻,,,A 基礎優先,,,,,
1255,pennsylvania,95,02｜高頻,,,A 基礎優先,,,,,
1256,play,95,02｜高頻,v.,玩；演奏,A 基礎必會,動詞,played,played,否,
1257,pleased,95,02｜高頻,,,A 基礎優先,,,,,
1258,practice,95,02｜高頻,v./n.,練習；慣例,B 中高級核心,動詞；名詞,practiced,practiced,否,
1259,receive,95,02｜高頻,v.,收到,A 基礎必會,動詞,received,received,否,
1260,shot,95,02｜高頻,,,A 基礎優先,,,,,
1261,superficial,95,02｜高頻,,,A 基礎優先,,,,,
1262,treated,95,02｜高頻,,,A 基礎優先,,,,,
1263,week,95,02｜高頻,n.,星期,B 中高級核心,名詞,—,—,—,
1264,bonaparte,94,02｜高頻,,,A 基礎優先,,,,,
1265,cannon,94,02｜高頻,,,A 基礎優先,,,,,
1266,degree,94,02｜高頻,n.,程度；學位,A 基礎必會,名詞,—,—,—,
1267,fifty,94,02｜高頻,,,A 基礎優先,,,,,
1268,gazed,94,02｜高頻,,,A 基礎優先,,,,,
1269,police,94,02｜高頻,n.,警察,B 中高級核心,名詞,—,—,—,
1270,retreat,94,02｜高頻,,,A 基礎優先,,,,,
1271,sounds,94,02｜高頻,,,A 基礎優先,,,,,
1272,unless,94,02｜高頻,功能字,除非,A 基礎必會,文法／連接／介系詞,—,—,—,
1273,adjacent,93,02｜高頻,,,A 基礎優先,,,,,
1274,century,93,02｜高頻,n.,世紀,A 基礎必會,名詞,—,—,—,
1275,circulation,93,02｜高頻,,,A 基礎優先,,,,,
1276,democrats,93,02｜高頻,,,A 基礎優先,,,,,
1277,despite,93,02｜高頻,功能字,儘管,A 基礎必會,文法／連接／介系詞,—,—,—,
1278,guards,93,02｜高頻,,,A 基礎優先,,,,,
1279,hearing,93,02｜高頻,,,A 基礎優先,,,,,
1280,hills,93,02｜高頻,,,A 基礎優先,,,,,
1281,inflammation,93,02｜高頻,,,A 基礎優先,,,,,
1282,measure,93,02｜高頻,v./n.,測量；措施,B 中高級核心,動詞；名詞,measured,measured,否,
1283,original,93,02｜高頻,adj.,原本的,B 中高級核心,形容詞,—,—,—,
1284,private,93,02｜高頻,adj.,私人的,B 中高級核心,形容詞,—,—,—,
1285,soil,93,02｜高頻,,,A 基礎優先,,,,,
1286,success,93,02｜高頻,n.,成功,B 中高級核心,名詞,—,—,—,
1287,thousands,93,02｜高頻,,,A 基礎優先,,,,,
1288,today,93,02｜高頻,adv.,今天,B 中高級核心,副詞,—,—,—,
1289,amount,92,02｜高頻,n.,數量,A 基礎必會,名詞,—,—,—,
1290,bodies,92,02｜高頻,,,A 基礎優先,,,,,
1291,broad,92,02｜高頻,adj.,寬廣的；廣泛的,A 基礎必會,形容詞,—,—,—,
1292,constitutional,92,02｜高頻,,,A 基礎優先,,,,,
1293,dangerous,92,02｜高頻,adj.,危險的,A 基礎必會,形容詞,—,—,—,
1294,elbow,92,02｜高頻,,,A 基礎優先,,,,,
1295,essential,92,02｜高頻,adj.,必要的,A 基礎必會,形容詞,—,—,—,
1296,getting,92,02｜高頻,,,A 基礎優先,,,,,
1297,internal,92,02｜高頻,,,A 基礎優先,,,,,
1298,j,92,02｜高頻,,,A 基礎優先,,,,,
1299,jackson,92,02｜高頻,,,A 基礎優先,,,,,
1300,methods,92,02｜高頻,,,A 基礎優先,,,,,
1301,ohio,92,02｜高頻,,,A 基礎優先,,,,,
1302,particular,92,02｜高頻,,,A 基礎優先,,,,,
1303,proposed,92,02｜高頻,,,A 基礎優先,,,,,
1304,required,92,02｜高頻,,,A 基礎優先,,,,,
1305,rich,92,02｜高頻,adj.,富有的；豐富的,B 中高級核心,形容詞,—,—,—,
1306,slaves,92,02｜高頻,,,A 基礎優先,,,,,
1307,spoken,92,02｜高頻,,,A 基礎優先,,,,,
1308,thrown,92,02｜高頻,,,A 基礎優先,,,,,
1309,allow,91,02｜高頻,v.,允許,A 基礎必會,動詞,allowed,allowed,否,
1310,appointed,91,02｜高頻,,,A 基礎優先,,,,,
1311,boots,91,02｜高頻,,,A 基礎優先,,,,,
1312,calm,91,02｜高頻,,,A 基礎優先,,,,,
1313,comes,91,02｜高頻,,,A 基礎優先,,,,,
1314,composed,91,02｜高頻,,,A 基礎優先,,,,,
1315,continually,91,02｜高頻,,,A 基礎優先,,,,,
1316,generally,91,02｜高頻,adv.,通常；大致上,A 基礎必會,副詞,—,—,—,
1317,glance,91,02｜高頻,,,A 基礎優先,,,,,
1318,iii,91,02｜高頻,,,A 基礎優先,,,,,
1319,official,91,02｜高頻,,,A 基礎優先,,,,,
1320,personal,91,02｜高頻,adj.,個人的,B 中高級核心,形容詞,—,—,—,
1321,roosevelt,91,02｜高頻,,,A 基礎優先,,,,,
1322,sad,91,02｜高頻,,,A 基礎優先,,,,,
1323,simply,91,02｜高頻,adv.,簡單地；只不過,B 中高級核心,副詞,—,—,—,
1324,sort,91,02｜高頻,,,A 基礎優先,,,,,
1325,caught,90,02｜高頻,,,A 基礎優先,,,,,
1326,entirely,90,02｜高頻,,,A 基礎優先,,,,,
1327,firing,90,02｜高頻,,,A 基礎優先,,,,,
1328,loose,90,02｜高頻,,,A 基礎優先,,,,,
1329,pointed,90,02｜高頻,,,A 基礎優先,,,,,
1330,porch,90,02｜高頻,,,A 基礎優先,,,,,
1331,acts,89,02｜高頻,,,A 基礎優先,,,,,
1332,amendment,89,02｜高頻,,,A 基礎優先,,,,,
1333,believed,89,02｜高頻,,,A 基礎優先,,,,,
1334,directed,89,02｜高頻,,,A 基礎優先,,,,,
1335,eh,89,02｜高頻,,,A 基礎優先,,,,,
1336,fat,89,02｜高頻,adj.,胖的,A 基礎必會,形容詞,—,—,—,
1337,gradually,89,02｜高頻,adv.,逐漸地,A 基礎必會,副詞,—,—,—,
1338,gray,89,02｜高頻,,,A 基礎優先,,,,,
1339,huge,89,02｜高頻,adj.,巨大的,B 中高級核心,形容詞,—,—,—,
1340,joy,89,02｜高頻,,,A 基礎優先,,,,,
1341,lie,89,02｜高頻,v.,躺；說謊,A 基礎必會,動詞,lay,lain,是,
1342,listening,89,02｜高頻,,,A 基礎優先,,,,,
1343,occasionally,89,02｜高頻,,,A 基礎優先,,,,,
1344,places,89,02｜高頻,,,A 基礎優先,,,,,
1345,possibility,89,02｜高頻,,,A 基礎優先,,,,,
1346,scar,89,02｜高頻,,,A 基礎優先,,,,,
1347,significance,89,02｜高頻,,,A 基礎優先,,,,,
1348,sit,89,02｜高頻,v.,坐,A 基礎必會,動詞,sat,sat,是,
1349,sought,89,02｜高頻,,,A 基礎優先,,,,,
1350,stand,89,02｜高頻,v.,站立；忍受,A 基礎必會,動詞,stood,stood,是,
1351,estate,88,02｜高頻,,,A 基礎優先,,,,,
1352,gives,88,02｜高頻,,,A 基礎優先,,,,,
1353,indicated,88,02｜高頻,,,A 基礎優先,,,,,
1354,looks,88,02｜高頻,,,A 基礎優先,,,,,
1355,malignant,88,02｜高頻,,,A 基礎優先,,,,,
1356,pointing,88,02｜高頻,,,A 基礎優先,,,,,
1357,provided,88,02｜高頻,,,A 基礎優先,,,,,
1358,servants,88,02｜高頻,,,A 基礎優先,,,,,
1359,tender,88,02｜高頻,,,A 基礎優先,,,,,
1360,wood,88,02｜高頻,,,A 基礎優先,,,,,
1361,accepted,87,02｜高頻,,,A 基礎優先,,,,,
1362,affections,87,02｜高頻,,,A 基礎優先,,,,,
1363,asleep,87,02｜高頻,,,A 基礎優先,,,,,
1364,b,87,02｜高頻,,,A 基礎優先,,,,,
1365,carrying,87,02｜高頻,,,A 基礎優先,,,,,
1366,contact,87,02｜高頻,v./n.,聯絡,B 中高級核心,動詞；名詞,contacted,contacted,否,
1367,ebook,87,02｜高頻,,,A 基礎優先,,,,,
1368,engaged,87,02｜高頻,,,A 基礎優先,,,,,
1369,express,87,02｜高頻,v.,表達,B 中高級核心,動詞,expressed,expressed,否,
1370,maid,87,02｜高頻,,,A 基礎優先,,,,,
1371,offered,87,02｜高頻,,,A 基礎優先,,,,,
1372,rays,87,02｜高頻,,,A 基礎優先,,,,,
1373,regard,87,02｜高頻,,,A 基礎優先,,,,,
1374,report,87,02｜高頻,v./n.,報告；報導,B 中高級核心,動詞；名詞,reported,reported,否,
1375,shock,87,02｜高頻,,,A 基礎優先,,,,,
1376,situation,87,02｜高頻,n.,情況,B 中高級核心,名詞,—,—,—,
1377,try,87,02｜高頻,v.,嘗試,A 基礎必會,動詞,tried,tried,否,
1378,type,87,02｜高頻,n.,種類,B 中高級核心,名詞,—,—,—,
1379,unknown,87,02｜高頻,,,A 基礎優先,,,,,
1380,wearing,87,02｜高頻,,,A 基礎優先,,,,,
1381,allowed,86,02｜高頻,,,A 基礎優先,,,,,
1382,articles,86,02｜高頻,,,A 基礎優先,,,,,
1383,bear,86,02｜高頻,,,A 基礎優先,,,,,
1384,breast,86,02｜高頻,,,A 基礎優先,,,,,
1385,die,86,02｜高頻,v.,死亡,A 基礎必會,動詞,died,died,否,
1386,drive,86,02｜高頻,v.,駕駛,A 基礎必會,動詞,drove,driven,是,
1387,excited,86,02｜高頻,adj.,感到興奮的,A 基礎必會,形容詞,—,—,—,
1388,foundation,86,02｜高頻,,,A 基礎優先,,,,,
1389,kindly,86,02｜高頻,,,A 基礎優先,,,,,
1390,lies,86,02｜高頻,,,A 基礎優先,,,,,
1391,lodge,86,02｜高頻,,,A 基礎優先,,,,,
1392,necessity,86,02｜高頻,,,A 基礎優先,,,,,
1393,nonsense,86,02｜高頻,,,A 基礎優先,,,,,
1394,per,86,02｜高頻,,,A 基礎優先,,,,,
1395,rarely,86,02｜高頻,,,A 基礎優先,,,,,
1396,rooms,86,02｜高頻,,,A 基礎優先,,,,,
1397,rupture,86,02｜高頻,,,A 基礎優先,,,,,
1398,snow,86,02｜高頻,,,A 基礎優先,,,,,
1399,write,86,02｜高頻,v.,寫,A 基礎必會,動詞,wrote,written,是,
1400,accompanied,85,02｜高頻,,,A 基礎優先,,,,,
1401,apart,85,02｜高頻,adv.,分開地,A 基礎必會,副詞,—,—,—,
1402,brilliant,85,02｜高頻,,,A 基礎優先,,,,,
1403,including,85,02｜高頻,,,A 基礎優先,,,,,
1404,justice,85,02｜高頻,,,A 基礎優先,,,,,
1405,plans,85,02｜高頻,,,A 基礎優先,,,,,
1406,pretty,85,02｜高頻,,,A 基礎優先,,,,,
1407,reach,85,02｜高頻,v.,到達；達成,A 基礎必會,動詞,reached,reached,否,
1408,tendency,85,02｜高頻,,,A 基礎優先,,,,,
1409,weak,85,02｜高頻,adj.,虛弱的；弱的,B 中高級核心,形容詞,—,—,—,
1410,amid,84,02｜高頻,,,A 基礎優先,,,,,
1411,cossacks,84,02｜高頻,,,A 基礎優先,,,,,
1412,duties,84,02｜高頻,,,A 基礎優先,,,,,
1413,forget,84,02｜高頻,v.,忘記,A 基礎必會,動詞,forgot,forgotten,是,
1414,hussar,84,02｜高頻,,,A 基礎優先,,,,,
1415,infantry,84,02｜高頻,,,A 基礎優先,,,,,
1416,james,84,02｜高頻,,,A 基礎優先,,,,,
1417,millions,84,02｜高頻,,,A 基礎優先,,,,,
1418,nearer,84,02｜高頻,,,A 基礎優先,,,,,
1419,painful,84,02｜高頻,,,A 基礎優先,,,,,
1420,peculiar,84,02｜高頻,,,A 基礎優先,,,,,
1421,rising,84,02｜高頻,,,A 基礎優先,,,,,
1422,slightly,84,02｜高頻,,,A 基礎優先,,,,,
1423,sofa,84,02｜高頻,,,A 基礎優先,,,,,
1424,supply,84,02｜高頻,,,A 基礎優先,,,,,
1425,tax,84,02｜高頻,n.,稅,B 中高級核心,名詞,—,—,—,
1426,twice,84,02｜高頻,,,A 基礎優先,,,,,
1427,agitation,83,02｜高頻,,,A 基礎優先,,,,,
1428,burning,83,02｜高頻,,,A 基礎優先,,,,,
1429,carts,83,02｜高頻,,,A 基礎優先,,,,,
1430,cossack,83,02｜高頻,,,A 基礎優先,,,,,
1431,died,83,02｜高頻,,,A 基礎優先,,,,,
1432,hall,83,02｜高頻,,,A 基礎優先,,,,,
1433,heat,83,02｜高頻,n.,熱,B 中高級核心,名詞,—,—,—,
1434,lincoln,83,02｜高頻,,,A 基礎優先,,,,,
1435,minute,83,02｜高頻,n.,分鐘,B 中高級核心,名詞,—,—,—,
1436,points,83,02｜高頻,,,A 基礎優先,,,,,
1437,rare,83,02｜高頻,,,A 基礎優先,,,,,
1438,recognized,83,02｜高頻,,,A 基礎優先,,,,,
1439,sharp,83,02｜高頻,,,A 基礎優先,,,,,
1440,variety,83,02｜高頻,n.,多樣性,B 中高級核心,名詞,—,—,—,
1441,watson,83,02｜高頻,,,A 基礎優先,,,,,
1442,angrily,82,02｜高頻,,,A 基礎優先,,,,,
1443,bald,82,02｜高頻,,,A 基礎優先,,,,,
1444,becoming,82,02｜高頻,,,A 基礎優先,,,,,
1445,big,82,02｜高頻,adj.,大的,A 基礎必會,形容詞,—,—,—,
1446,convinced,82,02｜高頻,,,A 基礎優先,,,,,
1447,effects,82,02｜高頻,,,A 基礎優先,,,,,
1448,forth,82,02｜高頻,,,A 基礎優先,,,,,
1449,granulation,82,02｜高頻,,,A 基礎優先,,,,,
1450,principles,82,02｜高頻,,,A 基礎優先,,,,,
1451,prove,82,02｜高頻,,,A 基礎優先,,,,,
1452,sea,82,02｜高頻,n.,海,B 中高級核心,名詞,—,—,—,
1453,sovereign,82,02｜高頻,,,A 基礎優先,,,,,
1454,speech,82,02｜高頻,n.,演講；語言,B 中高級核心,名詞,—,—,—,
1455,sun,82,02｜高頻,,,A 基礎優先,,,,,
1456,tikhon,82,02｜高頻,,,A 基礎優先,,,,,
1457,towards,82,02｜高頻,,,A 基礎優先,,,,,
1458,adams,81,02｜高頻,,,A 基礎優先,,,,,
1459,adopted,81,02｜高頻,,,A 基礎優先,,,,,
1460,approached,81,02｜高頻,,,A 基礎優先,,,,,
1461,chest,81,02｜高頻,,,A 基礎優先,,,,,
1462,companion,81,02｜高頻,,,A 基礎優先,,,,,
1463,conception,81,02｜高頻,,,A 基礎優先,,,,,
1464,democratic,81,02｜高頻,,,A 基礎優先,,,,,
1465,favor,81,02｜高頻,,,A 基礎優先,,,,,
1466,goods,81,02｜高頻,,,A 基礎優先,,,,,
1467,grand,81,02｜高頻,,,A 基礎優先,,,,,
1468,highest,81,02｜高頻,,,A 基礎優先,,,,,
1469,introduced,81,02｜高頻,,,A 基礎優先,,,,,
1470,press,81,02｜高頻,,,A 基礎優先,,,,,
1471,pushed,81,02｜高頻,,,A 基礎優先,,,,,
1472,quick,81,02｜高頻,adj.,快的,B 中高級核心,形容詞,—,—,—,
1473,secret,81,02｜高頻,,,A 基礎優先,,,,,
1474,social,81,02｜高頻,adj.,社會的；社交的,B 中高級核心,形容詞,—,—,—,
1475,sore,81,02｜高頻,,,A 基礎優先,,,,,
1476,visit,81,02｜高頻,v.,拜訪,A 基礎必會,動詞,visited,visited,否,
1477,vol,81,02｜高頻,,,A 基礎優先,,,,,
1478,bleeding,80,02｜高頻,,,A 基礎優先,,,,,
1479,concerned,80,02｜高頻,adj.,擔心的；相關的,A 基礎必會,形容詞,—,—,—,
1480,cotton,80,02｜高頻,,,A 基礎優先,,,,,
1481,dying,80,02｜高頻,,,A 基礎優先,,,,,
1482,exposed,80,02｜高頻,,,A 基礎優先,,,,,
1483,handed,80,02｜高頻,,,A 基礎優先,,,,,
1484,inhabitants,80,02｜高頻,,,A 基礎優先,,,,,
1485,interference,80,02｜高頻,,,A 基礎優先,,,,,
1486,limited,80,02｜高頻,,,A 基礎優先,,,,,
1487,opposite,80,02｜高頻,,,A 基礎優先,,,,,
1488,paris,80,02｜高頻,,,A 基礎優先,,,,,
1489,promised,80,02｜高頻,,,A 基礎優先,,,,,
1490,proved,80,02｜高頻,,,A 基礎優先,,,,,
1491,serfs,80,02｜高頻,,,A 基礎優先,,,,,
1492,surprised,80,02｜高頻,,,A 基礎優先,,,,,
1493,americans,79,02｜高頻,,,A 基礎優先,,,,,
1494,cavalry,79,02｜高頻,,,A 基礎優先,,,,,
1495,evidence,79,02｜高頻,n.,證據,A 基礎必會,名詞,—,—,—,
1496,familiar,79,02｜高頻,adj.,熟悉的,A 基礎必會,形容詞,—,—,—,
1497,h,79,02｜高頻,,,A 基礎優先,,,,,
1498,laughter,79,02｜高頻,,,A 基礎優先,,,,,
1499,legislature,79,02｜高頻,,,A 基礎優先,,,,,
1500,mere,79,02｜高頻,,,A 基礎優先,,,,,
1501,needed,79,02｜高頻,,,A 基礎優先,,,,,
1502,osteomyelitis,79,02｜高頻,,,A 基礎優先,,,,,
1503,pacific,79,02｜高頻,,,A 基礎優先,,,,,
1504,paused,79,02｜高頻,,,A 基礎優先,,,,,
1505,pray,79,02｜高頻,,,A 基礎優先,,,,,
1506,quietly,79,02｜高頻,,,A 基礎優先,,,,,
1507,speranski,79,02｜高頻,,,A 基礎優先,,,,,
1508,sudden,79,02｜高頻,adj.,突然的,B 中高級核心,形容詞,—,—,—,
1509,suite,79,02｜高頻,,,A 基礎優先,,,,,
1510,theory,79,02｜高頻,n.,理論,B 中高級核心,名詞,—,—,—,
1511,yard,79,02｜高頻,,,A 基礎優先,,,,,
1512,arrested,78,02｜高頻,,,A 基礎優先,,,,,
1513,battery,78,02｜高頻,n.,電池,A 基礎必會,名詞,—,—,—,
1514,bennigsen,78,02｜高頻,,,A 基礎優先,,,,,
1515,circle,78,02｜高頻,n.,圓,A 基礎必會,名詞,—,—,—,
1516,consciousness,78,02｜高頻,,,A 基礎優先,,,,,
1517,definite,78,02｜高頻,,,A 基礎優先,,,,,
1518,feelings,78,02｜高頻,,,A 基礎優先,,,,,
1519,flushed,78,02｜高頻,,,A 基礎優先,,,,,
1520,fourth,78,02｜高頻,,,A 基礎優先,,,,,
1521,hamilton,78,02｜高頻,,,A 基礎優先,,,,,
1522,involuntarily,78,02｜高頻,,,A 基礎優先,,,,,
1523,iron,78,02｜高頻,,,A 基礎優先,,,,,
1524,liberty,78,02｜高頻,,,A 基礎優先,,,,,
1525,likely,78,02｜高頻,adj.,可能的,B 中高級核心,形容詞,—,—,—,
1526,major,78,02｜高頻,adj.,主要的,B 中高級核心,形容詞,—,—,—,
1527,marrow,78,02｜高頻,,,A 基礎優先,,,,,
1528,mississippi,78,02｜高頻,,,A 基礎優先,,,,,
1529,operations,78,02｜高頻,,,A 基礎優先,,,,,
1530,origin,78,02｜高頻,,,A 基礎優先,,,,,
1531,ourselves,78,02｜高頻,,,A 基礎優先,,,,,
1532,peasant,78,02｜高頻,,,A 基礎優先,,,,,
1533,problems,78,02｜高頻,,,A 基礎優先,,,,,
1534,repair,78,02｜高頻,v.,修理,B 中高級核心,動詞,repaired,repaired,否,
1535,slave,78,02｜高頻,,,A 基礎優先,,,,,
1536,throughout,78,02｜高頻,功能字,遍及；自始至終,A 基礎必會,文法／連接／介系詞,—,—,—,
1537,touched,78,02｜高頻,,,A 基礎優先,,,,,
1538,towns,78,02｜高頻,,,A 基礎優先,,,,,
1539,understanding,78,02｜高頻,,,A 基礎優先,,,,,
1540,valley,78,02｜高頻,,,A 基礎優先,,,,,
1541,actions,77,02｜高頻,,,A 基礎優先,,,,,
1542,agree,77,02｜高頻,v.,同意,A 基礎必會,動詞,agreed,agreed,否,
1543,application,77,02｜高頻,n.,申請；應用程式,A 基礎必會,名詞,—,—,—,
1544,arteries,77,02｜高頻,,,A 基礎優先,,,,,
1545,beneath,77,02｜高頻,,,A 基礎優先,,,,,
1546,britain,77,02｜高頻,,,A 基礎優先,,,,,
1547,built,77,02｜高頻,,,A 基礎優先,,,,,
1548,burned,77,02｜高頻,,,A 基礎優先,,,,,
1549,cent,77,02｜高頻,,,A 基礎優先,,,,,
1550,cities,77,02｜高頻,,,A 基礎優先,,,,,
1551,deeply,77,02｜高頻,,,A 基礎優先,,,,,
1552,demand,77,02｜高頻,v./n.,需求；要求,B 中高級核心,動詞；名詞,demanded,demanded,否,
1553,equally,77,02｜高頻,,,A 基礎優先,,,,,
1554,fields,77,02｜高頻,,,A 基礎優先,,,,,
1555,formerly,77,02｜高頻,,,A 基礎優先,,,,,
1556,ii,77,02｜高頻,,,A 基礎優先,,,,,
1557,immense,77,02｜高頻,,,A 基礎優先,,,,,
1558,ones,77,02｜高頻,,,A 基礎優先,,,,,
1559,raising,77,02｜高頻,,,A 基礎優先,,,,,
1560,remarkable,77,02｜高頻,,,A 基礎優先,,,,,
1561,respect,77,02｜高頻,n.,尊重,B 中高級核心,名詞,—,—,—,
1562,sorry,77,02｜高頻,,,A 基礎優先,,,,,
1563,splendid,77,02｜高頻,,,A 基礎優先,,,,,
1564,thick,77,02｜高頻,,,A 基礎優先,,,,,
1565,tuberculosis,77,02｜高頻,,,A 基礎優先,,,,,
1566,wealth,77,02｜高頻,,,A 基礎優先,,,,,
1567,address,76,02｜高頻,n.,地址,A 基礎必會,名詞,—,—,—,
1568,anti,76,02｜高頻,,,A 基礎優先,,,,,
1569,attempt,76,02｜高頻,v.,嘗試,B 中高級核心,動詞,attempted,attempted,否,
1570,central,76,02｜高頻,adj.,中央的,A 基礎必會,形容詞,—,—,—,
1571,council,76,02｜高頻,,,A 基礎優先,,,,,
1572,forced,76,02｜高頻,,,A 基礎優先,,,,,
1573,forest,76,02｜高頻,n.,森林,A 基礎必會,名詞,—,—,—,
1574,founded,76,02｜高頻,,,A 基礎優先,,,,,
1575,joined,76,02｜高頻,,,A 基礎優先,,,,,
1576,lands,76,02｜高頻,,,A 基礎優先,,,,,
1577,london,76,02｜高頻,,,A 基礎優先,,,,,
1578,periosteum,76,02｜高頻,,,A 基礎優先,,,,,
1579,problem,76,02｜高頻,n.,問題,B 中高級核心,名詞,—,—,—,
1580,prominent,76,02｜高頻,,,A 基礎優先,,,,,
1581,regular,76,02｜高頻,adj.,規律的；一般的,B 中高級核心,形容詞,—,—,—,
1582,seldom,76,02｜高頻,,,A 基礎優先,,,,,
1583,spot,76,02｜高頻,,,A 基礎優先,,,,,
1584,stream,76,02｜高頻,,,A 基礎優先,,,,,
1585,struggle,76,02｜高頻,,,A 基礎優先,,,,,
1586,teeth,76,02｜高頻,,,A 基礎優先,,,,,
1587,arranged,75,02｜高頻,,,A 基礎優先,,,,,
1588,box,75,02｜高頻,n.,盒子,A 基礎必會,名詞,—,—,—,
1589,bursa,75,02｜高頻,,,A 基礎優先,,,,,
1590,conflict,75,02｜高頻,n.,衝突,A 基礎必會,名詞,—,—,—,
1591,crossed,75,02｜高頻,,,A 基礎優先,,,,,
1592,extended,75,02｜高頻,,,A 基礎優先,,,,,
1593,fever,75,02｜高頻,,,A 基礎優先,,,,,
1594,food,75,02｜高頻,n.,食物,A 基礎必會,名詞,—,—,—,
1595,ha,75,02｜高頻,,,A 基礎優先,,,,,
1596,island,75,02｜高頻,n.,島嶼,B 中高級核心,名詞,—,—,—,
1597,liked,75,02｜高頻,,,A 基礎優先,,,,,
1598,mainly,75,02｜高頻,adv.,主要地,B 中高級核心,副詞,—,—,—,
1599,obtained,75,02｜高頻,,,A 基礎優先,,,,,
1600,paralysis,75,02｜高頻,,,A 基礎優先,,,,,
1601,pity,75,02｜高頻,,,A 基礎優先,,,,,
1602,risk,75,02｜高頻,n.,風險,B 中高級核心,名詞,—,—,—,
1603,separated,75,02｜高頻,,,A 基礎優先,,,,,
1604,sufficient,75,02｜高頻,,,A 基礎優先,,,,,
1605,telling,75,02｜高頻,,,A 基礎優先,,,,,
1606,tushin,75,02｜高頻,,,A 基礎優先,,,,,
1607,vera,75,02｜高頻,,,A 基礎優先,,,,,
1608,walk,75,02｜高頻,v.,走路,A 基礎必會,動詞,walked,walked,否,
1609,warm,75,02｜高頻,adj.,溫暖的,B 中高級核心,形容詞,—,—,—,
1610,yellow,75,02｜高頻,,,A 基礎優先,,,,,
1611,addressing,74,02｜高頻,,,A 基礎優先,,,,,
1612,bare,74,02｜高頻,,,A 基礎優先,,,,,
1613,domestic,74,02｜高頻,,,A 基礎優先,,,,,
1614,dull,74,02｜高頻,,,A 基礎優先,,,,,
1615,extraordinary,74,02｜高頻,,,A 基礎優先,,,,,
1616,genius,74,02｜高頻,,,A 基礎優先,,,,,
1617,grow,74,02｜高頻,v.,成長；種植,A 基礎必會,動詞,grew,grown,是,
1618,hurriedly,74,02｜高頻,,,A 基礎優先,,,,,
1619,lit,74,02｜高頻,,,A 基礎優先,,,,,
1620,material,74,02｜高頻,n.,材料；物質,B 中高級核心,名詞,—,—,—,
1621,minister,74,02｜高頻,,,A 基礎優先,,,,,
1622,muscular,74,02｜高頻,,,A 基礎優先,,,,,
1623,muttered,74,02｜高頻,,,A 基礎優先,,,,,
1624,secure,74,02｜高頻,,,A 基礎優先,,,,,
1625,shed,74,02｜高頻,,,A 基礎優先,,,,,
1626,spain,74,02｜高頻,,,A 基礎優先,,,,,
1627,stay,74,02｜高頻,v.,停留,A 基礎必會,動詞,stayed,stayed,否,
1628,supreme,74,02｜高頻,,,A 基礎優先,,,,,
1629,surfaces,74,02｜高頻,,,A 基礎優先,,,,,
1630,tall,74,02｜高頻,,,A 基礎優先,,,,,
1631,visitor,74,02｜高頻,,,A 基礎優先,,,,,
1632,affection,73,02｜高頻,,,A 基礎優先,,,,,
1633,amputation,73,02｜高頻,,,A 基礎優先,,,,,
1634,burst,73,02｜高頻,,,A 基礎優先,,,,,
1635,chosen,73,02｜高頻,,,A 基礎優先,,,,,
1636,class,73,02｜高頻,n.,課；班級,A 基礎必會,名詞,—,—,—,
1637,companies,73,02｜高頻,,,A 基礎優先,,,,,
1638,constant,73,02｜高頻,,,A 基礎優先,,,,,
1639,enormous,73,02｜高頻,,,A 基礎優先,,,,,
1640,firmly,73,02｜高頻,,,A 基礎優先,,,,,
1641,independent,73,02｜高頻,adj.,獨立的,B 中高級核心,形容詞,—,—,—,
1642,information,73,02｜高頻,n.,資訊,B 中高級核心,名詞,—,—,—,
1643,moreover,73,02｜高頻,,,A 基礎優先,,,,,
1644,powerful,73,02｜高頻,,,A 基礎優先,,,,,
1645,putting,73,02｜高頻,,,A 基礎優先,,,,,
1646,railway,73,02｜高頻,,,A 基礎優先,,,,,
1647,remains,73,02｜高頻,,,A 基礎優先,,,,,
1648,sac,73,02｜高頻,,,A 基礎優先,,,,,
1649,sensation,73,02｜高頻,,,A 基礎優先,,,,,
1650,ship,73,02｜高頻,,,A 基礎優先,,,,,
1651,streets,73,02｜高頻,,,A 基礎優先,,,,,
1652,trunk,73,02｜高頻,,,A 基礎優先,,,,,
1653,useful,73,02｜高頻,,,A 基礎優先,,,,,
1654,worn,73,02｜高頻,,,A 基礎優先,,,,,
1655,abandoned,72,02｜高頻,,,A 基礎優先,,,,,
1656,addition,72,02｜高頻,,,A 基礎優先,,,,,
1657,addressed,72,02｜高頻,,,A 基礎優先,,,,,
1658,afterwards,72,02｜高頻,,,A 基礎優先,,,,,
1659,attitude,72,02｜高頻,n.,態度,A 基礎必會,名詞,—,—,—,
1660,blow,72,02｜高頻,v.,吹,A 基礎必會,動詞,blew,blown,是,
1661,canal,72,02｜高頻,,,A 基礎優先,,,,,
1662,carefully,72,02｜高頻,adv.,小心地,A 基礎必會,副詞,—,—,—,
1663,clay,72,02｜高頻,,,A 基礎優先,,,,,
1664,devil,72,02｜高頻,,,A 基礎優先,,,,,
1665,empire,72,02｜高頻,,,A 基礎優先,,,,,
1666,enterprise,72,02｜高頻,,,A 基礎優先,,,,,
1667,examination,72,02｜高頻,,,A 基礎優先,,,,,
1668,extreme,72,02｜高頻,,,A 基礎優先,,,,,
1669,facts,72,02｜高頻,,,A 基礎優先,,,,,
1670,fallen,72,02｜高頻,,,A 基礎優先,,,,,
1671,greatest,72,02｜高頻,,,A 基礎優先,,,,,
1672,guests,72,02｜高頻,,,A 基礎優先,,,,,
1673,innocent,72,02｜高頻,,,A 基礎優先,,,,,
1674,lifted,72,02｜高頻,,,A 基礎優先,,,,,
1675,million,72,02｜高頻,,,A 基礎優先,,,,,
1676,oedema,72,02｜高頻,,,A 基礎優先,,,,,
1677,proportion,72,02｜高頻,,,A 基礎優先,,,,,
1678,quarters,72,02｜高頻,,,A 基礎優先,,,,,
1679,refused,72,02｜高頻,,,A 基礎優先,,,,,
1680,settlement,72,02｜高頻,,,A 基礎優先,,,,,
1681,silently,72,02｜高頻,,,A 基礎優先,,,,,
1682,stone,72,02｜高頻,,,A 基礎優先,,,,,
1683,tendons,72,02｜高頻,,,A 基礎優先,,,,,
1684,touch,72,02｜高頻,v.,觸碰,B 中高級核心,動詞,touched,touched,否,
1685,walls,72,02｜高頻,,,A 基礎優先,,,,,
1686,absolutely,71,02｜高頻,adv.,完全地；當然,A 基礎必會,副詞,—,—,—,
1687,agreed,71,02｜高頻,,,A 基礎優先,,,,,
1688,alive,71,02｜高頻,adj.,活著的,A 基礎必會,形容詞,—,—,—,
1689,arthritis,71,02｜高頻,,,A 基礎優先,,,,,
1690,assume,71,02｜高頻,v.,假設,B 中高級核心,動詞,assumed,assumed,否,
1691,austrian,71,02｜高頻,,,A 基礎優先,,,,,
1692,bezukhov,71,02｜高頻,,,A 基礎優先,,,,,
1693,blame,71,02｜高頻,,,A 基礎優先,,,,,
1694,bowed,71,02｜高頻,,,A 基礎優先,,,,,
1695,brown,71,02｜高頻,adj.,棕色的,A 基礎必會,形容詞,—,—,—,
1696,club,71,02｜高頻,n.,俱樂部；社團,A 基礎必會,名詞,—,—,—,
1697,compromise,71,02｜高頻,,,A 基礎優先,,,,,
1698,cure,71,02｜高頻,,,A 基礎優先,,,,,
1699,current,71,02｜高頻,adj./adv.,目前的,A 基礎必會,形容詞；副詞,—,—,—,
1700,frontier,71,02｜高頻,,,A 基礎優先,,,,,
1701,girls,71,02｜高頻,,,A 基礎優先,,,,,
1702,interesting,71,02｜高頻,adj.,有趣的,B 中高級核心,形容詞,—,—,—,
1703,julie,71,02｜高頻,,,A 基礎優先,,,,,
1704,knowledge,71,02｜高頻,n.,知識,B 中高級核心,名詞,—,—,—,
1705,nesvitski,71,02｜高頻,,,A 基礎優先,,,,,
1706,onto,71,02｜高頻,,,A 基礎優先,,,,,
1707,otherwise,71,02｜高頻,,,A 基礎優先,,,,,
1708,riding,71,02｜高頻,,,A 基礎優先,,,,,
1709,rubles,71,02｜高頻,,,A 基礎優先,,,,,
1710,shaft,71,02｜高頻,,,A 基礎優先,,,,,
1711,skull,71,02｜高頻,,,A 基礎優先,,,,,
1712,walking,71,02｜高頻,,,A 基礎優先,,,,,
1713,agreement,70,02｜高頻,n.,協議；同意,A 基礎必會,名詞,—,—,—,
1714,august,70,02｜高頻,,,A 基礎優先,,,,,
1715,beauty,70,02｜高頻,n.,美；美人,A 基礎必會,名詞,—,—,—,
1716,cellular,70,02｜高頻,,,A 基礎優先,,,,,
1717,center,70,02｜高頻,n.,中心,A 基礎必會,名詞,—,—,—,
1718,charge,70,02｜高頻,n.,費用；指控,A 基礎必會,名詞,—,—,—,
1719,clot,70,02｜高頻,,,A 基礎優先,,,,,
1720,edges,70,02｜高頻,,,A 基礎優先,,,,,
1721,gauze,70,02｜高頻,,,A 基礎優先,,,,,
1722,heaven,70,02｜高頻,,,A 基礎優先,,,,,
1723,lad,70,02｜高頻,,,A 基礎優先,,,,,
1724,laugh,70,02｜高頻,,,A 基礎優先,,,,,
1725,masses,70,02｜高頻,,,A 基礎優先,,,,,
1726,nurse,70,02｜高頻,,,A 基礎優先,,,,,
1727,shook,70,02｜高頻,,,A 基礎優先,,,,,
1728,sole,70,02｜高頻,,,A 基礎優先,,,,,
1729,spring,70,02｜高頻,,,A 基礎優先,,,,,
1730,square,70,02｜高頻,,,A 基礎優先,,,,,
1731,w,70,02｜高頻,,,A 基礎優先,,,,,
1732,weight,70,02｜高頻,n.,重量；體重,B 中高級核心,名詞,—,—,—,
1733,worth,70,02｜高頻,,,A 基礎優先,,,,,
1734,assumed,69,02｜高頻,,,A 基礎優先,,,,,
1735,characters,69,02｜高頻,,,A 基礎優先,,,,,
1736,copyright,69,02｜高頻,,,A 基礎優先,,,,,
1737,deal,69,02｜高頻,v.,處理；交易,A 基礎必會,動詞,dealt,dealt,是,
1738,derived,69,02｜高頻,,,A 基礎優先,,,,,
1739,elements,69,02｜高頻,,,A 基礎優先,,,,,
1740,enlarged,69,02｜高頻,,,A 基礎優先,,,,,
1741,fully,69,02｜高頻,,,A 基礎優先,,,,,
1742,germany,69,02｜高頻,,,A 基礎優先,,,,,
1743,heads,69,02｜高頻,,,A 基礎優先,,,,,
1744,increasing,69,02｜高頻,,,A 基礎優先,,,,,
1745,journey,69,02｜高頻,n.,旅程,B 中高級核心,名詞,—,—,—,
1746,mexico,69,02｜高頻,,,A 基礎優先,,,,,
1747,michael,69,02｜高頻,,,A 基礎優先,,,,,
1748,organized,69,02｜高頻,,,A 基礎優先,,,,,
1749,separate,69,02｜高頻,adj.,分開的,B 中高級核心,形容詞,—,—,—,
1750,share,69,02｜高頻,v.,分享,A 基礎必會,動詞,shared,shared,否,
1751,sheath,69,02｜高頻,,,A 基礎優先,,,,,
1752,suggested,69,02｜高頻,,,A 基礎優先,,,,,
1753,visitors,69,02｜高頻,,,A 基礎優先,,,,,
1754,writing,69,02｜高頻,,,A 基礎優先,,,,,
1755,yesterday,69,02｜高頻,adv.,昨天,B 中高級核心,副詞,—,—,—,
1756,apparently,68,02｜高頻,adv.,顯然地；看來,A 基礎必會,副詞,—,—,—,
1757,approaching,68,02｜高頻,,,A 基礎優先,,,,,
1758,arrival,68,02｜高頻,,,A 基礎優先,,,,,
1759,bacillus,68,02｜高頻,,,A 基礎優先,,,,,
1760,bilibin,68,02｜高頻,,,A 基礎優先,,,,,
1761,commercial,68,02｜高頻,adj.,商業的,A 基礎必會,形容詞,—,—,—,
1762,conscious,68,02｜高頻,,,A 基礎優先,,,,,
1763,containing,68,02｜高頻,,,A 基礎優先,,,,,
1764,darkness,68,02｜高頻,,,A 基礎優先,,,,,
1765,distinguished,68,02｜高頻,,,A 基礎優先,,,,,
1766,dreadful,68,02｜高頻,,,A 基礎優先,,,,,
1767,entering,68,02｜高頻,,,A 基礎優先,,,,,
1768,garden,68,02｜高頻,n.,花園,A 基礎必會,名詞,—,—,—,
1769,l,68,02｜高頻,,,A 基礎優先,,,,,
1770,legislatures,68,02｜高頻,,,A 基礎優先,,,,,
1771,obvious,68,02｜高頻,adj.,明顯的,B 中高級核心,形容詞,—,—,—,
1772,policies,68,02｜高頻,,,A 基礎優先,,,,,
1773,returning,68,02｜高頻,,,A 基礎優先,,,,,
1774,sky,68,02｜高頻,,,A 基礎優先,,,,,
1775,trust,68,02｜高頻,v./n.,信任,B 中高級核心,動詞；名詞,trusted,trusted,否,
1776,wrist,68,02｜高頻,,,A 基礎優先,,,,,
1777,announced,67,02｜高頻,,,A 基礎優先,,,,,
1778,confused,67,02｜高頻,,,A 基礎優先,,,,,
1779,cyst,67,02｜高頻,,,A 基礎優先,,,,,
1780,defense,67,02｜高頻,,,A 基礎優先,,,,,
1781,details,67,02｜高頻,,,A 基礎優先,,,,,
1782,didn,67,02｜高頻,,,A 基礎優先,,,,,
1783,fighting,67,02｜高頻,,,A 基礎優先,,,,,
1784,follows,67,02｜高頻,,,A 基礎優先,,,,,
1785,freely,67,02｜高頻,,,A 基礎優先,,,,,
1786,gazing,67,02｜高頻,,,A 基礎優先,,,,,
1787,groups,67,02｜高頻,,,A 基礎優先,,,,,
1788,impression,67,02｜高頻,,,A 基礎優先,,,,,
1789,kuragin,67,02｜高頻,,,A 基礎優先,,,,,
1790,limbs,67,02｜高頻,,,A 基礎優先,,,,,
1791,occurrence,67,02｜高頻,,,A 基礎優先,,,,,
1792,previous,67,02｜高頻,,,A 基礎優先,,,,,
1793,promise,67,02｜高頻,v./n.,承諾,B 中高級核心,動詞；名詞,promised,promised,否,
1794,rate,67,02｜高頻,n.,比率；評價,B 中高級核心,名詞,—,—,—,
1795,referred,67,02｜高頻,,,A 基礎優先,,,,,
1796,satisfaction,67,02｜高頻,,,A 基礎優先,,,,,
1797,start,67,02｜高頻,v.,開始,A 基礎必會,動詞,started,started,否,
1798,subjects,67,02｜高頻,,,A 基礎優先,,,,,
1799,throat,67,02｜高頻,,,A 基礎優先,,,,,
1800,wars,67,02｜高頻,,,A 基礎優先,,,,,
1801,youth,67,02｜高頻,,,A 基礎優先,,,,,
1802,animated,66,02｜高頻,,,A 基礎優先,,,,,
1803,attacks,66,02｜高頻,,,A 基礎優先,,,,,
1804,branches,66,02｜高頻,,,A 基礎優先,,,,,
1805,cysts,66,02｜高頻,,,A 基礎優先,,,,,
1806,demanded,66,02｜高頻,,,A 基礎優先,,,,,
1807,driven,66,02｜高頻,,,A 基礎優先,,,,,
1808,expecting,66,02｜高頻,,,A 基礎優先,,,,,
1809,femur,66,02｜高頻,,,A 基礎優先,,,,,
1810,final,66,02｜高頻,adj.,最後的,A 基礎必會,形容詞,—,—,—,
1811,forehead,66,02｜高頻,,,A 基礎優先,,,,,
1812,immigration,66,02｜高頻,,,A 基礎優先,,,,,
1813,infective,66,02｜高頻,,,A 基礎優先,,,,,
1814,intention,66,02｜高頻,,,A 基礎優先,,,,,
1815,marshal,66,02｜高頻,,,A 基礎優先,,,,,
1816,mentioned,66,02｜高頻,,,A 基礎優先,,,,,
1817,opportunity,66,02｜高頻,n.,機會,B 中高級核心,名詞,—,—,—,
1818,p,66,02｜高頻,,,A 基礎優先,,,,,
1819,pressing,66,02｜高頻,,,A 基礎優先,,,,,
1820,relief,66,02｜高頻,,,A 基礎優先,,,,,
1821,sacrifice,66,02｜高頻,,,A 基礎優先,,,,,
1822,spanish,66,02｜高頻,,,A 基礎優先,,,,,
1823,squadron,66,02｜高頻,,,A 基礎優先,,,,,
1824,surgical,66,02｜高頻,,,A 基礎優先,,,,,
1825,tongue,66,02｜高頻,,,A 基礎優先,,,,,
1826,wishing,66,02｜高頻,,,A 基礎優先,,,,,
1827,worse,66,02｜高頻,,,A 基礎優先,,,,,
1828,accustomed,65,02｜高頻,,,A 基礎優先,,,,,
1829,admit,65,02｜高頻,v.,承認；准許進入,A 基礎必會,動詞,admitted,admitted,否,
1830,attacked,65,02｜高頻,,,A 基礎優先,,,,,
1831,bell,65,02｜高頻,,,A 基礎優先,,,,,
1832,cost,65,02｜高頻,v.,花費,A 基礎必會,動詞,cost,cost,是,
1833,debt,65,02｜高頻,,,A 基礎優先,,,,,
1834,diffuse,65,02｜高頻,,,A 基礎優先,,,,,
1835,doctrine,65,02｜高頻,,,A 基礎優先,,,,,
1836,gate,65,02｜高頻,,,A 基礎優先,,,,,
1837,green,65,02｜高頻,adj.,綠色的,B 中高級核心,形容詞,—,—,—,
1838,historical,65,02｜高頻,,,A 基礎優先,,,,,
1839,interested,65,02｜高頻,adj.,感興趣的,B 中高級核心,形容詞,—,—,—,
1840,numbers,65,02｜高頻,,,A 基礎優先,,,,,
1841,parliament,65,02｜高頻,,,A 基礎優先,,,,,
1842,philadelphia,65,02｜高頻,,,A 基礎優先,,,,,
1843,scarcely,65,02｜高頻,,,A 基礎優先,,,,,
1844,slow,65,02｜高頻,,,A 基礎優先,,,,,
1845,space,65,02｜高頻,n.,空間；太空,B 中高級核心,名詞,—,—,—,
1846,stern,65,02｜高頻,,,A 基礎優先,,,,,
1847,tubercle,65,02｜高頻,,,A 基礎優先,,,,,
1848,widely,65,02｜高頻,,,A 基礎優先,,,,,
1849,actual,64,02｜高頻,adj.,實際的,A 基礎必會,形容詞,—,—,—,
1850,ashamed,64,02｜高頻,,,A 基礎優先,,,,,
1851,boston,64,02｜高頻,,,A 基礎優先,,,,,
1852,commanders,64,02｜高頻,,,A 基礎優先,,,,,
1853,determined,64,02｜高頻,,,A 基礎優先,,,,,
1854,dog,64,02｜高頻,n.,狗,A 基礎必會,名詞,—,—,—,
1855,existence,64,02｜高頻,,,A 基礎優先,,,,,
1856,faith,64,02｜高頻,,,A 基礎優先,,,,,
1857,false,64,02｜高頻,adj.,錯誤的；假的,A 基礎必會,形容詞,—,—,—,
1858,fibres,64,02｜高頻,,,A 基礎優先,,,,,
1859,forgive,64,02｜高頻,v.,原諒,A 基礎必會,動詞,forgave,forgiven,是,
1860,forgotten,64,02｜高頻,,,A 基礎優先,,,,,
1861,fracture,64,02｜高頻,,,A 基礎優先,,,,,
1862,germans,64,02｜高頻,,,A 基礎優先,,,,,
1863,happens,64,02｜高頻,,,A 基礎優先,,,,,
1864,horror,64,02｜高頻,,,A 基礎優先,,,,,
1865,industries,64,02｜高頻,,,A 基礎優先,,,,,
1866,irritation,64,02｜高頻,,,A 基礎優先,,,,,
1867,karataev,64,02｜高頻,,,A 基礎優先,,,,,
1868,loud,64,02｜高頻,,,A 基礎優先,,,,,
1869,month,64,02｜高頻,n.,月份,B 中高級核心,名詞,—,—,—,
1870,nine,64,02｜高頻,,,A 基礎優先,,,,,
1871,notes,64,02｜高頻,,,A 基礎優先,,,,,
1872,permanent,64,02｜高頻,,,A 基礎優先,,,,,
1873,reasons,64,02｜高頻,,,A 基礎優先,,,,,
1874,serve,64,02｜高頻,v.,服務；供應,A 基礎必會,動詞,served,served,否,
1875,ships,64,02｜高頻,,,A 基礎優先,,,,,
1876,supper,64,02｜高頻,,,A 基礎優先,,,,,
1877,views,64,02｜高頻,,,A 基礎優先,,,,,
1878,william,64,02｜高頻,,,A 基礎優先,,,,,
1879,advantage,63,02｜高頻,n.,優點；優勢,A 基礎必會,名詞,—,—,—,
1880,advice,63,02｜高頻,n.,建議,A 基礎必會,名詞,—,—,—,
1881,anxious,63,02｜高頻,adj.,焦慮的；渴望的,A 基礎必會,形容詞,—,—,—,
1882,bit,63,02｜高頻,n.,一點；小片,A 基礎必會,名詞,—,—,—,
1883,ceased,63,02｜高頻,,,A 基礎優先,,,,,
1884,colonists,63,02｜高頻,,,A 基礎優先,,,,,
1885,conduct,63,02｜高頻,v.,進行；引導,B 中高級核心,動詞,conducted,conducted,否,
1886,degeneration,63,02｜高頻,,,A 基礎優先,,,,,
1887,entire,63,02｜高頻,,,A 基礎優先,,,,,
1888,failed,63,02｜高頻,,,A 基礎優先,,,,,
1889,fatal,63,02｜高頻,,,A 基礎優先,,,,,
1890,gun,63,02｜高頻,,,A 基礎優先,,,,,
1891,length,63,02｜高頻,,,A 基礎優先,,,,,
1892,managed,63,02｜高頻,,,A 基礎優先,,,,,
1893,moist,63,02｜高頻,,,A 基礎優先,,,,,
1894,presents,63,02｜高頻,,,A 基礎優先,,,,,
1895,protection,63,02｜高頻,,,A 基礎優先,,,,,
1896,recognised,63,02｜高頻,,,A 基礎優先,,,,,
1897,seriously,63,02｜高頻,,,A 基礎優先,,,,,
1898,served,63,02｜高頻,,,A 基礎優先,,,,,
1899,suffered,63,02｜高頻,,,A 基礎優先,,,,,
1900,taxes,63,02｜高頻,,,A 基礎優先,,,,,
1901,texas,63,02｜高頻,,,A 基礎優先,,,,,
1902,wolf,63,02｜高頻,,,A 基礎優先,,,,,
1903,armies,62,02｜高頻,,,A 基礎優先,,,,,
1904,calling,62,02｜高頻,,,A 基礎優先,,,,,
1905,charming,62,02｜高頻,,,A 基礎優先,,,,,
1906,cloak,62,02｜高頻,,,A 基礎優先,,,,,
1907,clothes,62,02｜高頻,n.,衣服,A 基礎必會,名詞,—,—,—,
1908,column,62,02｜高頻,,,A 基礎優先,,,,,
1909,commission,62,02｜高頻,,,A 基礎優先,,,,,
1910,created,62,02｜高頻,,,A 基礎優先,,,,,
1911,debts,62,02｜高頻,,,A 基礎優先,,,,,
1912,distribution,62,02｜高頻,,,A 基礎優先,,,,,
1913,domain,62,02｜高頻,,,A 基礎優先,,,,,
1914,excellent,62,02｜高頻,adj.,優秀的,A 基礎必會,形容詞,—,—,—,
1915,excitement,62,02｜高頻,,,A 基礎優先,,,,,
1916,feared,62,02｜高頻,,,A 基礎優先,,,,,
1917,forming,62,02｜高頻,,,A 基礎優先,,,,,
1918,heavily,62,02｜高頻,,,A 基礎優先,,,,,
1919,join,62,02｜高頻,v.,加入,A 基礎必會,動詞,joined,joined,否,
1920,kentucky,62,02｜高頻,,,A 基礎優先,,,,,
1921,louisiana,62,02｜高頻,,,A 基礎優先,,,,,
1922,mine,62,02｜高頻,,,A 基礎優先,,,,,
1923,mixed,62,02｜高頻,,,A 基礎優先,,,,,
1924,n,62,02｜高頻,,,A 基礎優先,,,,,
1925,practical,62,02｜高頻,,,A 基礎優先,,,,,
1926,shape,62,02｜高頻,,,A 基礎優先,,,,,
1927,sprang,62,02｜高頻,,,A 基礎優先,,,,,
1928,spreading,62,02｜高頻,,,A 基礎優先,,,,,
1929,stepped,62,02｜高頻,,,A 基礎優先,,,,,
1930,stout,62,02｜高頻,,,A 基礎優先,,,,,
1931,absorbed,61,02｜高頻,,,A 基礎優先,,,,,
1932,acid,61,02｜高頻,,,A 基礎優先,,,,,
1933,admission,61,02｜高頻,,,A 基礎優先,,,,,
1934,admitted,61,02｜高頻,,,A 基礎優先,,,,,
1935,breaking,61,02｜高頻,,,A 基礎優先,,,,,
1936,clean,61,02｜高頻,adj.,乾淨的,A 基礎必會,形容詞,—,—,—,
1937,contraction,61,02｜高頻,,,A 基礎優先,,,,,
1938,credit,61,02｜高頻,n.,信用；學分,A 基礎必會,名詞,—,—,—,
1939,crime,61,02｜高頻,n.,犯罪,A 基礎必會,名詞,—,—,—,
1940,crown,61,02｜高頻,,,A 基礎優先,,,,,
1941,curiosity,61,02｜高頻,,,A 基礎優先,,,,,
1942,decision,61,02｜高頻,n.,決定,A 基礎必會,名詞,—,—,—,
1943,empty,61,02｜高頻,adj.,空的,A 基礎必會,形容詞,—,—,—,
1944,expect,61,02｜高頻,v.,預期,A 基礎必會,動詞,expected,expected,否,
1945,feature,61,02｜高頻,n.,特徵；功能,A 基礎必會,名詞,—,—,—,
1946,fifteen,61,02｜高頻,,,A 基礎優先,,,,,
1947,fond,61,02｜高頻,,,A 基礎優先,,,,,
1948,grant,61,02｜高頻,n.,補助金,B 中高級核心,名詞,—,—,—,
1949,inevitable,61,02｜高頻,,,A 基礎優先,,,,,
1950,language,61,02｜高頻,n.,語言,B 中高級核心,名詞,—,—,—,
1951,legislation,61,02｜高頻,,,A 基礎優先,,,,,
1952,narrow,61,02｜高頻,,,A 基礎優先,,,,,
1953,piece,61,02｜高頻,n.,一片；一件,B 中高級核心,名詞,—,—,—,
1954,planting,61,02｜高頻,,,A 基礎優先,,,,,
1955,prolonged,61,02｜高頻,,,A 基礎優先,,,,,
1956,summer,61,02｜高頻,n.,夏天,B 中高級核心,名詞,—,—,—,
1957,tibia,61,02｜高頻,,,A 基礎優先,,,,,
1958,wine,61,02｜高頻,,,A 基礎優先,,,,,
1959,arrest,60,02｜高頻,,,A 基礎優先,,,,,
1960,commonly,60,02｜高頻,,,A 基礎優先,,,,,
1961,comparatively,60,02｜高頻,,,A 基礎優先,,,,,
1962,confined,60,02｜高頻,,,A 基礎優先,,,,,
1963,departure,60,02｜高頻,,,A 基礎優先,,,,,
1964,edge,60,02｜高頻,n.,邊緣,A 基礎必會,名詞,—,—,—,
1965,everywhere,60,02｜高頻,,,A 基礎優先,,,,,
1966,explained,60,02｜高頻,,,A 基礎優先,,,,,
1967,fifth,60,02｜高頻,,,A 基礎優先,,,,,
1968,finding,60,02｜高頻,,,A 基礎優先,,,,,
1969,gesture,60,02｜高頻,,,A 基礎優先,,,,,
1970,goes,60,02｜高頻,,,A 基礎優先,,,,,
1971,granulations,60,02｜高頻,,,A 基礎優先,,,,,
1972,healthy,60,02｜高頻,adj.,健康的,B 中高級核心,形容詞,—,—,—,
1973,hurrah,60,02｜高頻,,,A 基礎優先,,,,,
1974,injection,60,02｜高頻,,,A 基礎優先,,,,,
1975,inner,60,02｜高頻,,,A 基礎優先,,,,,
1976,lives,60,02｜高頻,,,A 基礎優先,,,,,
1977,motion,60,02｜高頻,,,A 基礎優先,,,,,
1978,nail,60,02｜高頻,,,A 基礎優先,,,,,
1979,played,60,02｜高頻,,,A 基礎優先,,,,,
1980,prisoner,60,02｜高頻,,,A 基礎優先,,,,,
1981,satisfied,60,02｜高頻,,,A 基礎優先,,,,,
1982,science,60,02｜高頻,n.,科學,B 中高級核心,名詞,—,—,—,
1983,sheaths,60,02｜高頻,,,A 基礎優先,,,,,
1984,sorrow,60,02｜高頻,,,A 基礎優先,,,,,
1985,supplies,60,02｜高頻,,,A 基礎優先,,,,,
1986,torn,60,02｜高頻,,,A 基礎優先,,,,,
1987,triumph,60,02｜高頻,,,A 基礎優先,,,,,
1988,visible,60,02｜高頻,,,A 基礎優先,,,,,
1989,votes,60,02｜高頻,,,A 基礎優先,,,,,
1990,wet,60,02｜高頻,,,A 基礎優先,,,,,
1991,anger,59,02｜高頻,n.,憤怒,A 基礎必會,名詞,—,—,—,
1992,books,59,02｜高頻,,,A 基礎優先,,,,,
1993,dropped,59,02｜高頻,,,A 基礎優先,,,,,
1994,entrance,59,02｜高頻,,,A 基礎優先,,,,,
1995,estates,59,02｜高頻,,,A 基礎優先,,,,,
1996,famous,59,02｜高頻,adj.,有名的,A 基礎必會,形容詞,—,—,—,
1997,gathered,59,02｜高頻,,,A 基礎優先,,,,,
1998,insisted,59,02｜高頻,,,A 基礎優先,,,,,
1999,mistaken,59,02｜高頻,,,A 基礎優先,,,,,
2000,mrs,59,02｜高頻,,,A 基礎優先,,,,,
2001,naturally,59,02｜高頻,,,A 基礎優先,,,,,
2002,page,59,02｜高頻,n.,頁,B 中高級核心,名詞,—,—,—,
2003,patients,59,02｜高頻,,,A 基礎優先,,,,,
2004,physical,59,02｜高頻,adj.,身體的；物理的,B 中高級核心,形容詞,—,—,—,
2005,planters,59,02｜高頻,,,A 基礎優先,,,,,
2006,playing,59,02｜高頻,,,A 基礎優先,,,,,
2007,reform,59,02｜高頻,,,A 基礎優先,,,,,
2008,search,59,02｜高頻,v./n.,搜尋,B 中高級核心,動詞；名詞,searched,searched,否,
2009,situated,59,02｜高頻,,,A 基礎優先,,,,,
2010,striking,59,02｜高頻,,,A 基礎優先,,,,,
2011,suppose,59,02｜高頻,,,A 基礎優先,,,,,
2012,acting,58,02｜高頻,,,A 基礎優先,,,,,
2013,approval,58,02｜高頻,n.,批准；同意,A 基礎必會,名詞,—,—,—,
2014,brain,58,02｜高頻,n.,大腦,A 基礎必會,名詞,—,—,—,
2015,burns,58,02｜高頻,,,A 基礎優先,,,,,
2016,conclusion,58,02｜高頻,,,A 基礎優先,,,,,
2017,confusion,58,02｜高頻,,,A 基礎優先,,,,,
2018,deeper,58,02｜高頻,,,A 基礎優先,,,,,
2019,disappeared,58,02｜高頻,,,A 基礎優先,,,,,
2020,ears,58,02｜高頻,,,A 基礎優先,,,,,
2021,electronic,58,02｜高頻,adj.,電子的,A 基礎必會,形容詞,—,—,—,
2022,explanation,58,02｜高頻,n.,解釋,A 基礎必會,名詞,—,—,—,
2023,extension,58,02｜高頻,,,A 基礎優先,,,,,
2024,forever,58,02｜高頻,,,A 基礎優先,,,,,
2025,gentle,58,02｜高頻,,,A 基礎優先,,,,,
2026,greatly,58,02｜高頻,,,A 基礎優先,,,,,
2027,hurried,58,02｜高頻,,,A 基礎優先,,,,,
2028,hut,58,02｜高頻,,,A 基礎優先,,,,,
2029,intended,58,02｜高頻,,,A 基礎優先,,,,,
2030,issued,58,02｜高頻,,,A 基礎優先,,,,,
2031,leadership,58,02｜高頻,,,A 基礎優先,,,,,
2032,missouri,58,02｜高頻,,,A 基礎優先,,,,,
2033,organs,58,02｜高頻,,,A 基礎優先,,,,,
2034,raw,58,02｜高頻,,,A 基礎優先,,,,,
2035,reaching,58,02｜高頻,,,A 基礎優先,,,,,
2036,reception,58,02｜高頻,,,A 基礎優先,,,,,
2037,rules,58,02｜高頻,,,A 基礎優先,,,,,
2038,shadow,58,02｜高頻,,,A 基礎優先,,,,,
2039,swollen,58,02｜高頻,,,A 基礎優先,,,,,
2040,uttered,58,02｜高頻,,,A 基礎優先,,,,,
2041,vice,58,02｜高頻,,,A 基礎優先,,,,,
2042,watched,58,02｜高頻,,,A 基礎優先,,,,,
2043,wore,58,02｜高頻,,,A 基礎優先,,,,,
2044,accept,57,02｜高頻,v.,接受,A 基礎必會,動詞,accepted,accepted,否,
2045,acquired,57,02｜高頻,,,A 基礎優先,,,,,
2046,animal,57,02｜高頻,n.,動物,A 基礎必會,名詞,—,—,—,
2047,colony,57,02｜高頻,,,A 基礎優先,,,,,
2048,concluded,57,02｜高頻,,,A 基礎優先,,,,,
2049,daniel,57,02｜高頻,,,A 基礎優先,,,,,
2050,destroy,57,02｜高頻,,,A 基礎優先,,,,,
2051,education,57,02｜高頻,n.,教育,A 基礎必會,名詞,—,—,—,
2052,function,57,02｜高頻,n.,功能,A 基礎必會,名詞,—,—,—,
2053,ideas,57,02｜高頻,,,A 基礎優先,,,,,
2054,immediate,57,02｜高頻,adj.,立即的,B 中高級核心,形容詞,—,—,—,
2055,kill,57,02｜高頻,,,A 基礎優先,,,,,
2056,leucocytes,57,02｜高頻,,,A 基礎優先,,,,,
2057,noticing,57,02｜高頻,,,A 基礎優先,,,,,
2058,offer,57,02｜高頻,v.,提供,A 基礎必會,動詞,offered,offered,否,
2059,pulled,57,02｜高頻,,,A 基礎優先,,,,,
2060,resolution,57,02｜高頻,,,A 基礎優先,,,,,
2061,sighed,57,02｜高頻,,,A 基礎優先,,,,,
2062,smooth,57,02｜高頻,,,A 基礎優先,,,,,
2063,somewhere,57,02｜高頻,,,A 基礎優先,,,,,
2064,stupid,57,02｜高頻,,,A 基礎優先,,,,,
2065,sympathy,57,02｜高頻,,,A 基礎優先,,,,,
2066,terror,57,02｜高頻,,,A 基礎優先,,,,,
2067,train,57,02｜高頻,v./n.,訓練,B 中高級核心,動詞；名詞,trained,trained,否,
2068,trouble,57,02｜高頻,n.,麻煩,B 中高級核心,名詞,—,—,—,
2069,trusts,57,02｜高頻,,,A 基礎優先,,,,,
2070,unexpectedly,57,02｜高頻,,,A 基礎優先,,,,,
2071,venous,57,02｜高頻,,,A 基礎優先,,,,,
2072,absent,56,02｜高頻,,,A 基礎優先,,,,,
2073,absolute,56,02｜高頻,adj.,絕對的,A 基礎必會,形容詞,—,—,—,
2074,access,56,02｜高頻,n.,使用權；存取,A 基礎必會,名詞,—,—,—,
2075,acquaintance,56,02｜高頻,,,A 基礎優先,,,,,
2076,artillery,56,02｜高頻,,,A 基礎優先,,,,,
2077,avoided,56,02｜高頻,,,A 基礎優先,,,,,
2078,based,56,02｜高頻,,,A 基礎優先,,,,,
2079,beg,56,02｜高頻,,,A 基礎優先,,,,,
2080,candidate,56,02｜高頻,n.,候選人；求職者,A 基礎必會,名詞,—,—,—,
2081,cart,56,02｜高頻,,,A 基礎優先,,,,,
2082,clever,56,02｜高頻,,,A 基礎優先,,,,,
2083,develop,56,02｜高頻,v.,發展,A 基礎必會,動詞,developed,developed,否,
2084,friendly,56,02｜高頻,adj.,友善的,A 基礎必會,形容詞,—,—,—,
2085,g,56,02｜高頻,,,A 基礎優先,,,,,
2086,grain,56,02｜高頻,,,A 基礎優先,,,,,
2087,guard,56,02｜高頻,,,A 基礎優先,,,,,
2088,handkerchief,56,02｜高頻,,,A 基礎優先,,,,,
2089,hastily,56,02｜高頻,,,A 基礎優先,,,,,
2090,helped,56,02｜高頻,,,A 基礎優先,,,,,
2091,interior,56,02｜高頻,,,A 基礎優先,,,,,
2092,keeping,56,02｜高頻,,,A 基礎優先,,,,,
2093,lip,56,02｜高頻,,,A 基礎優先,,,,,
2094,merry,56,02｜高頻,,,A 基礎優先,,,,,
2095,moments,56,02｜高頻,,,A 基礎優先,,,,,
2096,music,56,02｜高頻,n.,音樂,B 中高級核心,名詞,—,—,—,
2097,partly,56,02｜高頻,,,A 基礎優先,,,,,
2098,performed,56,02｜高頻,,,A 基礎優先,,,,,
2099,pipe,56,02｜高頻,,,A 基礎優先,,,,,
2100,portions,56,02｜高頻,,,A 基礎優先,,,,,
2101,principle,56,02｜高頻,,,A 基礎優先,,,,,
2102,republic,56,02｜高頻,,,A 基礎優先,,,,,
2103,resources,56,02｜高頻,,,A 基礎優先,,,,,
2104,simon,56,02｜高頻,,,A 基礎優先,,,,,
2105,sinus,56,02｜高頻,,,A 基礎優先,,,,,
2106,successful,56,02｜高頻,adj.,成功的,B 中高級核心,形容詞,—,—,—,
2107,tsar,56,02｜高頻,,,A 基礎優先,,,,,
2108,vary,56,02｜高頻,,,A 基礎優先,,,,,
2109,virtue,56,02｜高頻,,,A 基礎優先,,,,,
2110,agriculture,55,02｜高頻,n.,農業,A 基礎必會,名詞,—,—,—,
2111,appeal,55,02｜高頻,,,A 基礎優先,,,,,
2112,article,55,02｜高頻,n.,文章；物品,A 基礎必會,名詞,—,—,—,
2113,aspect,55,02｜高頻,n.,方面,A 基礎必會,名詞,—,—,—,
2114,badly,55,02｜高頻,,,A 基礎優先,,,,,
2115,bought,55,02｜高頻,,,A 基礎優先,,,,,
2116,busy,55,02｜高頻,adj.,忙碌的,A 基礎必會,形容詞,—,—,—,
2117,california,55,02｜高頻,,,A 基礎優先,,,,,
2118,captured,55,02｜高頻,,,A 基礎優先,,,,,
2119,crowded,55,02｜高頻,,,A 基礎優先,,,,,
2120,defined,55,02｜高頻,,,A 基礎優先,,,,,
2121,delegates,55,02｜高頻,,,A 基礎優先,,,,,
2122,draw,55,02｜高頻,v.,畫；拉,A 基礎必會,動詞,drew,drawn,是,
2123,drink,55,02｜高頻,v.,喝,A 基礎必會,動詞,drank,drunk,是,
2124,epithelium,55,02｜高頻,,,A 基礎優先,,,,,
2125,evil,55,02｜高頻,,,A 基礎優先,,,,,
2126,fair,55,02｜高頻,adj.,公平的,A 基礎必會,形容詞,—,—,—,
2127,game,55,02｜高頻,n.,遊戲；比賽,A 基礎必會,名詞,—,—,—,
2128,grafting,55,02｜高頻,,,A 基礎優先,,,,,
2129,habit,55,02｜高頻,n.,習慣,B 中高級核心,名詞,—,—,—,
2130,hero,55,02｜高頻,,,A 基礎優先,,,,,
2131,household,55,02｜高頻,,,A 基礎優先,,,,,
2132,injured,55,02｜高頻,,,A 基礎優先,,,,,
2133,iv,55,02｜高頻,,,A 基礎優先,,,,,
2134,knees,55,02｜高頻,,,A 基礎優先,,,,,
2135,la,55,02｜高頻,,,A 基礎優先,,,,,
2136,le,55,02｜高頻,,,A 基礎優先,,,,,
2137,leaning,55,02｜高頻,,,A 基礎優先,,,,,
2138,memory,55,02｜高頻,n.,記憶,B 中高級核心,名詞,—,—,—,
2139,possession,55,02｜高頻,,,A 基礎優先,,,,,
2140,previously,55,02｜高頻,,,A 基礎優先,,,,,
2141,replaced,55,02｜高頻,,,A 基礎優先,,,,,
2142,ring,55,02｜高頻,,,A 基礎優先,,,,,
2143,solemn,55,02｜高頻,,,A 基礎優先,,,,,
2144,suffer,55,02｜高頻,,,A 基礎優先,,,,,
2145,varies,55,02｜高頻,,,A 基礎優先,,,,,
2146,abroad,54,02｜高頻,adv.,在國外,A 基礎必會,副詞,—,—,—,
2147,ankylosis,54,02｜高頻,,,A 基礎優先,,,,,
2148,armed,54,02｜高頻,,,A 基礎優先,,,,,
2149,authorities,54,02｜高頻,,,A 基礎優先,,,,,
2150,bacterial,54,02｜高頻,,,A 基礎優先,,,,,
2151,band,54,02｜高頻,,,A 基礎優先,,,,,
2152,banks,54,02｜高頻,,,A 基礎優先,,,,,
2153,capable,54,02｜高頻,,,A 基礎優先,,,,,
2154,cast,54,02｜高頻,,,A 基礎優先,,,,,
2155,causing,54,02｜高頻,,,A 基礎優先,,,,,
2156,choose,54,02｜高頻,v.,選擇,A 基礎必會,動詞,chose,chosen,是,
2157,contest,54,02｜高頻,,,A 基礎優先,,,,,
2158,countries,54,02｜高頻,,,A 基礎優先,,,,,
2159,crossing,54,02｜高頻,,,A 基礎優先,,,,,
2160,delicate,54,02｜高頻,,,A 基礎優先,,,,,
2161,diplomatic,54,02｜高頻,,,A 基礎優先,,,,,
2162,dron,54,02｜高頻,,,A 基礎優先,,,,,
2163,eat,54,02｜高頻,v.,吃,A 基礎必會,動詞,ate,eaten,是,
2164,ebooks,54,02｜高頻,,,A 基礎優先,,,,,
2165,enlargement,54,02｜高頻,,,A 基礎優先,,,,,
2166,exercise,54,02｜高頻,n.,運動；練習,A 基礎必會,名詞,—,—,—,
2167,falling,54,02｜高頻,,,A 基礎優先,,,,,
2168,franklin,54,02｜高頻,,,A 基礎優先,,,,,
2169,georgia,54,02｜高頻,,,A 基礎優先,,,,,
2170,highly,54,02｜高頻,adv.,高度地；非常,A 基礎必會,副詞,—,—,—,
2171,imperial,54,02｜高頻,,,A 基礎優先,,,,,
2172,makes,54,02｜高頻,,,A 基礎優先,,,,,
2173,merchants,54,02｜高頻,,,A 基礎優先,,,,,
2174,mon,54,02｜高頻,,,A 基礎優先,,,,,
2175,nervous,54,02｜高頻,,,A 基礎優先,,,,,
2176,opposed,54,02｜高頻,,,A 基礎優先,,,,,
2177,pure,54,02｜高頻,,,A 基礎優先,,,,,
2178,receiving,54,02｜高頻,,,A 基礎優先,,,,,
2179,recent,54,02｜高頻,adj.,最近的,B 中高級核心,形容詞,—,—,—,
2180,recognize,54,02｜高頻,v.,認出；承認,A 基礎必會,動詞,recognized,recognized,否,
2181,religious,54,02｜高頻,,,A 基礎優先,,,,,
2182,reports,54,02｜高頻,,,A 基礎優先,,,,,
2183,ride,54,02｜高頻,v.,騎；搭乘,A 基礎必會,動詞,rode,ridden,是,
2184,sections,54,02｜高頻,,,A 基礎優先,,,,,
2185,standard,54,02｜高頻,n./adj.,標準的,B 中高級核心,名詞；形容詞,—,—,—,
2186,working,54,02｜高頻,,,A 基礎優先,,,,,
2187,attached,53,02｜高頻,,,A 基礎優先,,,,,
2188,austria,53,02｜高頻,,,A 基礎優先,,,,,
2189,awaiting,53,02｜高頻,,,A 基礎優先,,,,,
2190,base,53,02｜高頻,n.,基礎,A 基礎必會,名詞,—,—,—,
2191,building,53,02｜高頻,n.,建築物,A 基礎必會,名詞,—,—,—,
2192,cleared,53,02｜高頻,,,A 基礎優先,,,,,
2193,confidence,53,02｜高頻,n.,信心,A 基礎必會,名詞,—,—,—,
2194,considering,53,02｜高頻,,,A 基礎優先,,,,,
2195,deformity,53,02｜高頻,,,A 基礎優先,,,,,
2196,excuse,53,02｜高頻,,,A 基礎優先,,,,,
2197,executive,53,02｜高頻,,,A 基礎優先,,,,,
2198,faced,53,02｜高頻,,,A 基礎優先,,,,,
2199,federalists,53,02｜高頻,,,A 基礎優先,,,,,
2200,gown,53,02｜高頻,,,A 基礎優先,,,,,
2201,humanity,53,02｜高頻,,,A 基礎優先,,,,,
2202,inflamed,53,02｜高頻,,,A 基礎優先,,,,,
2203,intimate,53,02｜高頻,,,A 基礎優先,,,,,
2204,leader,53,02｜高頻,n.,領導者,B 中高級核心,名詞,—,—,—,
2205,league,53,02｜高頻,,,A 基礎優先,,,,,
2206,level,53,02｜高頻,n.,程度；層級,B 中高級核心,名詞,—,—,—,
2207,murat,53,02｜高頻,,,A 基礎優先,,,,,
2208,nice,53,02｜高頻,adj.,好的；友善的,B 中高級核心,形容詞,—,—,—,
2209,operative,53,02｜高頻,,,A 基礎優先,,,,,
2210,progressive,53,02｜高頻,,,A 基礎優先,,,,,
2211,protective,53,02｜高頻,,,A 基礎優先,,,,,
2212,r,53,02｜高頻,,,A 基礎優先,,,,,
2213,remove,53,02｜高頻,v.,移除,B 中高級核心,動詞,removed,removed,否,
2214,scattered,53,02｜高頻,,,A 基礎優先,,,,,
2215,serum,53,02｜高頻,,,A 基礎優先,,,,,
2216,sick,53,02｜高頻,,,A 基礎優先,,,,,
2217,spreads,53,02｜高頻,,,A 基礎優先,,,,,
2218,sum,53,02｜高頻,,,A 基礎優先,,,,,
2219,test,53,02｜高頻,v./n.,測試,B 中高級核心,動詞；名詞,tested,tested,否,
2220,ulceration,53,02｜高頻,,,A 基礎優先,,,,,
2221,unions,53,02｜高頻,,,A 基礎優先,,,,,
2222,unpleasant,53,02｜高頻,,,A 基礎優先,,,,,
2223,welfare,53,02｜高頻,,,A 基礎優先,,,,,
2224,agitated,52,02｜高頻,,,A 基礎優先,,,,,
2225,alarm,52,02｜高頻,n.,警報；鬧鐘,A 基礎必會,名詞,—,—,—,
2226,aroused,52,02｜高頻,,,A 基礎優先,,,,,
2227,assistance,52,02｜高頻,n.,協助,A 基礎必會,名詞,—,—,—,
2228,aunt,52,02｜高頻,,,A 基礎優先,,,,,
2229,aware,52,02｜高頻,adj.,知道的；有意識的,A 基礎必會,形容詞,—,—,—,
2230,barclay,52,02｜高頻,,,A 基礎優先,,,,,
2231,bonds,52,02｜高頻,,,A 基礎優先,,,,,
2232,branch,52,02｜高頻,n.,樹枝；分店；分支,A 基礎必會,名詞,—,—,—,
2233,cheerful,52,02｜高頻,,,A 基礎優先,,,,,
2234,coachman,52,02｜高頻,,,A 基礎優先,,,,,
2235,connected,52,02｜高頻,,,A 基礎優先,,,,,
2236,consent,52,02｜高頻,,,A 基礎優先,,,,,
2237,depends,52,02｜高頻,,,A 基礎優先,,,,,
2238,dignity,52,02｜高頻,,,A 基礎優先,,,,,
2239,extremity,52,02｜高頻,,,A 基礎優先,,,,,
2240,fit,52,02｜高頻,v.,適合；安裝,A 基礎必會,動詞,fit/fitted,fit/fitted,是,
2241,fool,52,02｜高頻,,,A 基礎優先,,,,,
2242,fought,52,02｜高頻,,,A 基礎優先,,,,,
2243,gland,52,02｜高頻,,,A 基礎優先,,,,,
2244,hollow,52,02｜高頻,,,A 基礎優先,,,,,
2245,holy,52,02｜高頻,,,A 基礎優先,,,,,
2246,hyperaemia,52,02｜高頻,,,A 基礎優先,,,,,
2247,informed,52,02｜高頻,,,A 基礎優先,,,,,
2248,isn,52,02｜高頻,,,A 基礎優先,,,,,
2249,legal,52,02｜高頻,adj.,合法的,B 中高級核心,形容詞,—,—,—,
2250,ligation,52,02｜高頻,,,A 基礎優先,,,,,
2251,market,52,02｜高頻,n.,市場,B 中高級核心,名詞,—,—,—,
2252,occupation,52,02｜高頻,,,A 基礎優先,,,,,
2253,permission,52,02｜高頻,,,A 基礎優先,,,,,
2254,peter,52,02｜高頻,,,A 基礎優先,,,,,
2255,platform,52,02｜高頻,,,A 基礎優先,,,,,
2256,provisions,52,02｜高頻,,,A 基礎優先,,,,,
2257,raise,52,02｜高頻,v.,提高；養育,B 中高級核心,動詞,raised,raised,否,
2258,recalled,52,02｜高頻,,,A 基礎優先,,,,,
2259,reported,52,02｜高頻,,,A 基礎優先,,,,,
2260,resembling,52,02｜高頻,,,A 基礎優先,,,,,
2261,revolutionary,52,02｜高頻,,,A 基礎優先,,,,,
2262,secretary,52,02｜高頻,,,A 基礎優先,,,,,
2263,shouts,52,02｜高頻,,,A 基礎優先,,,,,
2264,station,52,02｜高頻,n.,車站,B 中高級核心,名詞,—,—,—,
2265,stretched,52,02｜高頻,,,A 基礎優先,,,,,
2266,tend,52,02｜高頻,,,A 基礎優先,,,,,
2267,transferred,52,02｜高頻,,,A 基礎優先,,,,,
2268,ways,52,02｜高頻,,,A 基礎優先,,,,,
2269,weary,52,02｜高頻,,,A 基礎優先,,,,,
2270,winter,52,02｜高頻,n.,冬天,B 中高級核心,名詞,—,—,—,
2271,alliance,51,02｜高頻,,,A 基礎優先,,,,,
2272,austerlitz,51,02｜高頻,,,A 基礎優先,,,,,
2273,committed,51,02｜高頻,,,A 基礎優先,,,,,
2274,connecticut,51,02｜高頻,,,A 基礎優先,,,,,
2275,describe,51,02｜高頻,v.,描述,A 基礎必會,動詞,described,described,否,
2276,desired,51,02｜高頻,,,A 基礎優先,,,,,
2277,developed,51,02｜高頻,,,A 基礎優先,,,,,
2278,distant,51,02｜高頻,,,A 基礎優先,,,,,
2279,extensive,51,02｜高頻,,,A 基礎優先,,,,,
2280,extremely,51,02｜高頻,,,A 基礎優先,,,,,
2281,frequent,51,02｜高頻,adj.,頻繁的,A 基礎必會,形容詞,—,—,—,
2282,henry,51,02｜高頻,,,A 基礎優先,,,,,
2283,hippolyte,51,02｜高頻,,,A 基礎優先,,,,,
2284,inevitability,51,02｜高頻,,,A 基礎優先,,,,,
2285,inherited,51,02｜高頻,,,A 基礎優先,,,,,
2286,layer,51,02｜高頻,,,A 基礎優先,,,,,
2287,lose,51,02｜高頻,v.,失去；輸,A 基礎必會,動詞,lost,lost,是,
2288,mood,51,02｜高頻,,,A 基礎優先,,,,,
2289,moral,51,02｜高頻,,,A 基礎優先,,,,,
2290,necrosis,51,02｜高頻,,,A 基礎優先,,,,,
2291,occasion,51,02｜高頻,n.,場合；時機,B 中高級核心,名詞,—,—,—,
2292,october,51,02｜高頻,,,A 基礎優先,,,,,
2293,overlying,51,02｜高頻,,,A 基礎優先,,,,,
2294,pistol,51,02｜高頻,,,A 基礎優先,,,,,
2295,pocket,51,02｜高頻,,,A 基礎優先,,,,,
2296,radium,51,02｜高頻,,,A 基礎優先,,,,,
2297,recovery,51,02｜高頻,,,A 基礎優先,,,,,
2298,remark,51,02｜高頻,,,A 基礎優先,,,,,
2299,saved,51,02｜高頻,,,A 基礎優先,,,,,
2300,seated,51,02｜高頻,,,A 基礎優先,,,,,
2301,separation,51,02｜高頻,,,A 基礎優先,,,,,
2302,sixth,51,02｜高頻,,,A 基礎優先,,,,,
2303,smaller,51,02｜高頻,,,A 基礎優先,,,,,
2304,sugar,51,02｜高頻,,,A 基礎優先,,,,,
2305,th,51,02｜高頻,,,A 基礎優先,,,,,
2306,thumb,51,02｜高頻,,,A 基礎優先,,,,,
2307,toes,51,02｜高頻,,,A 基礎優先,,,,,
2308,toxins,51,02｜高頻,,,A 基礎優先,,,,,
2309,trees,51,02｜高頻,,,A 基礎優先,,,,,
2310,urged,51,02｜高頻,,,A 基礎優先,,,,,
2311,v,51,02｜高頻,,,A 基礎優先,,,,,
2312,vienna,51,02｜高頻,,,A 基礎優先,,,,,
2313,waited,51,02｜高頻,,,A 基礎優先,,,,,
2314,watch,51,02｜高頻,v.,觀看,A 基礎必會,動詞,watched,watched,否,
2315,whisper,51,02｜高頻,,,A 基礎優先,,,,,
2316,ancient,50,02｜高頻,adj.,古代的,A 基礎必會,形容詞,—,—,—,
2317,assistant,50,02｜高頻,n.,助理,A 基礎必會,名詞,—,—,—,
2318,attain,50,02｜高頻,,,A 基礎優先,,,,,
2319,balls,50,02｜高頻,,,A 基礎優先,,,,,
2320,brothers,50,02｜高頻,,,A 基礎優先,,,,,
2321,buy,50,02｜高頻,v.,購買,A 基礎必會,動詞,bought,bought,是,
2322,centre,50,02｜高頻,,,A 基礎優先,,,,,
2323,contents,50,02｜高頻,,,A 基礎優先,,,,,
2324,continue,50,02｜高頻,v.,繼續,A 基礎必會,動詞,continued,continued,否,
2325,contrast,50,02｜高頻,,,A 基礎優先,,,,,
2326,corps,50,02｜高頻,,,A 基礎優先,,,,,
2327,currency,50,02｜高頻,,,A 基礎優先,,,,,
2328,declaration,50,02｜高頻,,,A 基礎優先,,,,,
2329,eager,50,02｜高頻,,,A 基礎優先,,,,,
2330,eastern,50,02｜高頻,,,A 基礎優先,,,,,
2331,elastic,50,02｜高頻,,,A 基礎優先,,,,,
2332,fancy,50,02｜高頻,,,A 基礎優先,,,,,
2333,farm,50,02｜高頻,n.,農場,A 基礎必會,名詞,—,—,—,
2334,fault,50,02｜高頻,n.,錯誤；責任,A 基礎必會,名詞,—,—,—,
2335,figures,50,02｜高頻,,,A 基礎優先,,,,,
2336,frenchmen,50,02｜高頻,,,A 基礎優先,,,,,
2337,imagination,50,02｜高頻,,,A 基礎優先,,,,,
2338,instance,50,02｜高頻,,,A 基礎優先,,,,,
2339,irregular,50,02｜高頻,,,A 基礎優先,,,,,
2340,jumped,50,02｜高頻,,,A 基礎優先,,,,,
2341,member,50,02｜高頻,n.,成員,B 中高級核心,名詞,—,—,—,
2342,midst,50,02｜高頻,,,A 基礎優先,,,,,
2343,mild,50,02｜高頻,,,A 基礎優先,,,,,
2344,nearest,50,02｜高頻,,,A 基礎優先,,,,,
2345,numerous,50,02｜高頻,,,A 基礎優先,,,,,
2346,papa,50,02｜高頻,,,A 基礎優先,,,,,
2347,preparing,50,02｜高頻,,,A 基礎優先,,,,,
2348,print,50,02｜高頻,,,A 基礎優先,,,,,
2349,purchase,50,02｜高頻,,,A 基礎優先,,,,,
2350,purposes,50,02｜高頻,,,A 基礎優先,,,,,
2351,realized,50,02｜高頻,,,A 基礎優先,,,,,
2352,shaking,50,02｜高頻,,,A 基礎優先,,,,,
2353,shaped,50,02｜高頻,,,A 基礎優先,,,,,
2354,shirt,50,02｜高頻,,,A 基礎優先,,,,,
2355,shows,50,02｜高頻,,,A 基礎優先,,,,,
2356,silk,50,02｜高頻,,,A 基礎優先,,,,,
2357,smell,50,02｜高頻,,,A 基礎優先,,,,,
2358,starting,50,02｜高頻,,,A 基礎優先,,,,,
2359,traumatic,50,02｜高頻,,,A 基礎優先,,,,,
2360,trunks,50,02｜高頻,,,A 基礎優先,,,,,
2361,wages,50,02｜高頻,,,A 基礎優先,,,,,
2362,windows,50,02｜高頻,,,A 基礎優先,,,,,
2363,agents,49,02｜高頻,,,A 基礎優先,,,,,
2364,armchair,49,02｜高頻,,,A 基礎優先,,,,,
2365,assembled,49,02｜高頻,,,A 基礎優先,,,,,
2366,baker,49,02｜高頻,,,A 基礎優先,,,,,
2367,ballot,49,02｜高頻,,,A 基礎優先,,,,,
2368,bandage,49,02｜高頻,,,A 基礎優先,,,,,
2369,columns,49,02｜高頻,,,A 基礎優先,,,,,
2370,compared,49,02｜高頻,,,A 基礎優先,,,,,
2371,double,49,02｜高頻,,,A 基礎優先,,,,,
2372,epidermis,49,02｜高頻,,,A 基礎優先,,,,,
2373,examined,49,02｜高頻,,,A 基礎優先,,,,,
2374,exposure,49,02｜高頻,,,A 基礎優先,,,,,
2375,fashion,49,02｜高頻,,,A 基礎優先,,,,,
2376,finish,49,02｜高頻,v.,完成,A 基礎必會,動詞,finished,finished,否,
2377,flew,49,02｜高頻,,,A 基礎優先,,,,,
2378,frowning,49,02｜高頻,,,A 基礎優先,,,,,
2379,glory,49,02｜高頻,,,A 基礎優先,,,,,
2380,grave,49,02｜高頻,,,A 基礎優先,,,,,
2381,growths,49,02｜高頻,,,A 基礎優先,,,,,
2382,hart,49,02｜高頻,,,A 基礎優先,,,,,
2383,highness,49,02｜高頻,,,A 基礎優先,,,,,
2384,interfere,49,02｜高頻,,,A 基礎優先,,,,,
2385,joyful,49,02｜高頻,,,A 基礎優先,,,,,
2386,junction,49,02｜高頻,,,A 基礎優先,,,,,
2387,modern,49,02｜高頻,adj.,現代的,B 中高級核心,形容詞,—,—,—,
2388,profound,49,02｜高頻,,,A 基礎優先,,,,,
2389,pulse,49,02｜高頻,,,A 基礎優先,,,,,
2390,scene,49,02｜高頻,,,A 基礎優先,,,,,
2391,selected,49,02｜高頻,,,A 基礎優先,,,,,
2392,septic,49,02｜高頻,,,A 基礎優先,,,,,
2393,singing,49,02｜高頻,,,A 基礎優先,,,,,
2394,sold,49,02｜高頻,,,A 基礎優先,,,,,
2395,stronger,49,02｜高頻,,,A 基礎優先,,,,,
2396,substance,49,02｜高頻,,,A 基礎優先,,,,,
2397,task,49,02｜高頻,n.,任務,B 中高級核心,名詞,—,—,—,
2398,tennessee,49,02｜高頻,,,A 基礎優先,,,,,
2399,trembling,49,02｜高頻,,,A 基礎優先,,,,,
2400,vicinity,49,02｜高頻,,,A 基礎優先,,,,,
2401,violence,49,02｜高頻,,,A 基礎優先,,,,,
2402,wind,49,02｜高頻,n.,風,B 中高級核心,名詞,—,—,—,
2403,aide,48,02｜高頻,,,A 基礎優先,,,,,
2404,arose,48,02｜高頻,,,A 基礎優先,,,,,
2405,blushed,48,02｜高頻,,,A 基礎優先,,,,,
2406,bogucharovo,48,02｜高頻,,,A 基礎優先,,,,,
2407,bringing,48,02｜高頻,,,A 基礎優先,,,,,
2408,compelled,48,02｜高頻,,,A 基礎優先,,,,,
2409,constantly,48,02｜高頻,,,A 基礎優先,,,,,
2410,conviction,48,02｜高頻,,,A 基礎優先,,,,,
2411,date,48,02｜高頻,n.,日期；約會,A 基礎必會,名詞,—,—,—,
2412,difficulties,48,02｜高頻,,,A 基礎優先,,,,,
2413,dispute,48,02｜高頻,,,A 基礎優先,,,,,
2414,dr,48,02｜高頻,,,A 基礎優先,,,,,
2415,driving,48,02｜高頻,,,A 基礎優先,,,,,
2416,engagement,48,02｜高頻,,,A 基礎優先,,,,,
2417,flight,48,02｜高頻,,,A 基礎優先,,,,,
2418,flow,48,02｜高頻,n.,流動,A 基礎必會,名詞,—,—,—,
2419,footman,48,02｜高頻,,,A 基礎優先,,,,,
2420,forearm,48,02｜高頻,,,A 基礎優先,,,,,
2421,hundreds,48,02｜高頻,,,A 基礎優先,,,,,
2422,imagined,48,02｜高頻,,,A 基礎優先,,,,,
2423,inflammatory,48,02｜高頻,,,A 基礎優先,,,,,
2424,irish,48,02｜高頻,,,A 基礎優先,,,,,
2425,list,48,02｜高頻,n.,清單,B 中高級核心,名詞,—,—,—,
2426,maintain,48,02｜高頻,v.,維持,B 中高級核心,動詞,maintained,maintained,否,
2427,management,48,02｜高頻,n.,管理,B 中高級核心,名詞,—,—,—,
2428,noble,48,02｜高頻,,,A 基礎優先,,,,,
2429,northwest,48,02｜高頻,,,A 基礎優先,,,,,
2430,orderly,48,02｜高頻,,,A 基礎優先,,,,,
2431,patches,48,02｜高頻,,,A 基礎優先,,,,,
2432,proper,48,02｜高頻,adj.,適當的,B 中高級核心,形容詞,—,—,—,
2433,province,48,02｜高頻,,,A 基礎優先,,,,,
2434,rates,48,02｜高頻,,,A 基礎優先,,,,,
2435,regimental,48,02｜高頻,,,A 基礎優先,,,,,
2436,revealed,48,02｜高頻,,,A 基礎優先,,,,,
2437,ruin,48,02｜高頻,,,A 基礎優先,,,,,
2438,ruined,48,02｜高頻,,,A 基礎優先,,,,,
2439,secured,48,02｜高頻,,,A 基礎優先,,,,,
2440,sinuses,48,02｜高頻,,,A 基礎優先,,,,,
2441,tends,48,02｜高頻,,,A 基礎優先,,,,,
2442,throw,48,02｜高頻,v.,丟；投擲,A 基礎必會,動詞,threw,thrown,是,
2443,tobacco,48,02｜高頻,,,A 基礎優先,,,,,
2444,useless,48,02｜高頻,,,A 基礎優先,,,,,
2445,using,48,02｜高頻,,,A 基礎優先,,,,,
2446,vast,48,02｜高頻,,,A 基礎優先,,,,,
2447,weakness,48,02｜高頻,,,A 基礎優先,,,,,
2448,abdominal,47,02｜高頻,,,A 基礎優先,,,,,
2449,approved,47,02｜高頻,,,A 基礎優先,,,,,
2450,art,47,02｜高頻,n.,藝術,A 基礎必會,名詞,—,—,—,
2451,beaten,47,02｜高頻,,,A 基礎優先,,,,,
2452,begins,47,02｜高頻,,,A 基礎優先,,,,,
2453,bitter,47,02｜高頻,,,A 基礎優先,,,,,
2454,border,47,02｜高頻,n.,邊界,A 基礎必會,名詞,—,—,—,
2455,cards,47,02｜高頻,,,A 基礎優先,,,,,
2456,cheeks,47,02｜高頻,,,A 基礎優先,,,,,
2457,confederation,47,02｜高頻,,,A 基礎優先,,,,,
2458,continuous,47,02｜高頻,,,A 基礎優先,,,,,
2459,delay,47,02｜高頻,n.,延遲,A 基礎必會,名詞,—,—,—,
2460,donations,47,02｜高頻,,,A 基礎優先,,,,,
2461,doors,47,02｜高頻,,,A 基礎優先,,,,,
2462,drop,47,02｜高頻,,,A 基礎優先,,,,,
2463,epithelioma,47,02｜高頻,,,A 基礎優先,,,,,
2464,exactly,47,02｜高頻,adv.,正確地；完全,A 基礎必會,副詞,—,—,—,
2465,extend,47,02｜高頻,,,A 基礎優先,,,,,
2466,fellows,47,02｜高頻,,,A 基礎優先,,,,,
2467,gap,47,02｜高頻,,,A 基礎優先,,,,,
2468,grief,47,02｜高頻,,,A 基礎優先,,,,,
2469,happening,47,02｜高頻,,,A 基礎優先,,,,,
2470,hip,47,02｜高頻,,,A 基礎優先,,,,,
2471,historic,47,02｜高頻,,,A 基礎優先,,,,,
2472,illness,47,02｜高頻,,,A 基礎優先,,,,,
2473,income,47,02｜高頻,n.,收入,B 中高級核心,名詞,—,—,—,
2474,indians,47,02｜高頻,,,A 基礎優先,,,,,
2475,kiss,47,02｜高頻,,,A 基礎優先,,,,,
2476,markets,47,02｜高頻,,,A 基礎優先,,,,,
2477,monroe,47,02｜高頻,,,A 基礎優先,,,,,
2478,owing,47,02｜高頻,,,A 基礎優先,,,,,
2479,pfuel,47,02｜高頻,,,A 基礎優先,,,,,
2480,provide,47,02｜高頻,v.,提供,A 基礎必會,動詞,provided,provided,否,
2481,rapidity,47,02｜高頻,,,A 基礎優先,,,,,
2482,repeating,47,02｜高頻,,,A 基礎優先,,,,,
2483,resistance,47,02｜高頻,,,A 基礎優先,,,,,
2484,review,47,02｜高頻,v./n.,複習；評論,B 中高級核心,動詞；名詞,reviewed,reviewed,否,
2485,safe,47,02｜高頻,adj.,安全的,B 中高級核心,形容詞,—,—,—,
2486,thy,47,02｜高頻,,,A 基礎優先,,,,,
2487,wheels,47,02｜高頻,,,A 基礎優先,,,,,
2488,worthy,47,02｜高頻,,,A 基礎優先,,,,,
2489,anxiety,46,02｜高頻,n.,焦慮,A 基礎必會,名詞,—,—,—,
2490,attempts,46,02｜高頻,,,A 基礎優先,,,,,
2491,autumn,46,02｜高頻,,,A 基礎優先,,,,,
2492,beat,46,02｜高頻,v.,打敗；敲打,A 基礎必會,動詞,beat,beaten,是,
2493,benefit,46,02｜高頻,n.,好處；利益,A 基礎必會,名詞,—,—,—,
2494,bore,46,02｜高頻,,,A 基礎優先,,,,,
2495,bottle,46,02｜高頻,n.,瓶子,A 基礎必會,名詞,—,—,—,
2496,bullet,46,02｜高頻,,,A 基礎優先,,,,,
2497,choice,46,02｜高頻,n.,選擇,A 基礎必會,名詞,—,—,—,
2498,comrades,46,02｜高頻,,,A 基礎優先,,,,,
2499,continental,46,02｜高頻,,,A 基礎優先,,,,,
2500,copy,46,02｜高頻,,,A 基礎優先,,,,,
2501,cord,46,02｜高頻,,,A 基礎優先,,,,,
2502,defeat,46,02｜高頻,,,A 基礎優先,,,,,
2503,difference,46,02｜高頻,n.,差異,A 基礎必會,名詞,—,—,—,
2504,dollars,46,02｜高頻,,,A 基礎優先,,,,,
2505,duke,46,02｜高頻,,,A 基礎優先,,,,,
2506,ear,46,02｜高頻,n.,耳朵,A 基礎必會,名詞,—,—,—,
2507,embraced,46,02｜高頻,,,A 基礎優先,,,,,
2508,fortunes,46,02｜高頻,,,A 基礎優先,,,,,
2509,granted,46,02｜高頻,,,A 基礎優先,,,,,
2510,headquarters,46,02｜高頻,,,A 基礎優先,,,,,
2511,hospital,46,02｜高頻,n.,醫院,B 中高級核心,名詞,—,—,—,
2512,incision,46,02｜高頻,,,A 基礎優先,,,,,
2513,indian,46,02｜高頻,,,A 基礎優先,,,,,
2514,induced,46,02｜高頻,,,A 基礎優先,,,,,
2515,inquired,46,02｜高頻,,,A 基礎優先,,,,,
2516,instantly,46,02｜高頻,,,A 基礎優先,,,,,
2517,instructions,46,02｜高頻,,,A 基礎優先,,,,,
2518,international,46,02｜高頻,adj.,國際的,B 中高級核心,形容詞,—,—,—,
2519,loudly,46,02｜高頻,,,A 基礎優先,,,,,
2520,mention,46,02｜高頻,v.,提到,A 基礎必會,動詞,mentioned,mentioned,否,
2521,message,46,02｜高頻,n.,訊息,B 中高級核心,名詞,—,—,—,
2522,nodded,46,02｜高頻,,,A 基礎優先,,,,,
2523,polish,46,02｜高頻,,,A 基礎優先,,,,,
2524,prepare,46,02｜高頻,v.,準備,A 基礎必會,動詞,prepared,prepared,否,
2525,provision,46,02｜高頻,,,A 基礎優先,,,,,
2526,quarter,46,02｜高頻,,,A 基礎優先,,,,,
2527,remarks,46,02｜高頻,,,A 基礎優先,,,,,
2528,serous,46,02｜高頻,,,A 基礎優先,,,,,
2529,servant,46,02｜高頻,,,A 基礎優先,,,,,
2530,somewhat,46,02｜高頻,,,A 基礎優先,,,,,
2531,stamp,46,02｜高頻,,,A 基礎優先,,,,,
2532,stranger,46,02｜高頻,,,A 基礎優先,,,,,
2533,tertiary,46,02｜高頻,,,A 基礎優先,,,,,
2534,throwing,46,02｜高頻,,,A 基礎優先,,,,,
2535,underwood,46,02｜高頻,,,A 基礎優先,,,,,
2536,unlike,46,02｜高頻,,,A 基礎優先,,,,,
2537,yours,46,02｜高頻,,,A 基礎優先,,,,,
2538,abscesses,45,02｜高頻,,,A 基礎優先,,,,,
2539,advancing,45,02｜高頻,,,A 基礎優先,,,,,
2540,association,45,02｜高頻,n.,協會；關聯,A 基礎必會,名詞,—,—,—,
2541,baby,45,02｜高頻,n.,嬰兒,A 基礎必會,名詞,—,—,—,
2542,battalion,45,02｜高頻,,,A 基礎優先,,,,,
2543,bedroom,45,02｜高頻,n.,臥室,A 基礎必會,名詞,—,—,—,
2544,catch,45,02｜高頻,v.,抓住；趕上,A 基礎必會,動詞,caught,caught,是,
2545,corn,45,02｜高頻,,,A 基礎優先,,,,,
2546,couple,45,02｜高頻,n.,一對；幾個,A 基礎必會,名詞,—,—,—,
2547,dancing,45,02｜高頻,,,A 基礎優先,,,,,
2548,despair,45,02｜高頻,,,A 基礎優先,,,,,
2549,disappear,45,02｜高頻,,,A 基礎優先,,,,,
2550,discovered,45,02｜高頻,,,A 基礎優先,,,,,
2551,doctors,45,02｜高頻,,,A 基礎優先,,,,,
2552,dolgorukov,45,02｜高頻,,,A 基礎優先,,,,,
2553,dream,45,02｜高頻,v./n.,做夢；夢想,A 基礎必會,動詞；名詞,dreamed/dreamt,dreamed/dreamt,是,
2554,energy,45,02｜高頻,n.,能量,A 基礎必會,名詞,—,—,—,
2555,establish,45,02｜高頻,v.,建立,B 中高級核心,動詞,established,established,否,
2556,exhausted,45,02｜高頻,,,A 基礎優先,,,,,
2557,families,45,02｜高頻,,,A 基礎優先,,,,,
2558,federation,45,02｜高頻,,,A 基礎優先,,,,,
2559,gained,45,02｜高頻,,,A 基礎優先,,,,,
2560,hung,45,02｜高頻,,,A 基礎優先,,,,,
2561,hurry,45,02｜高頻,,,A 基礎優先,,,,,
2562,judge,45,02｜高頻,n.,法官,B 中高級核心,名詞,—,—,—,
2563,meanwhile,45,02｜高頻,adv.,同時；另一方面,B 中高級核心,副詞,—,—,—,
2564,monsieur,45,02｜高頻,,,A 基礎優先,,,,,
2565,mustache,45,02｜高頻,,,A 基礎優先,,,,,
2566,namely,45,02｜高頻,,,A 基礎優先,,,,,
2567,older,45,02｜高頻,,,A 基礎優先,,,,,
2568,peoples,45,02｜高頻,,,A 基礎優先,,,,,
2569,perfectly,45,02｜高頻,,,A 基礎優先,,,,,
2570,price,45,02｜高頻,n.,價格,B 中高級核心,名詞,—,—,—,
2571,prices,45,02｜高頻,,,A 基礎優先,,,,,
2572,proclamation,45,02｜高頻,,,A 基礎優先,,,,,
2573,production,45,02｜高頻,n.,生產,B 中高級核心,名詞,—,—,—,
2574,rank,45,02｜高頻,,,A 基礎優先,,,,,
2575,related,45,02｜高頻,,,A 基礎優先,,,,,
2576,rough,45,02｜高頻,,,A 基礎優先,,,,,
2577,scale,45,02｜高頻,,,A 基礎優先,,,,,
2578,senator,45,02｜高頻,,,A 基礎優先,,,,,
2579,senators,45,02｜高頻,,,A 基礎優先,,,,,
2580,specially,45,02｜高頻,,,A 基礎優先,,,,,
2581,stages,45,02｜高頻,,,A 基礎優先,,,,,
2582,supposed,45,02｜高頻,,,A 基礎優先,,,,,
2583,thoroughly,45,02｜高頻,,,A 基礎優先,,,,,
2584,tube,45,02｜高頻,,,A 基礎優先,,,,,
2585,unexpected,45,02｜高頻,,,A 基礎優先,,,,,
2586,adhesions,44,02｜高頻,,,A 基礎優先,,,,,
2587,capture,44,02｜高頻,,,A 基礎優先,,,,,
2588,changing,44,02｜高頻,,,A 基礎優先,,,,,
2589,clouds,44,02｜高頻,,,A 基礎優先,,,,,
2590,conservative,44,02｜高頻,,,A 基礎優先,,,,,
2591,courts,44,02｜高頻,,,A 基礎優先,,,,,
2592,daily,44,02｜高頻,adj./adv.,每日的,A 基礎必會,形容詞；副詞,—,—,—,
2593,dense,44,02｜高頻,,,A 基礎優先,,,,,
2594,diminished,44,02｜高頻,,,A 基礎優先,,,,,
2595,ease,44,02｜高頻,,,A 基礎優先,,,,,
2596,elected,44,02｜高頻,,,A 基礎優先,,,,,
2597,exist,44,02｜高頻,v.,存在,B 中高級核心,動詞,existed,existed,否,
2598,favorite,44,02｜高頻,adj.,最喜歡的,A 基礎必會,形容詞,—,—,—,
2599,feeble,44,02｜高頻,,,A 基礎優先,,,,,
2600,forests,44,02｜高頻,,,A 基礎優先,,,,,
2601,friendship,44,02｜高頻,,,A 基礎優先,,,,,
2602,gain,44,02｜高頻,v.,獲得；增加,A 基礎必會,動詞,gained,gained,否,
2603,invited,44,02｜高頻,,,A 基礎優先,,,,,
2604,june,44,02｜高頻,,,A 基礎優先,,,,,
2605,louis,44,02｜高頻,,,A 基礎優先,,,,,
2606,madison,44,02｜高頻,,,A 基礎優先,,,,,
2607,manifestations,44,02｜高頻,,,A 基礎優先,,,,,
2608,medium,44,02｜高頻,,,A 基礎優先,,,,,
2609,militia,44,02｜高頻,,,A 基礎優先,,,,,
2610,owners,44,02｜高頻,,,A 基礎優先,,,,,
2611,positive,44,02｜高頻,adj.,正面的,B 中高級核心,形容詞,—,—,—,
2612,powder,44,02｜高頻,,,A 基礎優先,,,,,
2613,preparations,44,02｜高頻,,,A 基礎優先,,,,,
2614,prevented,44,02｜高頻,,,A 基礎優先,,,,,
2615,proud,44,02｜高頻,,,A 基礎優先,,,,,
2616,reference,44,02｜高頻,,,A 基礎優先,,,,,
2617,roads,44,02｜高頻,,,A 基礎優先,,,,,
2618,september,44,02｜高頻,,,A 基礎優先,,,,,
2619,severity,44,02｜高頻,,,A 基礎優先,,,,,
2620,stories,44,02｜高頻,,,A 基礎優先,,,,,
2621,undergo,44,02｜高頻,,,A 基礎優先,,,,,
2622,valet,44,02｜高頻,,,A 基礎優先,,,,,
2623,vascular,44,02｜高頻,,,A 基礎優先,,,,,
2624,watching,44,02｜高頻,,,A 基礎優先,,,,,
2625,absorption,43,02｜高頻,,,A 基礎優先,,,,,
2626,ahead,43,02｜高頻,adv.,在前面；提前,A 基礎必會,副詞,—,—,—,
2627,apply,43,02｜高頻,v.,申請；應用,A 基礎必會,動詞,applied,applied,否,
2628,arakcheev,43,02｜高頻,,,A 基礎優先,,,,,
2629,balance,43,02｜高頻,n.,平衡,A 基礎必會,名詞,—,—,—,
2630,beard,43,02｜高頻,,,A 基礎優先,,,,,
2631,bow,43,02｜高頻,,,A 基礎優先,,,,,
2632,breathing,43,02｜高頻,,,A 基礎優先,,,,,
2633,bullets,43,02｜高頻,,,A 基礎優先,,,,,
2634,careful,43,02｜高頻,adj.,小心的,A 基礎必會,形容詞,—,—,—,
2635,cheek,43,02｜高頻,,,A 基礎優先,,,,,
2636,china,43,02｜高頻,,,A 基礎優先,,,,,
2637,claim,43,02｜高頻,,,A 基礎優先,,,,,
2638,combination,43,02｜高頻,,,A 基礎優先,,,,,
2639,combined,43,02｜高頻,,,A 基礎優先,,,,,
2640,dare,43,02｜高頻,,,A 基礎優先,,,,,
2641,deformans,43,02｜高頻,,,A 基礎優先,,,,,
2642,delight,43,02｜高頻,,,A 基礎優先,,,,,
2643,distinct,43,02｜高頻,,,A 基礎優先,,,,,
2644,fortune,43,02｜高頻,,,A 基礎優先,,,,,
2645,frowned,43,02｜高頻,,,A 基礎優先,,,,,
2646,humerus,43,02｜高頻,,,A 基礎優先,,,,,
2647,hunter,43,02｜高頻,,,A 基礎優先,,,,,
2648,icon,43,02｜高頻,,,A 基礎優先,,,,,
2649,included,43,02｜高頻,,,A 基礎優先,,,,,
2650,increases,43,02｜高頻,,,A 基礎優先,,,,,
2651,inquiry,43,02｜高頻,,,A 基礎優先,,,,,
2652,inside,43,02｜高頻,adv.,在裡面,A 基礎必會,副詞,—,—,—,
2653,invasion,43,02｜高頻,,,A 基礎優先,,,,,
2654,iodoform,43,02｜高頻,,,A 基礎優先,,,,,
2655,letting,43,02｜高頻,,,A 基礎優先,,,,,
2656,localised,43,02｜高頻,,,A 基礎優先,,,,,
2657,losing,43,02｜高頻,,,A 基礎優先,,,,,
2658,madame,43,02｜高頻,,,A 基礎優先,,,,,
2659,manufactures,43,02｜高頻,,,A 基礎優先,,,,,
2660,mounted,43,02｜高頻,,,A 基礎優先,,,,,
2661,needs,43,02｜高頻,,,A 基礎優先,,,,,
2662,parents,43,02｜高頻,,,A 基礎優先,,,,,
2663,ports,43,02｜高頻,,,A 基礎優先,,,,,
2664,program,43,02｜高頻,n.,程式；節目,B 中高級核心,名詞,—,—,—,
2665,removing,43,02｜高頻,,,A 基礎優先,,,,,
2666,resolute,43,02｜高頻,,,A 基礎優先,,,,,
2667,retired,43,02｜高頻,,,A 基礎優先,,,,,
2668,sharply,43,02｜高頻,,,A 基礎優先,,,,,
2669,sons,43,02｜高頻,,,A 基礎優先,,,,,
2670,sores,43,02｜高頻,,,A 基礎優先,,,,,
2671,sterilised,43,02｜高頻,,,A 基礎優先,,,,,
2672,stomach,43,02｜高頻,,,A 基礎優先,,,,,
2673,structures,43,02｜高頻,,,A 基礎優先,,,,,
2674,surgeon,43,02｜高頻,,,A 基礎優先,,,,,
2675,surroundings,43,02｜高頻,,,A 基礎優先,,,,,
2676,territories,43,02｜高頻,,,A 基礎優先,,,,,
2677,thirds,43,02｜高頻,,,A 基礎優先,,,,,
2678,twelve,43,02｜高頻,,,A 基礎優先,,,,,
2679,vicomte,43,02｜高頻,,,A 基礎優先,,,,,
2680,voters,43,02｜高頻,,,A 基礎優先,,,,,
2681,altered,42,02｜高頻,,,A 基礎優先,,,,,
2682,angel,42,02｜高頻,,,A 基礎優先,,,,,
2683,apparent,42,02｜高頻,adj.,顯然的,A 基礎必會,形容詞,—,—,—,
2684,bearing,42,02｜高頻,,,A 基礎優先,,,,,
2685,bottom,42,02｜高頻,n.,底部,A 基礎必會,名詞,—,—,—,
2686,carriages,42,02｜高頻,,,A 基礎優先,,,,,
2687,cattle,42,02｜高頻,,,A 基礎優先,,,,,
2688,cleveland,42,02｜高頻,,,A 基礎優先,,,,,
2689,color,42,02｜高頻,n.,顏色,A 基礎必會,名詞,—,—,—,
2690,communication,42,02｜高頻,n.,溝通；通訊,A 基礎必會,名詞,—,—,—,
2691,cutaneous,42,02｜高頻,,,A 基礎優先,,,,,
2692,davout,42,02｜高頻,,,A 基礎優先,,,,,
2693,dealing,42,02｜高頻,,,A 基礎優先,,,,,
2694,disturbance,42,02｜高頻,,,A 基礎優先,,,,,
2695,excessive,42,02｜高頻,,,A 基礎優先,,,,,
2696,favored,42,02｜高頻,,,A 基礎優先,,,,,
2697,gallop,42,02｜高頻,,,A 基礎優先,,,,,
2698,guilty,42,02｜高頻,,,A 基礎優先,,,,,
2699,hanging,42,02｜高頻,,,A 基礎優先,,,,,
2700,harm,42,02｜高頻,,,A 基礎優先,,,,,
2701,hay,42,02｜高頻,,,A 基礎優先,,,,,
2702,immigrants,42,02｜高頻,,,A 基礎優先,,,,,
2703,jersey,42,02｜高頻,,,A 基礎優先,,,,,
2704,joseph,42,02｜高頻,,,A 基礎優先,,,,,
2705,knife,42,02｜高頻,,,A 基礎優先,,,,,
2706,literary,42,02｜高頻,,,A 基礎優先,,,,,
2707,loving,42,02｜高頻,,,A 基礎優先,,,,,
2708,mercy,42,02｜高頻,,,A 基礎優先,,,,,
2709,obtain,42,02｜高頻,,,A 基礎優先,,,,,
2710,organization,42,02｜高頻,n.,組織,B 中高級核心,名詞,—,—,—,
2711,pains,42,02｜高頻,,,A 基礎優先,,,,,
2712,prayer,42,02｜高頻,,,A 基礎優先,,,,,
2713,provinces,42,02｜高頻,,,A 基礎優先,,,,,
2714,race,42,02｜高頻,,,A 基礎優先,,,,,
2715,reconstruction,42,02｜高頻,,,A 基礎優先,,,,,
2716,refuse,42,02｜高頻,v.,拒絕,B 中高級核心,動詞,refused,refused,否,
2717,represented,42,02｜高頻,,,A 基礎優先,,,,,
2718,respectfully,42,02｜高頻,,,A 基礎優先,,,,,
2719,rid,42,02｜高頻,,,A 基礎優先,,,,,
2720,role,42,02｜高頻,n.,角色；作用,B 中高級核心,名詞,—,—,—,
2721,saber,42,02｜高頻,,,A 基礎優先,,,,,
2722,satisfactory,42,02｜高頻,,,A 基礎優先,,,,,
2723,sequestrum,42,02｜高頻,,,A 基礎優先,,,,,
2724,settle,42,02｜高頻,,,A 基礎優先,,,,,
2725,softly,42,02｜高頻,,,A 基礎優先,,,,,
2726,spirits,42,02｜高頻,,,A 基礎優先,,,,,
2727,statement,42,02｜高頻,,,A 基礎優先,,,,,
2728,sternly,42,02｜高頻,,,A 基礎優先,,,,,
2729,stretching,42,02｜高頻,,,A 基礎優先,,,,,
2730,surgery,42,02｜高頻,,,A 基礎優先,,,,,
2731,sword,42,02｜高頻,,,A 基礎優先,,,,,
2732,tetanus,42,02｜高頻,,,A 基礎優先,,,,,
2733,thou,42,02｜高頻,,,A 基礎優先,,,,,
2734,thrust,42,02｜高頻,,,A 基礎優先,,,,,
2735,top,42,02｜高頻,,,A 基礎優先,,,,,
2736,trap,42,02｜高頻,,,A 基礎優先,,,,,
2737,tree,42,02｜高頻,n.,樹,B 中高級核心,名詞,—,—,—,
2738,varicose,42,02｜高頻,,,A 基礎優先,,,,,
2739,weather,42,02｜高頻,n.,天氣,B 中高級核心,名詞,—,—,—,
2740,wishes,42,02｜高頻,,,A 基礎優先,,,,,
2741,wool,42,02｜高頻,,,A 基礎優先,,,,,
2742,affecting,41,02｜高頻,,,A 基礎優先,,,,,
2743,alexeevich,41,02｜高頻,,,A 基礎優先,,,,,
2744,areas,41,02｜高頻,,,A 基礎優先,,,,,
2745,assured,41,02｜高頻,,,A 基礎優先,,,,,
2746,battles,41,02｜高頻,,,A 基礎優先,,,,,
2747,childhood,41,02｜高頻,,,A 基礎優先,,,,,
2748,cicatricial,41,02｜高頻,,,A 基礎優先,,,,,
2749,civilization,41,02｜高頻,,,A 基礎優先,,,,,
2750,courage,41,02｜高頻,,,A 基礎優先,,,,,
2751,cruel,41,02｜高頻,,,A 基礎優先,,,,,
2752,depend,41,02｜高頻,v.,依靠；取決於,B 中高級核心,動詞,depended,depended,否,
2753,devoted,41,02｜高頻,,,A 基礎優先,,,,,
2754,distributed,41,02｜高頻,,,A 基礎優先,,,,,
2755,elson,41,02｜高頻,,,A 基礎優先,,,,,
2756,existed,41,02｜高頻,,,A 基礎優先,,,,,
2757,facing,41,02｜高頻,,,A 基礎優先,,,,,
2758,factor,41,02｜高頻,n.,因素,A 基礎必會,名詞,—,—,—,
2759,fascia,41,02｜高頻,,,A 基礎優先,,,,,
2760,fill,41,02｜高頻,v.,填滿,A 基礎必會,動詞,filled,filled,否,
2761,grounds,41,02｜高頻,,,A 基礎優先,,,,,
2762,hopes,41,02｜高頻,,,A 基礎優先,,,,,
2763,illinois,41,02｜高頻,,,A 基礎優先,,,,,
2764,incomprehensible,41,02｜高頻,,,A 基礎優先,,,,,
2765,intellectual,41,02｜高頻,,,A 基礎優先,,,,,
2766,january,41,02｜高頻,,,A 基礎優先,,,,,
2767,knoll,41,02｜高頻,,,A 基礎優先,,,,,
2768,lightly,41,02｜高頻,,,A 基礎優先,,,,,
2769,maryland,41,02｜高頻,,,A 基礎優先,,,,,
2770,match,41,02｜高頻,,,A 基礎優先,,,,,
2771,merchant,41,02｜高頻,,,A 基礎優先,,,,,
2772,mist,41,02｜高頻,,,A 基礎優先,,,,,
2773,naval,41,02｜高頻,,,A 基礎優先,,,,,
2774,non,41,02｜高頻,,,A 基礎優先,,,,,
2775,november,41,02｜高頻,,,A 基礎優先,,,,,
2776,photograph,41,02｜高頻,,,A 基礎優先,,,,,
2777,pride,41,02｜高頻,,,A 基礎優先,,,,,
2778,producing,41,02｜高頻,,,A 基礎優先,,,,,
2779,protect,41,02｜高頻,v.,保護,A 基礎必會,動詞,protected,protected,否,
2780,reasoning,41,02｜高頻,,,A 基礎優先,,,,,
2781,record,41,02｜高頻,v.,記錄,B 中高級核心,動詞,recorded,recorded,否,
2782,reduced,41,02｜高頻,,,A 基礎優先,,,,,
2783,responsibility,41,02｜高頻,,,A 基礎優先,,,,,
2784,retained,41,02｜高頻,,,A 基礎優先,,,,,
2785,rolled,41,02｜高頻,,,A 基礎優先,,,,,
2786,saddle,41,02｜高頻,,,A 基礎優先,,,,,
2787,sensibility,41,02｜高頻,,,A 基礎優先,,,,,
2788,shell,41,02｜高頻,,,A 基礎優先,,,,,
2789,shone,41,02｜高頻,,,A 基礎優先,,,,,
2790,sobs,41,02｜高頻,,,A 基礎優先,,,,,
2791,solid,41,02｜高頻,,,A 基礎優先,,,,,
2792,spectacles,41,02｜高頻,,,A 基礎優先,,,,,
2793,steadily,41,02｜高頻,,,A 基礎優先,,,,,
2794,strongly,41,02｜高頻,,,A 基礎優先,,,,,
2795,structure,41,02｜高頻,,,A 基礎優先,,,,,
2796,superior,41,02｜高頻,,,A 基礎優先,,,,,
2797,touching,41,02｜高頻,,,A 基礎優先,,,,,
2798,utter,41,02｜高頻,,,A 基礎優先,,,,,
2799,vital,41,02｜高頻,,,A 基礎優先,,,,,
2800,vitality,41,02｜高頻,,,A 基礎優先,,,,,
2801,warfare,41,02｜高頻,,,A 基礎優先,,,,,
2802,younger,41,02｜高頻,,,A 基礎優先,,,,,
2803,acquaintances,40,02｜高頻,,,A 基礎優先,,,,,
2804,actually,40,02｜高頻,adv.,事實上,A 基礎必會,副詞,—,—,—,
2805,aet,40,02｜高頻,,,A 基礎優先,,,,,
2806,animals,40,02｜高頻,,,A 基礎優先,,,,,
2807,anywhere,40,02｜高頻,,,A 基礎優先,,,,,
2808,approach,40,02｜高頻,v./n.,接近；處理,B 中高級核心,動詞；名詞,approached,approached,否,
2809,assembly,40,02｜高頻,,,A 基礎優先,,,,,
2810,basis,40,02｜高頻,n.,根據；基礎,A 基礎必會,名詞,—,—,—,
2811,borne,40,02｜高頻,,,A 基礎優先,,,,,
2812,burn,40,02｜高頻,v.,燃燒,A 基礎必會,動詞,burned/burnt,burned/burnt,是,
2813,cellulitis,40,02｜高頻,,,A 基礎優先,,,,,
2814,cervical,40,02｜高頻,,,A 基礎優先,,,,,
2815,charles,40,02｜高頻,,,A 基礎優先,,,,,
2816,claims,40,02｜高頻,,,A 基礎優先,,,,,
2817,coast,40,02｜高頻,n.,海岸,A 基礎必會,名詞,—,—,—,
2818,collected,40,02｜高頻,,,A 基礎優先,,,,,
2819,cousin,40,02｜高頻,,,A 基礎優先,,,,,
2820,covering,40,02｜高頻,,,A 基礎優先,,,,,
2821,dance,40,02｜高頻,,,A 基礎優先,,,,,
2822,december,40,02｜高頻,,,A 基礎優先,,,,,
2823,directions,40,02｜高頻,,,A 基礎優先,,,,,
2824,doesn,40,02｜高頻,,,A 基礎優先,,,,,
2825,elder,40,02｜高頻,,,A 基礎優先,,,,,
2826,enthusiasm,40,02｜高頻,,,A 基礎優先,,,,,
2827,equality,40,02｜高頻,,,A 基礎優先,,,,,
2828,establishment,40,02｜高頻,,,A 基礎優先,,,,,
2829,executed,40,02｜高頻,,,A 基礎優先,,,,,
2830,fail,40,02｜高頻,v.,失敗,B 中高級核心,動詞,failed,failed,否,
2831,financial,40,02｜高頻,adj.,財務的,A 基礎必會,形容詞,—,—,—,
2832,fled,40,02｜高頻,,,A 基礎優先,,,,,
2833,grass,40,02｜高頻,n.,草,B 中高級核心,名詞,—,—,—,
2834,heal,40,02｜高頻,,,A 基礎優先,,,,,
2835,hide,40,02｜高頻,v.,躲藏；隱藏,A 基礎必會,動詞,hid,hidden,是,
2836,july,40,02｜高頻,,,A 基礎優先,,,,,
2837,license,40,02｜高頻,,,A 基礎優先,,,,,
2838,ligature,40,02｜高頻,,,A 基礎優先,,,,,
2839,liver,40,02｜高頻,,,A 基礎優先,,,,,
2840,maintained,40,02｜高頻,,,A 基礎優先,,,,,
2841,male,40,02｜高頻,,,A 基礎優先,,,,,
2842,needle,40,02｜高頻,,,A 基礎優先,,,,,
2843,newly,40,02｜高頻,,,A 基礎優先,,,,,
2844,pace,40,02｜高頻,,,A 基礎優先,,,,,
2845,packed,40,02｜高頻,,,A 基礎優先,,,,,
2846,pair,40,02｜高頻,n.,一對,B 中高級核心,名詞,—,—,—,
2847,pause,40,02｜高頻,,,A 基礎優先,,,,,
2848,peripheral,40,02｜高頻,,,A 基礎優先,,,,,
2849,persistent,40,02｜高頻,,,A 基礎優先,,,,,
2850,quantity,40,02｜高頻,,,A 基礎優先,,,,,
2851,ray,40,02｜高頻,,,A 基礎優先,,,,,
2852,reflected,40,02｜高頻,,,A 基礎優先,,,,,
2853,remaining,40,02｜高頻,,,A 基礎優先,,,,,
2854,request,40,02｜高頻,,,A 基礎優先,,,,,
2855,restored,40,02｜高頻,,,A 基礎優先,,,,,
2856,sergeant,40,02｜高頻,,,A 基礎優先,,,,,
2857,shining,40,02｜高頻,,,A 基礎優先,,,,,
2858,shut,40,02｜高頻,v.,關閉,A 基礎必會,動詞,shut,shut,是,
2859,signed,40,02｜高頻,,,A 基礎優先,,,,,
2860,spinal,40,02｜高頻,,,A 基礎優先,,,,,
2861,tail,40,02｜高頻,,,A 基礎優先,,,,,
2862,tension,40,02｜高頻,,,A 基礎優先,,,,,
2863,tied,40,02｜高頻,,,A 基礎優先,,,,,
2864,tired,40,02｜高頻,,,A 基礎優先,,,,,
2865,vigorous,40,02｜高頻,,,A 基礎優先,,,,,
2866,whip,40,02｜高頻,,,A 基礎優先,,,,,
2867,worked,40,02｜高頻,,,A 基礎優先,,,,,
2868,zherkov,40,02｜高頻,,,A 基礎優先,,,,,
2869,accomplished,39,02｜高頻,,,A 基礎優先,,,,,
2870,advantages,39,02｜高頻,,,A 基礎優先,,,,,
2871,affect,39,02｜高頻,v.,影響,A 基礎必會,動詞,affected,affected,否,
2872,appointment,39,02｜高頻,n.,預約,A 基礎必會,名詞,—,—,—,
2873,artificial,39,02｜高頻,,,A 基礎優先,,,,,
2874,baggage,39,02｜高頻,,,A 基礎優先,,,,,
2875,belonged,39,02｜高頻,,,A 基礎優先,,,,,
2876,capacity,39,02｜高頻,,,A 基礎優先,,,,,
2877,career,39,02｜高頻,n.,職涯,A 基礎必會,名詞,—,—,—,
2878,coal,39,02｜高頻,,,A 基礎優先,,,,,
2879,coats,39,02｜高頻,,,A 基礎優先,,,,,
2880,committee,39,02｜高頻,n.,委員會,A 基礎必會,名詞,—,—,—,
2881,compression,39,02｜高頻,,,A 基礎優先,,,,,
2882,contempt,39,02｜高頻,,,A 基礎優先,,,,,
2883,determine,39,02｜高頻,v.,決定；確定,B 中高級核心,動詞,determined,determined,否,
2884,doubts,39,02｜高頻,,,A 基礎優先,,,,,
2885,dust,39,02｜高頻,,,A 基礎優先,,,,,
2886,eagerly,39,02｜高頻,,,A 基礎優先,,,,,
2887,ended,39,02｜高頻,,,A 基礎優先,,,,,
2888,enemies,39,02｜高頻,,,A 基礎優先,,,,,
2889,failure,39,02｜高頻,n.,失敗,A 基礎必會,名詞,—,—,—,
2890,fast,39,02｜高頻,adj./adv.,快速地,A 基礎必會,形容詞；副詞,—,—,—,
2891,february,39,02｜高頻,,,A 基礎優先,,,,,
2892,femoral,39,02｜高頻,,,A 基礎優先,,,,,
2893,fly,39,02｜高頻,v.,飛,A 基礎必會,動詞,flew,flown,是,
2894,grey,39,02｜高頻,,,A 基礎優先,,,,,
2895,habits,39,02｜高頻,,,A 基礎優先,,,,,
2896,haven,39,02｜高頻,,,A 基礎優先,,,,,
2897,historian,39,02｜高頻,,,A 基礎優先,,,,,
2898,ilyin,39,02｜高頻,,,A 基礎優先,,,,,
2899,intervals,39,02｜高頻,,,A 基礎優先,,,,,
2900,leaned,39,02｜高頻,,,A 基礎優先,,,,,
2901,leucocytosis,39,02｜高頻,,,A 基礎優先,,,,,
2902,macdonald,39,02｜高頻,,,A 基礎優先,,,,,
2903,machine,39,02｜高頻,n.,機器,B 中高級核心,名詞,—,—,—,
2904,manufacturing,39,02｜高頻,,,A 基礎優先,,,,,
2905,mexican,39,02｜高頻,,,A 基礎優先,,,,,
2906,mills,39,02｜高頻,,,A 基礎優先,,,,,
2907,mistake,39,02｜高頻,n.,錯誤,B 中高級核心,名詞,—,—,—,
2908,mystery,39,02｜高頻,,,A 基礎優先,,,,,
2909,native,39,02｜高頻,,,A 基礎優先,,,,,
2910,nevertheless,39,02｜高頻,,,A 基礎優先,,,,,
2911,observation,39,02｜高頻,,,A 基礎優先,,,,,
2912,oil,39,02｜高頻,n.,油；石油,B 中高級核心,名詞,—,—,—,
2913,opinions,39,02｜高頻,,,A 基礎優先,,,,,
2914,organism,39,02｜高頻,,,A 基礎優先,,,,,
2915,payment,39,02｜高頻,,,A 基礎優先,,,,,
2916,perfect,39,02｜高頻,,,A 基礎優先,,,,,
2917,periosteal,39,02｜高頻,,,A 基礎優先,,,,,
2918,picked,39,02｜高頻,,,A 基礎優先,,,,,
2919,plainly,39,02｜高頻,,,A 基礎優先,,,,,
2920,proposal,39,02｜高頻,,,A 基礎優先,,,,,
2921,prussia,39,02｜高頻,,,A 基礎優先,,,,,
2922,pushing,39,02｜高頻,,,A 基礎優先,,,,,
2923,rain,39,02｜高頻,,,A 基礎優先,,,,,
2924,range,39,02｜高頻,n.,範圍,B 中高級核心,名詞,—,—,—,
2925,ratification,39,02｜高頻,,,A 基礎優先,,,,,
2926,representative,39,02｜高頻,,,A 基礎優先,,,,,
2927,restrain,39,02｜高頻,,,A 基礎優先,,,,,
2928,revenue,39,02｜高頻,,,A 基礎優先,,,,,
2929,serene,39,02｜高頻,,,A 基礎優先,,,,,
2930,significant,39,02｜高頻,,,A 基礎優先,,,,,
2931,sleigh,39,02｜高頻,,,A 基礎優先,,,,,
2932,stayed,39,02｜高頻,,,A 基礎優先,,,,,
2933,steward,39,02｜高頻,,,A 基礎優先,,,,,
2934,strike,39,02｜高頻,,,A 基礎優先,,,,,
2935,supported,39,02｜高頻,,,A 基礎優先,,,,,
2936,thanks,39,02｜高頻,,,A 基礎優先,,,,,
2937,thigh,39,02｜高頻,,,A 基礎優先,,,,,
2938,thrombosis,39,02｜高頻,,,A 基礎優先,,,,,
2939,title,39,02｜高頻,,,A 基礎優先,,,,,
2940,vague,39,02｜高頻,,,A 基礎優先,,,,,
2941,viii,39,02｜高頻,,,A 基礎優先,,,,,
2942,wants,39,02｜高頻,,,A 基礎優先,,,,,
2943,weyrother,39,02｜高頻,,,A 基礎優先,,,,,
2944,workers,39,02｜高頻,,,A 基礎優先,,,,,
2945,y,39,02｜高頻,,,A 基礎優先,,,,,
2946,accounts,38,02｜高頻,,,A 基礎優先,,,,,
2947,adjutants,38,02｜高頻,,,A 基礎優先,,,,,
2948,alcohol,38,02｜高頻,,,A 基礎優先,,,,,
2949,angle,38,02｜高頻,n.,角度,A 基礎必會,名詞,—,—,—,
2950,arguments,38,02｜高頻,,,A 基礎優先,,,,,
2951,arterial,38,02｜高頻,,,A 基礎優先,,,,,
2952,bells,38,02｜高頻,,,A 基礎優先,,,,,
2953,bold,38,02｜高頻,,,A 基礎優先,,,,,
2954,born,38,02｜高頻,adj.,出生的,A 基礎必會,形容詞,—,—,—,
2955,breath,38,02｜高頻,,,A 基礎優先,,,,,
2956,bursae,38,02｜高頻,,,A 基礎優先,,,,,
2957,calhoun,38,02｜高頻,,,A 基礎優先,,,,,
2958,cease,38,02｜高頻,,,A 基礎優先,,,,,
2959,check,38,02｜高頻,,,A 基礎優先,,,,,
2960,cloth,38,02｜高頻,,,A 基礎優先,,,,,
2961,concerning,38,02｜高頻,,,A 基礎優先,,,,,
2962,consisted,38,02｜高頻,,,A 基礎優先,,,,,
2963,constitutions,38,02｜高頻,,,A 基礎優先,,,,,
2964,correct,38,02｜高頻,adj.,正確的,A 基礎必會,形容詞,—,—,—,
2965,cover,38,02｜高頻,,,A 基礎優先,,,,,
2966,darling,38,02｜高頻,,,A 基礎優先,,,,,
2967,delighted,38,02｜高頻,,,A 基礎優先,,,,,
2968,detail,38,02｜高頻,n.,細節,A 基礎必會,名詞,—,—,—,
2969,dirty,38,02｜高頻,,,A 基礎優先,,,,,
2970,dislocation,38,02｜高頻,,,A 基礎優先,,,,,
2971,dogs,38,02｜高頻,,,A 基礎優先,,,,,
2972,fires,38,02｜高頻,,,A 基礎優先,,,,,
2973,fur,38,02｜高頻,,,A 基礎優先,,,,,
2974,gaily,38,02｜高頻,,,A 基礎優先,,,,,
2975,goodness,38,02｜高頻,,,A 基礎優先,,,,,
2976,hoped,38,02｜高頻,,,A 基礎優先,,,,,
2977,innumerable,38,02｜高頻,,,A 基礎優先,,,,,
2978,issues,38,02｜高頻,,,A 基礎優先,,,,,
2979,joyfully,38,02｜高頻,,,A 基礎優先,,,,,
2980,kissing,38,02｜高頻,,,A 基礎優先,,,,,
2981,lads,38,02｜高頻,,,A 基礎優先,,,,,
2982,lavrushka,38,02｜高頻,,,A 基礎優先,,,,,
2983,learn,38,02｜高頻,v.,學習,A 基礎必會,動詞,learned/learnt,learned/learnt,是,
2984,leaves,38,02｜高頻,,,A 基礎優先,,,,,
2985,lestrade,38,02｜高頻,,,A 基礎優先,,,,,
2986,liberal,38,02｜高頻,,,A 基礎優先,,,,,
2987,lupus,38,02｜高頻,,,A 基礎優先,,,,,
2988,lymphatics,38,02｜高頻,,,A 基礎優先,,,,,
2989,map,38,02｜高頻,n.,地圖,B 中高級核心,名詞,—,—,—,
2990,mark,38,02｜高頻,,,A 基礎優先,,,,,
2991,mckinley,38,02｜高頻,,,A 基礎優先,,,,,
2992,mysterious,38,02｜高頻,,,A 基礎優先,,,,,
2993,named,38,02｜高頻,,,A 基礎優先,,,,,
2994,navy,38,02｜高頻,,,A 基礎優先,,,,,
2995,nodules,38,02｜高頻,,,A 基礎優先,,,,,
2996,noise,38,02｜高頻,n.,噪音,B 中高級核心,名詞,—,—,—,
2997,obviously,38,02｜高頻,adv.,明顯地,B 中高級核心,副詞,—,—,—,
2998,ossifying,38,02｜高頻,,,A 基礎優先,,,,,
2999,paces,38,02｜高頻,,,A 基礎優先,,,,,
3000,paying,38,02｜高頻,,,A 基礎優先,,,,,
3001,precious,38,03｜常用,,,B 擴充,,,,,
3002,pulsation,38,03｜常用,,,B 擴充,,,,,
3003,regeneration,38,03｜常用,,,B 擴充,,,,,
3004,regions,38,03｜常用,,,B 擴充,,,,,
3005,reign,38,03｜常用,,,B 擴充,,,,,
3006,rucastle,38,03｜常用,,,B 擴充,,,,,
3007,seek,38,03｜常用,,,B 擴充,,,,,
3008,sending,38,03｜常用,,,B 擴充,,,,,
3009,services,38,03｜常用,,,B 擴充,,,,,
3010,setting,38,03｜常用,,,B 擴充,,,,,
3011,shoes,38,03｜常用,,,B 擴充,,,,,
3012,sigh,38,03｜常用,,,B 擴充,,,,,
3013,song,38,03｜常用,,,B 擴充,,,,,
3014,swept,38,03｜常用,,,B 擴充,,,,,
3015,swiftly,38,03｜常用,,,B 擴充,,,,,
3016,temper,38,03｜常用,,,B 擴充,,,,,
3017,threatened,38,03｜常用,,,B 擴充,,,,,
3018,treasury,38,03｜常用,,,B 擴充,,,,,
3019,trial,38,03｜常用,n.,試驗；審判,B 中高級核心,名詞,—,—,—,
3020,trivial,38,03｜常用,,,B 擴充,,,,,
3021,villages,38,03｜常用,,,B 擴充,,,,,
3022,wagons,38,03｜常用,,,B 擴充,,,,,
3023,wedding,38,03｜常用,,,B 擴充,,,,,
3024,wheat,38,03｜常用,,,B 擴充,,,,,
3025,whenever,38,03｜常用,,,B 擴充,,,,,
3026,win,38,03｜常用,v.,贏,A 基礎必會,動詞,won,won,是,
3027,withdrawn,38,03｜常用,,,B 擴充,,,,,
3028,acted,37,03｜常用,,,B 擴充,,,,,
3029,alike,37,03｜常用,,,B 擴充,,,,,
3030,answering,37,03｜常用,,,B 擴充,,,,,
3031,archive,37,03｜常用,,,B 擴充,,,,,
3032,available,37,03｜常用,adj.,可取得的；有空的,A 基礎必會,形容詞,—,—,—,
3033,awaited,37,03｜常用,,,B 擴充,,,,,
3034,axilla,37,03｜常用,,,B 擴充,,,,,
3035,axis,37,03｜常用,,,B 擴充,,,,,
3036,battlefield,37,03｜常用,,,B 擴充,,,,,
3037,bony,37,03｜常用,,,B 擴充,,,,,
3038,collar,37,03｜常用,,,B 擴充,,,,,
3039,continent,37,03｜常用,,,B 擴充,,,,,
3040,culture,37,03｜常用,n.,文化,A 基礎必會,名詞,—,—,—,
3041,damaged,37,03｜常用,,,B 擴充,,,,,
3042,debate,37,03｜常用,v./n.,辯論,B 中高級核心,動詞；名詞,debated,debated,否,
3043,deed,37,03｜常用,,,B 擴充,,,,,
3044,dessalles,37,03｜常用,,,B 擴充,,,,,
3045,detachment,37,03｜常用,,,B 擴充,,,,,
3046,disposition,37,03｜常用,,,B 擴充,,,,,
3047,distinctly,37,03｜常用,,,B 擴充,,,,,
3048,district,37,03｜常用,n.,地區,A 基礎必會,名詞,—,—,—,
3049,elections,37,03｜常用,,,B 擴充,,,,,
3050,employees,37,03｜常用,,,B 擴充,,,,,
3051,focus,37,03｜常用,v./n.,專注,B 中高級核心,動詞；名詞,focused,focused,否,
3052,folk,37,03｜常用,,,B 擴充,,,,,
3053,frost,37,03｜常用,,,B 擴充,,,,,
3054,gently,37,03｜常用,,,B 擴充,,,,,
3055,headed,37,03｜常用,,,B 擴充,,,,,
3056,lamp,37,03｜常用,,,B 擴充,,,,,
3057,masters,37,03｜常用,,,B 擴充,,,,,
3058,mccarthy,37,03｜常用,,,B 擴充,,,,,
3059,mental,37,03｜常用,,,B 擴充,,,,,
3060,obligations,37,03｜常用,,,B 擴充,,,,,
3061,observe,37,03｜常用,,,B 擴充,,,,,
3062,offices,37,03｜常用,,,B 擴充,,,,,
3063,onset,37,03｜常用,,,B 擴充,,,,,
3064,oregon,37,03｜常用,,,B 擴充,,,,,
3065,personally,37,03｜常用,,,B 擴充,,,,,
3066,phenomena,37,03｜常用,,,B 擴充,,,,,
3067,protests,37,03｜常用,,,B 擴充,,,,,
3068,realize,37,03｜常用,v.,了解；實現,A 基礎必會,動詞,realized,realized,否,
3069,recall,37,03｜常用,,,B 擴充,,,,,
3070,reproach,37,03｜常用,,,B 擴充,,,,,
3071,safety,37,03｜常用,n.,安全,B 中高級核心,名詞,—,—,—,
3072,screamed,37,03｜常用,,,B 擴充,,,,,
3073,seas,37,03｜常用,,,B 擴充,,,,,
3074,senseless,37,03｜常用,,,B 擴充,,,,,
3075,serving,37,03｜常用,,,B 擴充,,,,,
3076,settlers,37,03｜常用,,,B 擴充,,,,,
3077,spaces,37,03｜常用,,,B 擴充,,,,,
3078,specific,37,03｜常用,adj.,特定的,B 中高級核心,形容詞,—,—,—,
3079,surrender,37,03｜常用,,,B 擴充,,,,,
3080,suture,37,03｜常用,,,B 擴充,,,,,
3081,universal,37,03｜常用,,,B 擴充,,,,,
3082,unnatural,37,03｜常用,,,B 擴充,,,,,
3083,vi,37,03｜常用,,,B 擴充,,,,,
3084,wonder,37,03｜常用,,,B 擴充,,,,,
3085,wooden,37,03｜常用,,,B 擴充,,,,,
3086,abolition,36,03｜常用,,,B 擴充,,,,,
3087,acres,36,03｜常用,,,B 擴充,,,,,
3088,ankle,36,03｜常用,,,B 擴充,,,,,
3089,anteroom,36,03｜常用,,,B 擴充,,,,,
3090,applying,36,03｜常用,,,B 擴充,,,,,
3091,assumes,36,03｜常用,,,B 擴充,,,,,
3092,attracted,36,03｜常用,,,B 擴充,,,,,
3093,awkward,36,03｜常用,,,B 擴充,,,,,
3094,ballroom,36,03｜常用,,,B 擴充,,,,,
3095,bird,36,03｜常用,n.,鳥,A 基礎必會,名詞,—,—,—,
3096,boldly,36,03｜常用,,,B 擴充,,,,,
3097,candle,36,03｜常用,,,B 擴充,,,,,
3098,circles,36,03｜常用,,,B 擴充,,,,,
3099,college,36,03｜常用,n.,大學；學院,A 基礎必會,名詞,—,—,—,
3100,confess,36,03｜常用,,,B 擴充,,,,,
3101,confirmed,36,03｜常用,,,B 擴充,,,,,
3102,consideration,36,03｜常用,,,B 擴充,,,,,
3103,contains,36,03｜常用,,,B 擴充,,,,,
3104,devised,36,03｜常用,,,B 擴充,,,,,
3105,discuss,36,03｜常用,v.,討論,A 基礎必會,動詞,discussed,discussed,否,
3106,disorder,36,03｜常用,,,B 擴充,,,,,
3107,disturbed,36,03｜常用,,,B 擴充,,,,,
3108,dozen,36,03｜常用,,,B 擴充,,,,,
3109,dressings,36,03｜常用,,,B 擴充,,,,,
3110,emotion,36,03｜常用,n.,情緒,A 基礎必會,名詞,—,—,—,
3111,exceptional,36,03｜常用,,,B 擴充,,,,,
3112,exchange,36,03｜常用,v./n.,交換；匯兌,B 中高級核心,動詞；名詞,exchanged,exchanged,否,
3113,execution,36,03｜常用,,,B 擴充,,,,,
3114,eyebrows,36,03｜常用,,,B 擴充,,,,,
3115,fired,36,03｜常用,,,B 擴充,,,,,
3116,frame,36,03｜常用,,,B 擴充,,,,,
3117,galloping,36,03｜常用,,,B 擴充,,,,,
3118,gloomy,36,03｜常用,,,B 擴充,,,,,
3119,grafts,36,03｜常用,,,B 擴充,,,,,
3120,grasp,36,03｜常用,,,B 擴充,,,,,
3121,groin,36,03｜常用,,,B 擴充,,,,,
3122,gumma,36,03｜常用,,,B 擴充,,,,,
3123,hare,36,03｜常用,,,B 擴充,,,,,
3124,height,36,03｜常用,n.,高度,B 中高級核心,名詞,—,—,—,
3125,hounds,36,03｜常用,,,B 擴充,,,,,
3126,imposed,36,03｜常用,,,B 擴充,,,,,
3127,interview,36,03｜常用,n.,面試；訪談,B 中高級核心,名詞,—,—,—,
3128,jaw,36,03｜常用,,,B 擴充,,,,,
3129,joke,36,03｜常用,,,B 擴充,,,,,
3130,mad,36,03｜常用,,,B 擴充,,,,,
3131,mankind,36,03｜常用,,,B 擴充,,,,,
3132,mercury,36,03｜常用,,,B 擴充,,,,,
3133,mud,36,03｜常用,,,B 擴充,,,,,
3134,nobody,36,03｜常用,,,B 擴充,,,,,
3135,offended,36,03｜常用,,,B 擴充,,,,,
3136,ossification,36,03｜常用,,,B 擴充,,,,,
3137,paced,36,03｜常用,,,B 擴充,,,,,
3138,pathological,36,03｜常用,,,B 擴充,,,,,
3139,preferred,36,03｜常用,,,B 擴充,,,,,
3140,regiments,36,03｜常用,,,B 擴充,,,,,
3141,research,36,03｜常用,n.,研究,B 中高級核心,名詞,—,—,—,
3142,restoration,36,03｜常用,,,B 擴充,,,,,
3143,seeking,36,03｜常用,,,B 擴充,,,,,
3144,sentiment,36,03｜常用,,,B 擴充,,,,,
3145,sing,36,03｜常用,v.,唱歌,A 基礎必會,動詞,sang,sung,是,
3146,singular,36,03｜常用,,,B 擴充,,,,,
3147,spoon,36,03｜常用,,,B 擴充,,,,,
3148,steady,36,03｜常用,,,B 擴充,,,,,
3149,stick,36,03｜常用,,,B 擴充,,,,,
3150,supplied,36,03｜常用,,,B 擴充,,,,,
3151,taft,36,03｜常用,,,B 擴充,,,,,
3152,taxation,36,03｜常用,,,B 擴充,,,,,
3153,timidly,36,03｜常用,,,B 擴充,,,,,
3154,toe,36,03｜常用,,,B 擴充,,,,,
3155,trace,36,03｜常用,,,B 擴充,,,,,
3156,unfortunate,36,03｜常用,,,B 擴充,,,,,
3157,unite,36,03｜常用,,,B 擴充,,,,,
3158,whigs,36,03｜常用,,,B 擴充,,,,,
3159,worst,36,03｜常用,,,B 擴充,,,,,
3160,yield,36,03｜常用,,,B 擴充,,,,,
3161,apt,35,03｜常用,,,B 擴充,,,,,
3162,arrangement,35,03｜常用,,,B 擴充,,,,,
3163,canals,35,03｜常用,,,B 擴充,,,,,
3164,chamber,35,03｜常用,,,B 擴充,,,,,
3165,chemical,35,03｜常用,adj.,化學的,A 基礎必會,形容詞,—,—,—,
3166,closer,35,03｜常用,,,B 擴充,,,,,
3167,closing,35,03｜常用,,,B 擴充,,,,,
3168,commands,35,03｜常用,,,B 擴充,,,,,
3169,corridor,35,03｜常用,,,B 擴充,,,,,
3170,definitely,35,03｜常用,,,B 擴充,,,,,
3171,delaware,35,03｜常用,,,B 擴充,,,,,
3172,deprived,35,03｜常用,,,B 擴充,,,,,
3173,destroying,35,03｜常用,,,B 擴充,,,,,
3174,diplomacy,35,03｜常用,,,B 擴充,,,,,
3175,dispositions,35,03｜常用,,,B 擴充,,,,,
3176,emperors,35,03｜常用,,,B 擴充,,,,,
3177,enjoyed,35,03｜常用,,,B 擴充,,,,,
3178,examining,35,03｜常用,,,B 擴充,,,,,
3179,excision,35,03｜常用,,,B 擴充,,,,,
3180,extending,35,03｜常用,,,B 擴充,,,,,
3181,farms,35,03｜常用,,,B 擴充,,,,,
3182,flying,35,03｜常用,,,B 擴充,,,,,
3183,gay,35,03｜常用,,,B 擴充,,,,,
3184,homes,35,03｜常用,,,B 擴充,,,,,
3185,hunting,35,03｜常用,,,B 擴充,,,,,
3186,instrument,35,03｜常用,n.,儀器；樂器,B 中高級核心,名詞,—,—,—,
3187,intra,35,03｜常用,,,B 擴充,,,,,
3188,leather,35,03｜常用,,,B 擴充,,,,,
3189,lifting,35,03｜常用,,,B 擴充,,,,,
3190,limit,35,03｜常用,v./n.,限制,B 中高級核心,動詞；名詞,limited,limited,否,
3191,lot,35,03｜常用,,,B 擴充,,,,,
3192,materials,35,03｜常用,,,B 擴充,,,,,
3193,mechanical,35,03｜常用,,,B 擴充,,,,,
3194,motionless,35,03｜常用,,,B 擴充,,,,,
3195,nullification,35,03｜常用,,,B 擴充,,,,,
3196,ours,35,03｜常用,,,B 擴充,,,,,
3197,outcome,35,03｜常用,,,B 擴充,,,,,
3198,passion,35,03｜常用,,,B 擴充,,,,,
3199,periods,35,03｜常用,,,B 擴充,,,,,
3200,possessed,35,03｜常用,,,B 擴充,,,,,
3201,preserve,35,03｜常用,,,B 擴充,,,,,
3202,processes,35,03｜常用,,,B 擴充,,,,,
3203,provincial,35,03｜常用,,,B 擴充,,,,,
3204,purulent,35,03｜常用,,,B 擴充,,,,,
3205,reaches,35,03｜常用,,,B 擴充,,,,,
3206,recognizing,35,03｜常用,,,B 擴充,,,,,
3207,rejected,35,03｜常用,,,B 擴充,,,,,
3208,religion,35,03｜常用,,,B 擴充,,,,,
3209,rounded,35,03｜常用,,,B 擴充,,,,,
3210,rush,35,03｜常用,,,B 擴充,,,,,
3211,sank,35,03｜常用,,,B 擴充,,,,,
3212,scars,35,03｜常用,,,B 擴充,,,,,
3213,sensitive,35,03｜常用,,,B 擴充,,,,,
3214,shade,35,03｜常用,,,B 擴充,,,,,
3215,shrugged,35,03｜常用,,,B 擴充,,,,,
3216,skeleton,35,03｜常用,,,B 擴充,,,,,
3217,slept,35,03｜常用,,,B 擴充,,,,,
3218,spine,35,03｜常用,,,B 擴充,,,,,
3219,stained,35,03｜常用,,,B 擴充,,,,,
3220,staying,35,03｜常用,,,B 擴充,,,,,
3221,stir,35,03｜常用,,,B 擴充,,,,,
3222,summoned,35,03｜常用,,,B 擴充,,,,,
3223,sweet,35,03｜常用,,,B 擴充,,,,,
3224,tormented,35,03｜常用,,,B 擴充,,,,,
3225,total,35,03｜常用,n./adj.,總計的,B 中高級核心,名詞；形容詞,—,—,—,
3226,vanished,35,03｜常用,,,B 擴充,,,,,
3227,wild,35,03｜常用,,,B 擴充,,,,,
3228,adventure,34,03｜常用,n.,冒險,A 基礎必會,名詞,—,—,—,
3229,afternoon,34,03｜常用,,,B 擴充,,,,,
3230,altogether,34,03｜常用,,,B 擴充,,,,,
3231,arrange,34,03｜常用,v.,安排,A 基礎必會,動詞,arranged,arranged,否,
3232,arthur,34,03｜常用,,,B 擴充,,,,,
3233,begged,34,03｜常用,,,B 擴充,,,,,
3234,bending,34,03｜常用,,,B 擴充,,,,,
3235,bills,34,03｜常用,,,B 擴充,,,,,
3236,board,34,03｜常用,n.,板子；董事會,A 基礎必會,名詞,—,—,—,
3237,borzois,34,03｜常用,,,B 擴充,,,,,
3238,bread,34,03｜常用,,,B 擴充,,,,,
3239,burden,34,03｜常用,,,B 擴充,,,,,
3240,chose,34,03｜常用,,,B 擴充,,,,,
3241,churches,34,03｜常用,,,B 擴充,,,,,
3242,comfort,34,03｜常用,,,B 擴充,,,,,
3243,compressed,34,03｜常用,,,B 擴充,,,,,
3244,confederate,34,03｜常用,,,B 擴充,,,,,
3245,corporation,34,03｜常用,,,B 擴充,,,,,
3246,criticism,34,03｜常用,,,B 擴充,,,,,
3247,crowds,34,03｜常用,,,B 擴充,,,,,
3248,cutting,34,03｜常用,,,B 擴充,,,,,
3249,cystic,34,03｜常用,,,B 擴充,,,,,
3250,declaring,34,03｜常用,,,B 擴充,,,,,
3251,delirium,34,03｜常用,,,B 擴充,,,,,
3252,department,34,03｜常用,,,B 擴充,,,,,
3253,designed,34,03｜常用,,,B 擴充,,,,,
3254,detached,34,03｜常用,,,B 擴充,,,,,
3255,disappearance,34,03｜常用,,,B 擴充,,,,,
3256,dissatisfied,34,03｜常用,,,B 擴充,,,,,
3257,distinguish,34,03｜常用,,,B 擴充,,,,,
3258,divine,34,03｜常用,,,B 擴充,,,,,
3259,dragged,34,03｜常用,,,B 擴充,,,,,
3260,dunyasha,34,03｜常用,,,B 擴充,,,,,
3261,effusion,34,03｜常用,,,B 擴充,,,,,
3262,enacted,34,03｜常用,,,B 擴充,,,,,
3263,existing,34,03｜常用,,,B 擴充,,,,,
3264,flat,34,03｜常用,adj.,平的,A 基礎必會,形容詞,—,—,—,
3265,fractures,34,03｜常用,,,B 擴充,,,,,
3266,frequency,34,03｜常用,,,B 擴充,,,,,
3267,gates,34,03｜常用,,,B 擴充,,,,,
3268,glittering,34,03｜常用,,,B 擴充,,,,,
3269,governments,34,03｜常用,,,B 擴充,,,,,
3270,hurt,34,03｜常用,,,B 擴充,,,,,
3271,include,34,03｜常用,v.,包含,A 基礎必會,動詞,included,included,否,
3272,indication,34,03｜常用,,,B 擴充,,,,,
3273,injected,34,03｜常用,,,B 擴充,,,,,
3274,institutions,34,03｜常用,,,B 擴充,,,,,
3275,intense,34,03｜常用,,,B 擴充,,,,,
3276,ivanovich,34,03｜常用,,,B 擴充,,,,,
3277,jacket,34,03｜常用,,,B 擴充,,,,,
3278,margins,34,03｜常用,,,B 擴充,,,,,
3279,marshall,34,03｜常用,,,B 擴充,,,,,
3280,metal,34,03｜常用,,,B 擴充,,,,,
3281,ministers,34,03｜常用,,,B 擴充,,,,,
3282,mission,34,03｜常用,,,B 擴充,,,,,
3283,natured,34,03｜常用,,,B 擴充,,,,,
3284,packing,34,03｜常用,,,B 擴充,,,,,
3285,palm,34,03｜常用,,,B 擴充,,,,,
3286,paragraph,34,03｜常用,,,B 擴充,,,,,
3287,partner,34,03｜常用,n.,夥伴；伴侶,B 中高級核心,名詞,—,—,—,
3288,phrase,34,03｜常用,,,B 擴充,,,,,
3289,possibly,34,03｜常用,,,B 擴充,,,,,
3290,prognosis,34,03｜常用,,,B 擴充,,,,,
3291,rendered,34,03｜常用,,,B 擴充,,,,,
3292,resolved,34,03｜常用,,,B 擴充,,,,,
3293,reward,34,03｜常用,,,B 擴充,,,,,
3294,salt,34,03｜常用,,,B 擴充,,,,,
3295,sang,34,03｜常用,,,B 擴充,,,,,
3296,scotch,34,03｜常用,,,B 擴充,,,,,
3297,skill,34,03｜常用,n.,技能,B 中高級核心,名詞,—,—,—,
3298,spiritual,34,03｜常用,,,B 擴充,,,,,
3299,statesmen,34,03｜常用,,,B 擴充,,,,,
3300,stiffness,34,03｜常用,,,B 擴充,,,,,
3301,strain,34,03｜常用,,,B 擴充,,,,,
3302,strict,34,03｜常用,,,B 擴充,,,,,
3303,succeeded,34,03｜常用,,,B 擴充,,,,,
3304,thickened,34,03｜常用,,,B 擴充,,,,,
3305,topics,34,03｜常用,,,B 擴充,,,,,
3306,unhappy,34,03｜常用,,,B 擴充,,,,,
3307,uniforms,34,03｜常用,,,B 擴充,,,,,
3308,varying,34,03｜常用,,,B 擴充,,,,,
3309,vii,34,03｜常用,,,B 擴充,,,,,
3310,xvi,34,03｜常用,,,B 擴充,,,,,
3311,yards,34,03｜常用,,,B 擴充,,,,,
3312,affects,33,03｜常用,,,B 擴充,,,,,
3313,alabama,33,03｜常用,,,B 擴充,,,,,
3314,alien,33,03｜常用,,,B 擴充,,,,,
3315,anatomical,33,03｜常用,,,B 擴充,,,,,
3316,april,33,03｜常用,,,B 擴充,,,,,
3317,bacilli,33,03｜常用,,,B 擴充,,,,,
3318,breakfast,33,03｜常用,n.,早餐,A 基礎必會,名詞,—,—,—,
3319,cab,33,03｜常用,,,B 擴充,,,,,
3320,capsule,33,03｜常用,,,B 擴充,,,,,
3321,client,33,03｜常用,,,B 擴充,,,,,
3322,combinations,33,03｜常用,,,B 擴充,,,,,
3323,controversy,33,03｜常用,,,B 擴充,,,,,
3324,crisis,33,03｜常用,,,B 擴充,,,,,
3325,dared,33,03｜常用,,,B 擴充,,,,,
3326,decide,33,03｜常用,v.,決定,A 基礎必會,動詞,decided,decided,否,
3327,diseased,33,03｜常用,,,B 擴充,,,,,
3328,earlier,33,03｜常用,,,B 擴充,,,,,
3329,elderly,33,03｜常用,,,B 擴充,,,,,
3330,erysipelas,33,03｜常用,,,B 擴充,,,,,
3331,eventually,33,03｜常用,adv.,最後；終於,A 基礎必會,副詞,—,—,—,
3332,exception,33,03｜常用,,,B 擴充,,,,,
3333,expense,33,03｜常用,n.,費用,A 基礎必會,名詞,—,—,—,
3334,fatherland,33,03｜常用,,,B 擴充,,,,,
3335,generation,33,03｜常用,n.,世代,B 中高級核心,名詞,—,—,—,
3336,holder,33,03｜常用,,,B 擴充,,,,,
3337,ilya,33,03｜常用,,,B 擴充,,,,,
3338,inquiringly,33,03｜常用,,,B 擴充,,,,,
3339,islands,33,03｜常用,,,B 擴充,,,,,
3340,italian,33,03｜常用,,,B 擴充,,,,,
3341,judges,33,03｜常用,,,B 擴充,,,,,
3342,judgment,33,03｜常用,,,B 擴充,,,,,
3343,k,33,03｜常用,,,B 擴充,,,,,
3344,lack,33,03｜常用,n.,缺乏,B 中高級核心,名詞,—,—,—,
3345,learning,33,03｜常用,,,B 擴充,,,,,
3346,lock,33,03｜常用,,,B 擴充,,,,,
3347,lowered,33,03｜常用,,,B 擴充,,,,,
3348,misfortune,33,03｜常用,,,B 擴充,,,,,
3349,negotiations,33,03｜常用,,,B 擴充,,,,,
3350,officials,33,03｜常用,,,B 擴充,,,,,
3351,operating,33,03｜常用,,,B 擴充,,,,,
3352,otradnoe,33,03｜常用,,,B 擴充,,,,,
3353,painted,33,03｜常用,,,B 擴充,,,,,
3354,palace,33,03｜常用,,,B 擴充,,,,,
3355,peri,33,03｜常用,,,B 擴充,,,,,
3356,petition,33,03｜常用,,,B 擴充,,,,,
3357,pioneers,33,03｜常用,,,B 擴充,,,,,
3358,portrait,33,03｜常用,,,B 擴充,,,,,
3359,poured,33,03｜常用,,,B 擴充,,,,,
3360,preparation,33,03｜常用,,,B 擴充,,,,,
3361,presidential,33,03｜常用,,,B 擴充,,,,,
3362,providing,33,03｜常用,,,B 擴充,,,,,
3363,pursued,33,03｜常用,,,B 擴充,,,,,
3364,recognition,33,03｜常用,,,B 擴充,,,,,
3365,redoubt,33,03｜常用,,,B 擴充,,,,,
3366,references,33,03｜常用,,,B 擴充,,,,,
3367,resist,33,03｜常用,,,B 擴充,,,,,
3368,returns,33,03｜常用,,,B 擴充,,,,,
3369,rhode,33,03｜常用,,,B 擴充,,,,,
3370,ridden,33,03｜常用,,,B 擴充,,,,,
3371,roof,33,03｜常用,,,B 擴充,,,,,
3372,school,33,03｜常用,n.,學校,B 中高級核心,名詞,—,—,—,
3373,situations,33,03｜常用,,,B 擴充,,,,,
3374,sleeping,33,03｜常用,,,B 擴充,,,,,
3375,sooner,33,03｜常用,,,B 擴充,,,,,
3376,stock,33,03｜常用,,,B 擴充,,,,,
3377,stopping,33,03｜常用,,,B 擴充,,,,,
3378,storm,33,03｜常用,,,B 擴充,,,,,
3379,synovitis,33,03｜常用,,,B 擴充,,,,,
3380,thomas,33,03｜常用,,,B 擴充,,,,,
3381,tide,33,03｜常用,,,B 擴充,,,,,
3382,types,33,03｜常用,,,B 擴充,,,,,
3383,valuable,33,03｜常用,,,B 擴充,,,,,
3384,varix,33,03｜常用,,,B 擴充,,,,,
3385,vous,33,03｜常用,,,B 擴充,,,,,
3386,witness,33,03｜常用,,,B 擴充,,,,,
3387,wrapped,33,03｜常用,,,B 擴充,,,,,
3388,abandon,32,03｜常用,,,B 擴充,,,,,
3389,appropriate,32,03｜常用,adj.,適當的,A 基礎必會,形容詞,—,—,—,
3390,argument,32,03｜常用,n.,爭論；論點,A 基礎必會,名詞,—,—,—,
3391,attained,32,03｜常用,,,B 擴充,,,,,
3392,attentively,32,03｜常用,,,B 擴充,,,,,
3393,axillary,32,03｜常用,,,B 擴充,,,,,
3394,brows,32,03｜常用,,,B 擴充,,,,,
3395,charter,32,03｜常用,,,B 擴充,,,,,
3396,christ,32,03｜常用,,,B 擴充,,,,,
3397,commanding,32,03｜常用,,,B 擴充,,,,,
3398,concern,32,03｜常用,n.,關心；擔憂,A 基礎必會,名詞,—,—,—,
3399,confident,32,03｜常用,adj.,有信心的,A 基礎必會,形容詞,—,—,—,
3400,demands,32,03｜常用,,,B 擴充,,,,,
3401,denounced,32,03｜常用,,,B 擴充,,,,,
3402,depressed,32,03｜常用,,,B 擴充,,,,,
3403,deserted,32,03｜常用,,,B 擴充,,,,,
3404,desperate,32,03｜常用,,,B 擴充,,,,,
3405,dominion,32,03｜常用,,,B 擴充,,,,,
3406,drunk,32,03｜常用,,,B 擴充,,,,,
3407,ermolov,32,03｜常用,,,B 擴充,,,,,
3408,esaul,32,03｜常用,,,B 擴充,,,,,
3409,exceedingly,32,03｜常用,,,B 擴充,,,,,
3410,fibroma,32,03｜常用,,,B 擴充,,,,,
3411,flexed,32,03｜常用,,,B 擴充,,,,,
3412,goose,32,03｜常用,,,B 擴充,,,,,
3413,hence,32,03｜常用,,,B 擴充,,,,,
3414,improvement,32,03｜常用,,,B 擴充,,,,,
3415,individuals,32,03｜常用,,,B 擴充,,,,,
3416,inevitably,32,03｜常用,,,B 擴充,,,,,
3417,inform,32,03｜常用,,,B 擴充,,,,,
3418,interval,32,03｜常用,,,B 擴充,,,,,
3419,keen,32,03｜常用,,,B 擴充,,,,,
3420,leads,32,03｜常用,,,B 擴充,,,,,
3421,lift,32,03｜常用,,,B 擴充,,,,,
3422,lined,32,03｜常用,,,B 擴充,,,,,
3423,lipoma,32,03｜常用,,,B 擴充,,,,,
3424,louder,32,03｜常用,,,B 擴充,,,,,
3425,marrying,32,03｜常用,,,B 擴充,,,,,
3426,melancholy,32,03｜常用,,,B 擴充,,,,,
3427,migration,32,03｜常用,,,B 擴充,,,,,
3428,mile,32,03｜常用,n.,英里,B 中高級核心,名詞,—,—,—,
3429,mingled,32,03｜常用,,,B 擴充,,,,,
3430,nails,32,03｜常用,,,B 擴充,,,,,
3431,obliged,32,03｜常用,,,B 擴充,,,,,
3432,overcome,32,03｜常用,,,B 擴充,,,,,
3433,owner,32,03｜常用,n.,擁有者,B 中高級核心,名詞,—,—,—,
3434,passionate,32,03｜常用,,,B 擴充,,,,,
3435,passive,32,03｜常用,,,B 擴充,,,,,
3436,plump,32,03｜常用,,,B 擴充,,,,,
3437,practically,32,03｜常用,,,B 擴充,,,,,
3438,priest,32,03｜常用,,,B 擴充,,,,,
3439,principal,32,03｜常用,,,B 擴充,,,,,
3440,quarrel,32,03｜常用,,,B 擴充,,,,,
3441,recovered,32,03｜常用,,,B 擴充,,,,,
3442,renewed,32,03｜常用,,,B 擴充,,,,,
3443,resemble,32,03｜常用,,,B 擴充,,,,,
3444,reserve,32,03｜常用,,,B 擴充,,,,,
3445,responsible,32,03｜常用,adj.,負責的,B 中高級核心,形容詞,—,—,—,
3446,restless,32,03｜常用,,,B 擴充,,,,,
3447,ringing,32,03｜常用,,,B 擴充,,,,,
3448,rubbed,32,03｜常用,,,B 擴充,,,,,
3449,saving,32,03｜常用,,,B 擴充,,,,,
3450,sclerosis,32,03｜常用,,,B 擴充,,,,,
3451,securing,32,03｜常用,,,B 擴充,,,,,
3452,seizing,32,03｜常用,,,B 擴充,,,,,
3453,shame,32,03｜常用,,,B 擴充,,,,,
3454,sire,32,03｜常用,,,B 擴充,,,,,
3455,site,32,03｜常用,,,B 擴充,,,,,
3456,sounded,32,03｜常用,,,B 擴充,,,,,
3457,spend,32,03｜常用,v.,花費,A 基礎必會,動詞,spent,spent,是,
3458,stationed,32,03｜常用,,,B 擴充,,,,,
3459,sufficiently,32,03｜常用,,,B 擴充,,,,,
3460,tarutino,32,03｜常用,,,B 擴充,,,,,
3461,thereby,32,03｜常用,,,B 擴充,,,,,
3462,thirteen,32,03｜常用,,,B 擴充,,,,,
3463,tones,32,03｜常用,,,B 擴充,,,,,
3464,track,32,03｜常用,,,B 擴充,,,,,
3465,unusual,32,03｜常用,,,B 擴充,,,,,
3466,vilna,32,03｜常用,,,B 擴充,,,,,
3467,virus,32,03｜常用,,,B 擴充,,,,,
3468,warning,32,03｜常用,n.,警告,B 中高級核心,名詞,—,—,—,
3469,wing,32,03｜常用,,,B 擴充,,,,,
3470,accused,31,03｜常用,,,B 擴充,,,,,
3471,aged,31,03｜常用,,,B 擴充,,,,,
3472,animation,31,03｜常用,,,B 擴充,,,,,
3473,appearances,31,03｜常用,,,B 擴充,,,,,
3474,assumption,31,03｜常用,,,B 擴充,,,,,
3475,authorized,31,03｜常用,,,B 擴充,,,,,
3476,belief,31,03｜常用,,,B 擴充,,,,,
3477,benefactor,31,03｜常用,,,B 擴充,,,,,
3478,campfires,31,03｜常用,,,B 擴充,,,,,
3479,carbolic,31,03｜常用,,,B 擴充,,,,,
3480,challenge,31,03｜常用,n.,挑戰,A 基礎必會,名詞,—,—,—,
3481,charm,31,03｜常用,,,B 擴充,,,,,
3482,complications,31,03｜常用,,,B 擴充,,,,,
3483,conceal,31,03｜常用,,,B 擴充,,,,,
3484,concentrated,31,03｜常用,,,B 擴充,,,,,
3485,conference,31,03｜常用,n.,會議,A 基礎必會,名詞,—,—,—,
3486,congenital,31,03｜常用,,,B 擴充,,,,,
3487,contract,31,03｜常用,v./n.,縮小；感染,B 中高級核心,動詞；名詞,contracted,contracted,否,
3488,controlled,31,03｜常用,,,B 擴充,,,,,
3489,cries,31,03｜常用,,,B 擴充,,,,,
3490,defeated,31,03｜常用,,,B 擴充,,,,,
3491,descended,31,03｜常用,,,B 擴充,,,,,
3492,dining,31,03｜常用,,,B 擴充,,,,,
3493,discussed,31,03｜常用,,,B 擴充,,,,,
3494,discussion,31,03｜常用,,,B 擴充,,,,,
3495,driver,31,03｜常用,n.,駕駛,A 基礎必會,名詞,—,—,—,
3496,duel,31,03｜常用,,,B 擴充,,,,,
3497,essence,31,03｜常用,,,B 擴充,,,,,
3498,expedition,31,03｜常用,,,B 擴充,,,,,
3499,expressing,31,03｜常用,,,B 擴充,,,,,
3500,federalist,31,03｜常用,,,B 擴充,,,,,
3501,feels,31,03｜常用,,,B 擴充,,,,,
3502,flag,31,03｜常用,,,B 擴充,,,,,
3503,footmen,31,03｜常用,,,B 擴充,,,,,
3504,footsteps,31,03｜常用,,,B 擴充,,,,,
3505,forgetting,31,03｜常用,,,B 擴充,,,,,
3506,frank,31,03｜常用,,,B 擴充,,,,,
3507,glasses,31,03｜常用,,,B 擴充,,,,,
3508,governors,31,03｜常用,,,B 擴充,,,,,
3509,gummatous,31,03｜常用,,,B 擴充,,,,,
3510,haired,31,03｜常用,,,B 擴充,,,,,
3511,hunt,31,03｜常用,,,B 擴充,,,,,
3512,hydrops,31,03｜常用,,,B 擴充,,,,,
3513,indicate,31,03｜常用,v.,指出；顯示,B 中高級核心,動詞,indicated,indicated,否,
3514,indifferent,31,03｜常用,,,B 擴充,,,,,
3515,inspector,31,03｜常用,,,B 擴充,,,,,
3516,introduction,31,03｜常用,,,B 擴充,,,,,
3517,lasted,31,03｜常用,,,B 擴充,,,,,
3518,legislative,31,03｜常用,,,B 擴充,,,,,
3519,ma,31,03｜常用,,,B 擴充,,,,,
3520,memories,31,03｜常用,,,B 擴充,,,,,
3521,moderate,31,03｜常用,,,B 擴充,,,,,
3522,necessarily,31,03｜常用,,,B 擴充,,,,,
3523,newspapers,31,03｜常用,,,B 擴充,,,,,
3524,nobility,31,03｜常用,,,B 擴充,,,,,
3525,orleans,31,03｜常用,,,B 擴充,,,,,
3526,pack,31,03｜常用,,,B 擴充,,,,,
3527,permit,31,03｜常用,,,B 擴充,,,,,
3528,posterior,31,03｜常用,,,B 擴充,,,,,
3529,preventing,31,03｜常用,,,B 擴充,,,,,
3530,recommended,31,03｜常用,,,B 擴充,,,,,
3531,retain,31,03｜常用,,,B 擴充,,,,,
3532,searching,31,03｜常用,,,B 擴充,,,,,
3533,seize,31,03｜常用,,,B 擴充,,,,,
3534,sixteen,31,03｜常用,,,B 擴充,,,,,
3535,sources,31,03｜常用,,,B 擴充,,,,,
3536,speed,31,03｜常用,,,B 擴充,,,,,
3537,sphere,31,03｜常用,,,B 擴充,,,,,
3538,stairs,31,03｜常用,,,B 擴充,,,,,
3539,stars,31,03｜常用,,,B 擴充,,,,,
3540,stroke,31,03｜常用,,,B 擴充,,,,,
3541,submit,31,03｜常用,,,B 擴充,,,,,
3542,suitable,31,03｜常用,,,B 擴充,,,,,
3543,suppurative,31,03｜常用,,,B 擴充,,,,,
3544,swaying,31,03｜常用,,,B 擴充,,,,,
3545,telyanin,31,03｜常用,,,B 擴充,,,,,
3546,temporary,31,03｜常用,,,B 擴充,,,,,
3547,timid,31,03｜常用,,,B 擴充,,,,,
3548,trademark,31,03｜常用,,,B 擴充,,,,,
3549,treat,31,03｜常用,v.,對待；治療,B 中高級核心,動詞,treated,treated,否,
3550,typical,31,03｜常用,,,B 擴充,,,,,
3551,undoubtedly,31,03｜常用,,,B 擴充,,,,,
3552,university,31,03｜常用,n.,大學,B 中高級核心,名詞,—,—,—,
3553,wealthy,31,03｜常用,,,B 擴充,,,,,
3554,additional,30,03｜常用,adj.,額外的,A 基礎必會,形容詞,—,—,—,
3555,ambassador,30,03｜常用,,,B 擴充,,,,,
3556,anatomy,30,03｜常用,,,B 擴充,,,,,
3557,banking,30,03｜常用,,,B 擴充,,,,,
3558,blisters,30,03｜常用,,,B 擴充,,,,,
3559,blocked,30,03｜常用,,,B 擴充,,,,,
3560,blushing,30,03｜常用,,,B 擴充,,,,,
3561,buonaparte,30,03｜常用,,,B 擴充,,,,,
3562,card,30,03｜常用,n.,卡片,A 基礎必會,名詞,—,—,—,
3563,chain,30,03｜常用,n.,鏈條,A 基礎必會,名詞,—,—,—,
3564,chancre,30,03｜常用,,,B 擴充,,,,,
3565,chin,30,03｜常用,,,B 擴充,,,,,
3566,classes,30,03｜常用,,,B 擴充,,,,,
3567,cloud,30,03｜常用,n.,雲,A 基礎必會,名詞,—,—,—,
3568,co,30,03｜常用,,,B 擴充,,,,,
3569,condemned,30,03｜常用,,,B 擴充,,,,,
3570,confederacy,30,03｜常用,,,B 擴充,,,,,
3571,connections,30,03｜常用,,,B 擴充,,,,,
3572,considerations,30,03｜常用,,,B 擴充,,,,,
3573,criminal,30,03｜常用,,,B 擴充,,,,,
3574,cuba,30,03｜常用,,,B 擴充,,,,,
3575,dam,30,03｜常用,,,B 擴充,,,,,
3576,daughters,30,03｜常用,,,B 擴充,,,,,
3577,denied,30,03｜常用,,,B 擴充,,,,,
3578,dependent,30,03｜常用,,,B 擴充,,,,,
3579,depth,30,03｜常用,,,B 擴充,,,,,
3580,draft,30,03｜常用,,,B 擴充,,,,,
3581,elephantiasis,30,03｜常用,,,B 擴充,,,,,
3582,epithelial,30,03｜常用,,,B 擴充,,,,,
3583,escaped,30,03｜常用,,,B 擴充,,,,,
3584,escapes,30,03｜常用,,,B 擴充,,,,,
3585,eve,30,03｜常用,,,B 擴充,,,,,
3586,excluded,30,03｜常用,,,B 擴充,,,,,
3587,filling,30,03｜常用,,,B 擴充,,,,,
3588,flung,30,03｜常用,,,B 擴充,,,,,
3589,grows,30,03｜常用,,,B 擴充,,,,,
3590,haste,30,03｜常用,,,B 擴充,,,,,
3591,hearts,30,03｜常用,,,B 擴充,,,,,
3592,hers,30,03｜常用,,,B 擴充,,,,,
3593,hostile,30,03｜常用,,,B 擴充,,,,,
3594,hungry,30,03｜常用,,,B 擴充,,,,,
3595,iliac,30,03｜常用,,,B 擴充,,,,,
3596,insignificant,30,03｜常用,,,B 擴充,,,,,
3597,intently,30,03｜常用,,,B 擴充,,,,,
3598,iodine,30,03｜常用,,,B 擴充,,,,,
3599,lateral,30,03｜常用,,,B 擴充,,,,,
3600,likewise,30,03｜常用,,,B 擴充,,,,,
3601,lise,30,03｜常用,,,B 擴充,,,,,
3602,lovely,30,03｜常用,,,B 擴充,,,,,
3603,maids,30,03｜常用,,,B 擴充,,,,,
3604,medial,30,03｜常用,,,B 擴充,,,,,
3605,mighty,30,03｜常用,,,B 擴充,,,,,
3606,murder,30,03｜常用,,,B 擴充,,,,,
3607,oak,30,03｜常用,,,B 擴充,,,,,
3608,opponents,30,03｜常用,,,B 擴充,,,,,
3609,peaceful,30,03｜常用,,,B 擴充,,,,,
3610,pelvis,30,03｜常用,,,B 擴充,,,,,
3611,popliteal,30,03｜常用,,,B 擴充,,,,,
3612,privileges,30,03｜常用,,,B 擴充,,,,,
3613,proof,30,03｜常用,,,B 擴充,,,,,
3614,reality,30,03｜常用,,,B 擴充,,,,,
3615,rear,30,03｜常用,,,B 擴充,,,,,
3616,recently,30,03｜常用,adv.,最近,B 中高級核心,副詞,—,—,—,
3617,recover,30,03｜常用,,,B 擴充,,,,,
3618,refund,30,03｜常用,,,B 擴充,,,,,
3619,refusal,30,03｜常用,,,B 擴充,,,,,
3620,regulation,30,03｜常用,,,B 擴充,,,,,
3621,risen,30,03｜常用,,,B 擴充,,,,,
3622,rosy,30,03｜常用,,,B 擴充,,,,,
3623,seaboard,30,03｜常用,,,B 擴充,,,,,
3624,sell,30,03｜常用,v.,販售,A 基礎必會,動詞,sold,sold,是,
3625,simplicity,30,03｜常用,,,B 擴充,,,,,
3626,sixty,30,03｜常用,,,B 擴充,,,,,
3627,sleeves,30,03｜常用,,,B 擴充,,,,,
3628,slipped,30,03｜常用,,,B 擴充,,,,,
3629,slough,30,03｜常用,,,B 擴充,,,,,
3630,status,30,03｜常用,,,B 擴充,,,,,
3631,steam,30,03｜常用,,,B 擴充,,,,,
3632,steel,30,03｜常用,,,B 擴充,,,,,
3633,stores,30,03｜常用,,,B 擴充,,,,,
3634,subjected,30,03｜常用,,,B 擴充,,,,,
3635,swift,30,03｜常用,,,B 擴充,,,,,
3636,tight,30,03｜常用,,,B 擴充,,,,,
3637,timokhin,30,03｜常用,,,B 擴充,,,,,
3638,uncertain,30,03｜常用,,,B 擴充,,,,,
3639,unnecessary,30,03｜常用,,,B 擴充,,,,,
3640,urine,30,03｜常用,,,B 擴充,,,,,
3641,vain,30,03｜常用,,,B 擴充,,,,,
3642,ventured,30,03｜常用,,,B 擴充,,,,,
3643,violent,30,03｜常用,,,B 擴充,,,,,
3644,volume,30,03｜常用,,,B 擴充,,,,,
3645,waters,30,03｜常用,,,B 擴充,,,,,
3646,wear,30,03｜常用,v.,穿；戴,A 基礎必會,動詞,wore,worn,是,
3647,westward,30,03｜常用,,,B 擴充,,,,,
3648,wonderful,30,03｜常用,,,B 擴充,,,,,
3649,accord,29,03｜常用,,,B 擴充,,,,,
3650,advocates,29,03｜常用,,,B 擴充,,,,,
3651,alarmed,29,03｜常用,,,B 擴充,,,,,
3652,arrangements,29,03｜常用,,,B 擴充,,,,,
3653,assurance,29,03｜常用,,,B 擴充,,,,,
3654,attempted,29,03｜常用,,,B 擴充,,,,,
3655,attend,29,03｜常用,,,B 擴充,,,,,
3656,author,29,03｜常用,n.,作者,A 基礎必會,名詞,—,—,—,
3657,awful,29,03｜常用,,,B 擴充,,,,,
3658,brightly,29,03｜常用,,,B 擴充,,,,,
3659,bushes,29,03｜常用,,,B 擴充,,,,,
3660,caleche,29,03｜常用,,,B 擴充,,,,,
3661,calls,29,03｜常用,,,B 擴充,,,,,
3662,cavities,29,03｜常用,,,B 擴充,,,,,
3663,chairs,29,03｜常用,,,B 擴充,,,,,
3664,clearing,29,03｜常用,,,B 擴充,,,,,
3665,compare,29,03｜常用,v.,比較,A 基礎必會,動詞,compared,compared,否,
3666,complicated,29,03｜常用,,,B 擴充,,,,,
3667,concealed,29,03｜常用,,,B 擴充,,,,,
3668,consequently,29,03｜常用,,,B 擴充,,,,,
3669,consist,29,03｜常用,,,B 擴充,,,,,
3670,content,29,03｜常用,n.,內容,A 基礎必會,名詞,—,—,—,
3671,conventions,29,03｜常用,,,B 擴充,,,,,
3672,coronet,29,03｜常用,,,B 擴充,,,,,
3673,corporal,29,03｜常用,,,B 擴充,,,,,
3674,crushed,29,03｜常用,,,B 擴充,,,,,
3675,curious,29,03｜常用,,,B 擴充,,,,,
3676,damages,29,03｜常用,,,B 擴充,,,,,
3677,damp,29,03｜常用,,,B 擴充,,,,,
3678,defend,29,03｜常用,,,B 擴充,,,,,
3679,degrees,29,03｜常用,,,B 擴充,,,,,
3680,destined,29,03｜常用,,,B 擴充,,,,,
3681,devotion,29,03｜常用,,,B 擴充,,,,,
3682,douglas,29,03｜常用,,,B 擴充,,,,,
3683,drainage,29,03｜常用,,,B 擴充,,,,,
3684,dutch,29,03｜常用,,,B 擴充,,,,,
3685,eldest,29,03｜常用,,,B 擴充,,,,,
3686,electors,29,03｜常用,,,B 擴充,,,,,
3687,employers,29,03｜常用,,,B 擴充,,,,,
3688,enforce,29,03｜常用,,,B 擴充,,,,,
3689,entrusted,29,03｜常用,,,B 擴充,,,,,
3690,est,29,03｜常用,,,B 擴充,,,,,
3691,exists,29,03｜常用,,,B 擴充,,,,,
3692,factories,29,03｜常用,,,B 擴充,,,,,
3693,failing,29,03｜常用,,,B 擴充,,,,,
3694,fee,29,03｜常用,,,B 擴充,,,,,
3695,fetch,29,03｜常用,,,B 擴充,,,,,
3696,fortnight,29,03｜常用,,,B 擴充,,,,,
3697,fourteen,29,03｜常用,,,B 擴充,,,,,
3698,furnish,29,03｜常用,,,B 擴充,,,,,
3699,ganglion,29,03｜常用,,,B 擴充,,,,,
3700,gloves,29,03｜常用,,,B 擴充,,,,,
3701,gracious,29,03｜常用,,,B 擴充,,,,,
3702,groom,29,03｜常用,,,B 擴充,,,,,
3703,hastened,29,03｜常用,,,B 擴充,,,,,
3704,heels,29,03｜常用,,,B 擴充,,,,,
3705,hidden,29,03｜常用,,,B 擴充,,,,,
3706,http,29,03｜常用,,,B 擴充,,,,,
3707,ice,29,03｜常用,,,B 擴充,,,,,
3708,icons,29,03｜常用,,,B 擴充,,,,,
3709,indicating,29,03｜常用,,,B 擴充,,,,,
3710,indurated,29,03｜常用,,,B 擴充,,,,,
3711,induration,29,03｜常用,,,B 擴充,,,,,
3712,judicial,29,03｜常用,,,B 擴充,,,,,
3713,kinds,29,03｜常用,,,B 擴充,,,,,
3714,kremlin,29,03｜常用,,,B 擴充,,,,,
3715,largely,29,03｜常用,,,B 擴充,,,,,
3716,lofty,29,03｜常用,,,B 擴充,,,,,
3717,manifest,29,03｜常用,,,B 擴充,,,,,
3718,marching,29,03｜常用,,,B 擴充,,,,,
3719,militiamen,29,03｜常用,,,B 擴充,,,,,
3720,milk,29,03｜常用,n.,牛奶,B 中高級核心,名詞,—,—,—,
3721,minor,29,03｜常用,,,B 擴充,,,,,
3722,motor,29,03｜常用,,,B 擴充,,,,,
3723,names,29,03｜常用,,,B 擴充,,,,,
3724,obey,29,03｜常用,,,B 擴充,,,,,
3725,offensive,29,03｜常用,,,B 擴充,,,,,
3726,outer,29,03｜常用,,,B 擴充,,,,,
3727,ownership,29,03｜常用,,,B 擴充,,,,,
3728,passions,29,03｜常用,,,B 擴充,,,,,
3729,perplexity,29,03｜常用,,,B 擴充,,,,,
3730,philippines,29,03｜常用,,,B 擴充,,,,,
3731,profits,29,03｜常用,,,B 擴充,,,,,
3732,pulling,29,03｜常用,,,B 擴充,,,,,
3733,purple,29,03｜常用,,,B 擴充,,,,,
3734,radical,29,03｜常用,,,B 擴充,,,,,
3735,radiogram,29,03｜常用,,,B 擴充,,,,,
3736,rang,29,03｜常用,,,B 擴充,,,,,
3737,reasonable,29,03｜常用,,,B 擴充,,,,,
3738,rebellion,29,03｜常用,,,B 擴充,,,,,
3739,require,29,03｜常用,v.,要求；需要,A 基礎必會,動詞,required,required,否,
3740,retire,29,03｜常用,,,B 擴充,,,,,
3741,rostova,29,03｜常用,,,B 擴充,,,,,
3742,rubber,29,03｜常用,,,B 擴充,,,,,
3743,severely,29,03｜常用,,,B 擴充,,,,,
3744,sheet,29,03｜常用,,,B 擴充,,,,,
3745,shevardino,29,03｜常用,,,B 擴充,,,,,
3746,shinshin,29,03｜常用,,,B 擴充,,,,,
3747,shop,29,03｜常用,,,B 擴充,,,,,
3748,simultaneously,29,03｜常用,,,B 擴充,,,,,
3749,stated,29,03｜常用,,,B 擴充,,,,,
3750,stepping,29,03｜常用,,,B 擴充,,,,,
3751,toll,29,03｜常用,,,B 擴充,,,,,
3752,transport,29,03｜常用,,,B 擴充,,,,,
3753,travel,29,03｜常用,v.,旅行,A 基礎必會,動詞,traveled,traveled,否,
3754,ultimately,29,03｜常用,,,B 擴充,,,,,
3755,uncommon,29,03｜常用,,,B 擴充,,,,,
3756,unconsciously,29,03｜常用,,,B 擴充,,,,,
3757,waved,29,03｜常用,,,B 擴充,,,,,
3758,webster,29,03｜常用,,,B 擴充,,,,,
3759,willarski,29,03｜常用,,,B 擴充,,,,,
3760,withdraw,29,03｜常用,,,B 擴充,,,,,
3761,abnormal,28,03｜常用,,,B 擴充,,,,,
3762,abundant,28,03｜常用,,,B 擴充,,,,,
3763,accident,28,03｜常用,n.,意外；事故,A 基礎必會,名詞,—,—,—,
3764,advised,28,03｜常用,,,B 擴充,,,,,
3765,agreeable,28,03｜常用,,,B 擴充,,,,,
3766,allied,28,03｜常用,,,B 擴充,,,,,
3767,aloud,28,03｜常用,,,B 擴充,,,,,
3768,anterior,28,03｜常用,,,B 擴充,,,,,
3769,antiseptic,28,03｜常用,,,B 擴充,,,,,
3770,arise,28,03｜常用,,,B 擴充,,,,,
3771,arrive,28,03｜常用,v.,到達,A 基礎必會,動詞,arrived,arrived,否,
3772,astonishment,28,03｜常用,,,B 擴充,,,,,
3773,birth,28,03｜常用,n.,出生,A 基礎必會,名詞,—,—,—,
3774,bowing,28,03｜常用,,,B 擴充,,,,,
3775,brave,28,03｜常用,,,B 擴充,,,,,
3776,calmly,28,03｜常用,,,B 擴充,,,,,
3777,canada,28,03｜常用,,,B 擴充,,,,,
3778,candidates,28,03｜常用,,,B 擴充,,,,,
3779,candles,28,03｜常用,,,B 擴充,,,,,
3780,charged,28,03｜常用,,,B 擴充,,,,,
3781,chicago,28,03｜常用,,,B 擴充,,,,,
3782,citizen,28,03｜常用,n.,公民,A 基礎必會,名詞,—,—,—,
3783,coarse,28,03｜常用,,,B 擴充,,,,,
3784,collective,28,03｜常用,,,B 擴充,,,,,
3785,conquest,28,03｜常用,,,B 擴充,,,,,
3786,consequence,28,03｜常用,n.,後果,A 基礎必會,名詞,—,—,—,
3787,constitutes,28,03｜常用,,,B 擴充,,,,,
3788,contracture,28,03｜常用,,,B 擴充,,,,,
3789,creature,28,03｜常用,,,B 擴充,,,,,
3790,destructive,28,03｜常用,,,B 擴充,,,,,
3791,discover,28,03｜常用,v.,發現,A 基礎必會,動詞,discovered,discovered,否,
3792,distal,28,03｜常用,,,B 擴充,,,,,
3793,doses,28,03｜常用,,,B 擴充,,,,,
3794,drops,28,03｜常用,,,B 擴充,,,,,
3795,exaggerated,28,03｜常用,,,B 擴充,,,,,
3796,exchanged,28,03｜常用,,,B 擴充,,,,,
3797,extends,28,03｜常用,,,B 擴充,,,,,
3798,favourable,28,03｜常用,,,B 擴充,,,,,
3799,furnished,28,03｜常用,,,B 擴充,,,,,
3800,gaze,28,03｜常用,,,B 擴充,,,,,
3801,giant,28,03｜常用,,,B 擴充,,,,,
3802,goal,28,03｜常用,n.,目標,B 中高級核心,名詞,—,—,—,
3803,gross,28,03｜常用,,,B 擴充,,,,,
3804,halted,28,03｜常用,,,B 擴充,,,,,
3805,hid,28,03｜常用,,,B 擴充,,,,,
3806,infinite,28,03｜常用,,,B 擴充,,,,,
3807,ix,28,03｜常用,,,B 擴充,,,,,
3808,kansas,28,03｜常用,,,B 擴充,,,,,
3809,killing,28,03｜常用,,,B 擴充,,,,,
3810,loaded,28,03｜常用,,,B 擴充,,,,,
3811,luck,28,03｜常用,,,B 擴充,,,,,
3812,margin,28,03｜常用,,,B 擴充,,,,,
3813,mason,28,03｜常用,,,B 擴充,,,,,
3814,massage,28,03｜常用,,,B 擴充,,,,,
3815,medullary,28,03｜常用,,,B 擴充,,,,,
3816,meetings,28,03｜常用,,,B 擴充,,,,,
3817,midnight,28,03｜常用,,,B 擴充,,,,,
3818,missed,28,03｜常用,,,B 擴充,,,,,
3819,missing,28,03｜常用,,,B 擴充,,,,,
3820,myeloma,28,03｜常用,,,B 擴充,,,,,
3821,neighbor,28,03｜常用,n.,鄰居,B 中高級核心,名詞,—,—,—,
3822,neighbors,28,03｜常用,,,B 擴充,,,,,
3823,net,28,03｜常用,,,B 擴充,,,,,
3824,picture,28,03｜常用,n.,圖片,B 中高級核心,名詞,—,—,—,
3825,pieces,28,03｜常用,,,B 擴充,,,,,
3826,pillow,28,03｜常用,,,B 擴充,,,,,
3827,placing,28,03｜常用,,,B 擴充,,,,,
3828,products,28,03｜常用,,,B 擴充,,,,,
3829,professional,28,03｜常用,adj.,專業的,B 中高級核心,形容詞,—,—,—,
3830,purse,28,03｜常用,,,B 擴充,,,,,
3831,release,28,03｜常用,v.,釋放；發布,B 中高級核心,動詞,released,released,否,
3832,render,28,03｜常用,,,B 擴充,,,,,
3833,replying,28,03｜常用,,,B 擴充,,,,,
3834,representation,28,03｜常用,,,B 擴充,,,,,
3835,reputation,28,03｜常用,,,B 擴充,,,,,
3836,rested,28,03｜常用,,,B 擴充,,,,,
3837,restore,28,03｜常用,,,B 擴充,,,,,
3838,restricted,28,03｜常用,,,B 擴充,,,,,
3839,rows,28,03｜常用,,,B 擴充,,,,,
3840,schools,28,03｜常用,,,B 擴充,,,,,
3841,sebaceous,28,03｜常用,,,B 擴充,,,,,
3842,seconds,28,03｜常用,,,B 擴充,,,,,
3843,servitude,28,03｜常用,,,B 擴充,,,,,
3844,softened,28,03｜常用,,,B 擴充,,,,,
3845,sovereignty,28,03｜常用,,,B 擴充,,,,,
3846,stirred,28,03｜常用,,,B 擴充,,,,,
3847,subsequent,28,03｜常用,,,B 擴充,,,,,
3848,supremacy,28,03｜常用,,,B 擴充,,,,,
3849,sustained,28,03｜常用,,,B 擴充,,,,,
3850,sutures,28,03｜常用,,,B 擴充,,,,,
3851,swayed,28,03｜常用,,,B 擴充,,,,,
3852,theodore,28,03｜常用,,,B 擴充,,,,,
3853,uhlans,28,03｜常用,,,B 擴充,,,,,
3854,visited,28,03｜常用,,,B 擴充,,,,,
3855,whistle,28,03｜常用,,,B 擴充,,,,,
3856,wouldn,28,03｜常用,,,B 擴充,,,,,
3857,xi,28,03｜常用,,,B 擴充,,,,,
3858,xii,28,03｜常用,,,B 擴充,,,,,
3859,xiv,28,03｜常用,,,B 擴充,,,,,
3860,abandoning,27,03｜常用,,,B 擴充,,,,,
3861,activities,27,03｜常用,,,B 擴充,,,,,
3862,add,27,03｜常用,v.,增加；加上,A 基礎必會,動詞,added,added,否,
3863,amused,27,03｜常用,,,B 擴充,,,,,
3864,aorta,27,03｜常用,,,B 擴充,,,,,
3865,arbitration,27,03｜常用,,,B 擴充,,,,,
3866,bands,27,03｜常用,,,B 擴充,,,,,
3867,boundary,27,03｜常用,,,B 擴充,,,,,
3868,chondroma,27,03｜常用,,,B 擴充,,,,,
3869,clair,27,03｜常用,,,B 擴充,,,,,
3870,clinically,27,03｜常用,,,B 擴充,,,,,
3871,coldly,27,03｜常用,,,B 擴充,,,,,
3872,collection,27,03｜常用,n.,收藏；集合,A 基礎必會,名詞,—,—,—,
3873,commonest,27,03｜常用,,,B 擴充,,,,,
3874,contemporaries,27,03｜常用,,,B 擴充,,,,,
3875,convoy,27,03｜常用,,,B 擴充,,,,,
3876,cook,27,03｜常用,,,B 擴充,,,,,
3877,crying,27,03｜常用,,,B 擴充,,,,,
3878,deformities,27,03｜常用,,,B 擴充,,,,,
3879,delayed,27,03｜常用,,,B 擴充,,,,,
3880,description,27,03｜常用,n.,描述,A 基礎必會,名詞,—,—,—,
3881,disputes,27,03｜常用,,,B 擴充,,,,,
3882,dokhturov,27,03｜常用,,,B 擴充,,,,,
3883,dragoons,27,03｜常用,,,B 擴充,,,,,
3884,dresses,27,03｜常用,,,B 擴充,,,,,
3885,effective,27,03｜常用,adj.,有效的,A 基礎必會,形容詞,—,—,—,
3886,element,27,03｜常用,n.,元素；要素,A 基礎必會,名詞,—,—,—,
3887,embedded,27,03｜常用,,,B 擴充,,,,,
3888,empress,27,03｜常用,,,B 擴充,,,,,
3889,encounter,27,03｜常用,,,B 擴充,,,,,
3890,endure,27,03｜常用,,,B 擴充,,,,,
3891,experiment,27,03｜常用,n.,實驗,A 基礎必會,名詞,—,—,—,
3892,extremities,27,03｜常用,,,B 擴充,,,,,
3893,farmer,27,03｜常用,n.,農夫,A 基礎必會,名詞,—,—,—,
3894,faster,27,03｜常用,,,B 擴充,,,,,
3895,fix,27,03｜常用,,,B 擴充,,,,,
3896,flap,27,03｜常用,,,B 擴充,,,,,
3897,flowed,27,03｜常用,,,B 擴充,,,,,
3898,forgot,27,03｜常用,,,B 擴充,,,,,
3899,fourteenth,27,03｜常用,,,B 擴充,,,,,
3900,funds,27,03｜常用,,,B 擴充,,,,,
3901,gravity,27,03｜常用,,,B 擴充,,,,,
3902,greeted,27,03｜常用,,,B 擴充,,,,,
3903,hampshire,27,03｜常用,,,B 擴充,,,,,
3904,harness,27,03｜常用,,,B 擴充,,,,,
3905,highroad,27,03｜常用,,,B 擴充,,,,,
3906,horrible,27,03｜常用,,,B 擴充,,,,,
3907,hunger,27,03｜常用,,,B 擴充,,,,,
3908,improvements,27,03｜常用,,,B 擴充,,,,,
3909,incident,27,03｜常用,,,B 擴充,,,,,
3910,indefinite,27,03｜常用,,,B 擴充,,,,,
3911,indiana,27,03｜常用,,,B 擴充,,,,,
3912,involuntary,27,03｜常用,,,B 擴充,,,,,
3913,kaluga,27,03｜常用,,,B 擴充,,,,,
3914,kings,27,03｜常用,,,B 擴充,,,,,
3915,lake,27,03｜常用,,,B 擴充,,,,,
3916,lane,27,03｜常用,,,B 擴充,,,,,
3917,laying,27,03｜常用,,,B 擴充,,,,,
3918,lee,27,03｜常用,,,B 擴充,,,,,
3919,liability,27,03｜常用,,,B 擴充,,,,,
3920,lieutenant,27,03｜常用,,,B 擴充,,,,,
3921,locked,27,03｜常用,,,B 擴充,,,,,
3922,lumen,27,03｜常用,,,B 擴充,,,,,
3923,machinery,27,03｜常用,,,B 擴充,,,,,
3924,manage,27,03｜常用,v.,管理；設法做到,A 基礎必會,動詞,managed,managed,否,
3925,medicine,27,03｜常用,n.,藥；醫學,B 中高級核心,名詞,—,—,—,
3926,minds,27,03｜常用,,,B 擴充,,,,,
3927,mountains,27,03｜常用,,,B 擴充,,,,,
3928,naevus,27,03｜常用,,,B 擴充,,,,,
3929,negative,27,03｜常用,adj.,負面的,B 中高級核心,形容詞,—,—,—,
3930,negroes,27,03｜常用,,,B 擴充,,,,,
3931,perform,27,03｜常用,v.,執行；表演,A 基礎必會,動詞,performed,performed,否,
3932,pink,27,03｜常用,,,B 擴充,,,,,
3933,plantations,27,03｜常用,,,B 擴充,,,,,
3934,poisoning,27,03｜常用,,,B 擴充,,,,,
3935,pretext,27,03｜常用,,,B 擴充,,,,,
3936,printed,27,03｜常用,,,B 擴充,,,,,
3937,probable,27,03｜常用,,,B 擴充,,,,,
3938,pyaemia,27,03｜常用,,,B 擴充,,,,,
3939,questioning,27,03｜常用,,,B 擴充,,,,,
3940,resulted,27,03｜常用,,,B 擴充,,,,,
3941,runs,27,03｜常用,,,B 擴充,,,,,
3942,shortly,27,03｜常用,,,B 擴充,,,,,
3943,sleeve,27,03｜常用,,,B 擴充,,,,,
3944,spare,27,03｜常用,,,B 擴充,,,,,
3945,stable,27,03｜常用,,,B 擴充,,,,,
3946,studies,27,03｜常用,,,B 擴充,,,,,
3947,submitted,27,03｜常用,,,B 擴充,,,,,
3948,sunk,27,03｜常用,,,B 擴充,,,,,
3949,teach,27,03｜常用,v.,教,A 基礎必會,動詞,taught,taught,是,
3950,thickening,27,03｜常用,,,B 擴充,,,,,
3951,tooth,27,03｜常用,,,B 擴充,,,,,
3952,trembled,27,03｜常用,,,B 擴充,,,,,
3953,upstairs,27,03｜常用,,,B 擴充,,,,,
3954,vols,27,03｜常用,,,B 擴充,,,,,
3955,wagon,27,03｜常用,,,B 擴充,,,,,
3956,wake,27,03｜常用,v.,醒來,A 基礎必會,動詞,woke,woken,是,
3957,wept,27,03｜常用,,,B 擴充,,,,,
3958,whistling,27,03｜常用,,,B 擴充,,,,,
3959,writers,27,03｜常用,,,B 擴充,,,,,
3960,adherent,26,03｜常用,,,B 擴充,,,,,
3961,adults,26,03｜常用,,,B 擴充,,,,,
3962,anaesthetic,26,03｜常用,,,B 擴充,,,,,
3963,avenue,26,03｜常用,,,B 擴充,,,,,
3964,battalions,26,03｜常用,,,B 擴充,,,,,
3965,beast,26,03｜常用,,,B 擴充,,,,,
3966,bench,26,03｜常用,,,B 擴充,,,,,
3967,bond,26,03｜常用,,,B 擴充,,,,,
3968,carotid,26,03｜常用,,,B 擴充,,,,,
3969,cartilaginous,26,03｜常用,,,B 擴充,,,,,
3970,catherine,26,03｜常用,,,B 擴充,,,,,
3971,clothing,26,03｜常用,,,B 擴充,,,,,
3972,coach,26,03｜常用,n.,教練,A 基礎必會,名詞,—,—,—,
3973,comparison,26,03｜常用,n.,比較,A 基礎必會,名詞,—,—,—,
3974,contain,26,03｜常用,v.,包含；容納,B 中高級核心,動詞,contained,contained,否,
3975,conveyed,26,03｜常用,,,B 擴充,,,,,
3976,copies,26,03｜常用,,,B 擴充,,,,,
3977,copper,26,03｜常用,,,B 擴充,,,,,
3978,corporations,26,03｜常用,,,B 擴充,,,,,
3979,corresponding,26,03｜常用,,,B 擴充,,,,,
3980,cunning,26,03｜常用,,,B 擴充,,,,,
3981,cup,26,03｜常用,n.,杯子,A 基礎必會,名詞,—,—,—,
3982,danced,26,03｜常用,,,B 擴充,,,,,
3983,dealt,26,03｜常用,,,B 擴充,,,,,
3984,decline,26,03｜常用,v.,下降；拒絕,B 中高級核心,動詞,declined,declined,否,
3985,depression,26,03｜常用,,,B 擴充,,,,,
3986,dismounted,26,03｜常用,,,B 擴充,,,,,
3987,displacement,26,03｜常用,,,B 擴充,,,,,
3988,distribute,26,03｜常用,,,B 擴充,,,,,
3989,downstairs,26,03｜常用,,,B 擴充,,,,,
3990,dried,26,03｜常用,,,B 擴充,,,,,
3991,easier,26,03｜常用,,,B 擴充,,,,,
3992,energetic,26,03｜常用,,,B 擴充,,,,,
3993,envelope,26,03｜常用,,,B 擴充,,,,,
3994,eternal,26,03｜常用,,,B 擴充,,,,,
3995,exact,26,03｜常用,,,B 擴充,,,,,
3996,favour,26,03｜常用,,,B 擴充,,,,,
3997,flesh,26,03｜常用,,,B 擴充,,,,,
3998,furniture,26,03｜常用,,,B 擴充,,,,,
3999,gerasim,26,03｜常用,,,B 擴充,,,,,
4000,glances,26,03｜常用,,,B 擴充,,,,,
4001,heroic,26,03｜常用,,,B 擴充,,,,,
4002,homestead,26,03｜常用,,,B 擴充,,,,,
4003,impaired,26,03｜常用,,,B 擴充,,,,,
4004,india,26,03｜常用,,,B 擴充,,,,,
4005,indifference,26,03｜常用,,,B 擴充,,,,,
4006,inn,26,03｜常用,,,B 擴充,,,,,
4007,irony,26,03｜常用,,,B 擴充,,,,,
4008,italy,26,03｜常用,,,B 擴充,,,,,
4009,key,26,03｜常用,n.,鑰匙；關鍵,B 中高級核心,名詞,—,—,—,
4010,kingdom,26,03｜常用,,,B 擴充,,,,,
4011,knocked,26,03｜常用,,,B 擴充,,,,,
4012,losses,26,03｜常用,,,B 擴充,,,,,
4013,lover,26,03｜常用,,,B 擴充,,,,,
4014,marshals,26,03｜常用,,,B 擴充,,,,,
4015,mavra,26,03｜常用,,,B 擴充,,,,,
4016,mob,26,03｜常用,,,B 擴充,,,,,
4017,nephew,26,03｜常用,,,B 擴充,,,,,
4018,oath,26,03｜常用,,,B 擴充,,,,,
4019,occupations,26,03｜常用,,,B 擴充,,,,,
4020,oedematous,26,03｜常用,,,B 擴充,,,,,
4021,org,26,03｜常用,,,B 擴充,,,,,
4022,outline,26,03｜常用,,,B 擴充,,,,,
4023,overcoat,26,03｜常用,,,B 擴充,,,,,
4024,pacing,26,03｜常用,,,B 擴充,,,,,
4025,painfully,26,03｜常用,,,B 擴充,,,,,
4026,patience,26,03｜常用,,,B 擴充,,,,,
4027,platon,26,03｜常用,,,B 擴充,,,,,
4028,poland,26,03｜常用,,,B 擴充,,,,,
4029,pool,26,03｜常用,,,B 擴充,,,,,
4030,pounds,26,03｜常用,,,B 擴充,,,,,
4031,poverty,26,03｜常用,,,B 擴充,,,,,
4032,prayed,26,03｜常用,,,B 擴充,,,,,
4033,projects,26,03｜常用,,,B 擴充,,,,,
4034,punish,26,03｜常用,,,B 擴充,,,,,
4035,ratified,26,03｜常用,,,B 擴充,,,,,
4036,reckoned,26,03｜常用,,,B 擴充,,,,,
4037,recorded,26,03｜常用,,,B 擴充,,,,,
4038,resembles,26,03｜常用,,,B 擴充,,,,,
4039,resolutions,26,03｜常用,,,B 擴充,,,,,
4040,resting,26,03｜常用,,,B 擴充,,,,,
4041,revolt,26,03｜常用,,,B 擴充,,,,,
4042,robert,26,03｜常用,,,B 擴充,,,,,
4043,roll,26,03｜常用,,,B 擴充,,,,,
4044,route,26,03｜常用,,,B 擴充,,,,,
4045,row,26,03｜常用,,,B 擴充,,,,,
4046,samuel,26,03｜常用,,,B 擴充,,,,,
4047,secession,26,03｜常用,,,B 擴充,,,,,
4048,sees,26,03｜常用,,,B 擴充,,,,,
4049,sentence,26,03｜常用,n.,句子,B 中高級核心,名詞,—,—,—,
4050,shots,26,03｜常用,,,B 擴充,,,,,
4051,slender,26,03｜常用,,,B 擴充,,,,,
4052,snuffbox,26,03｜常用,,,B 擴充,,,,,
4053,solitary,26,03｜常用,,,B 擴充,,,,,
4054,subsequently,26,03｜常用,,,B 擴充,,,,,
4055,substances,26,03｜常用,,,B 擴充,,,,,
4056,suspected,26,03｜常用,,,B 擴充,,,,,
4057,text,26,03｜常用,,,B 擴充,,,,,
4058,thee,26,03｜常用,,,B 擴充,,,,,
4059,thereof,26,03｜常用,,,B 擴充,,,,,
4060,threatening,26,03｜常用,,,B 擴充,,,,,
4061,throne,26,03｜常用,,,B 擴充,,,,,
4062,tourniquet,26,03｜常用,,,B 擴充,,,,,
4063,turns,26,03｜常用,,,B 擴充,,,,,
4064,upset,26,03｜常用,,,B 擴充,,,,,
4065,vexation,26,03｜常用,,,B 擴充,,,,,
4066,wave,26,03｜常用,,,B 擴充,,,,,
4067,whitlow,26,03｜常用,,,B 擴充,,,,,
4068,zone,26,03｜常用,,,B 擴充,,,,,
4069,abolished,25,03｜常用,,,B 擴充,,,,,
4070,accumulation,25,03｜常用,,,B 擴充,,,,,
4071,advertisement,25,03｜常用,n.,廣告,A 基礎必會,名詞,—,—,—,
4072,agent,25,03｜常用,n.,代理人；經紀人,A 基礎必會,名詞,—,—,—,
4073,annexation,25,03｜常用,,,B 擴充,,,,,
4074,answers,25,03｜常用,,,B 擴充,,,,,
4075,aseptic,25,03｜常用,,,B 擴充,,,,,
4076,attacking,25,03｜常用,,,B 擴充,,,,,
4077,backward,25,03｜常用,,,B 擴充,,,,,
4078,bar,25,03｜常用,n.,酒吧；條；障礙,A 基礎必會,名詞,—,—,—,
4079,beausset,25,03｜常用,,,B 擴充,,,,,
4080,belonging,25,03｜常用,,,B 擴充,,,,,
4081,bezukhova,25,03｜常用,,,B 擴充,,,,,
4082,brief,25,03｜常用,adj.,簡短的,A 基礎必會,形容詞,—,—,—,
4083,bryan,25,03｜常用,,,B 擴充,,,,,
4084,cadet,25,03｜常用,,,B 擴充,,,,,
4085,characterised,25,03｜常用,,,B 擴充,,,,,
4086,cher,25,03｜常用,,,B 擴充,,,,,
4087,childish,25,03｜常用,,,B 擴充,,,,,
4088,clerk,25,03｜常用,,,B 擴充,,,,,
4089,commanded,25,03｜常用,,,B 擴充,,,,,
4090,completed,25,03｜常用,,,B 擴充,,,,,
4091,complex,25,03｜常用,adj.,複雜的,A 基礎必會,形容詞,—,—,—,
4092,conducted,25,03｜常用,,,B 擴充,,,,,
4093,conferred,25,03｜常用,,,B 擴充,,,,,
4094,conscience,25,03｜常用,,,B 擴充,,,,,
4095,consisting,25,03｜常用,,,B 擴充,,,,,
4096,constitute,25,03｜常用,,,B 擴充,,,,,
4097,construction,25,03｜常用,n.,建設；構造,A 基礎必會,名詞,—,—,—,
4098,convenient,25,03｜常用,adj.,方便的,A 基礎必會,形容詞,—,—,—,
4099,cruelty,25,03｜常用,,,B 擴充,,,,,
4100,custom,25,03｜常用,,,B 擴充,,,,,
4101,damage,25,03｜常用,n.,損害,A 基礎必會,名詞,—,—,—,
4102,declare,25,03｜常用,,,B 擴充,,,,,
4103,depended,25,03｜常用,,,B 擴充,,,,,
4104,deposit,25,03｜常用,,,B 擴充,,,,,
4105,desert,25,03｜常用,,,B 擴充,,,,,
4106,differently,25,03｜常用,,,B 擴充,,,,,
4107,discipline,25,03｜常用,,,B 擴充,,,,,
4108,discovery,25,03｜常用,,,B 擴充,,,,,
4109,distress,25,03｜常用,,,B 擴充,,,,,
4110,dose,25,03｜常用,,,B 擴充,,,,,
4111,drank,25,03｜常用,,,B 擴充,,,,,
4112,duration,25,03｜常用,,,B 擴充,,,,,
4113,edinburgh,25,03｜常用,,,B 擴充,,,,,
4114,embolism,25,03｜常用,,,B 擴充,,,,,
4115,en,25,03｜常用,,,B 擴充,,,,,
4116,endless,25,03｜常用,,,B 擴充,,,,,
4117,ensues,25,03｜常用,,,B 擴充,,,,,
4118,epiphysial,25,03｜常用,,,B 擴充,,,,,
4119,excess,25,03｜常用,,,B 擴充,,,,,
4120,explaining,25,03｜常用,,,B 擴充,,,,,
4121,fairly,25,03｜常用,,,B 擴充,,,,,
4122,falls,25,03｜常用,,,B 擴充,,,,,
4123,finance,25,03｜常用,n.,財務,A 基礎必會,名詞,—,—,—,
4124,formidable,25,03｜常用,,,B 擴充,,,,,
4125,fun,25,03｜常用,,,B 擴充,,,,,
4126,funny,25,03｜常用,,,B 擴充,,,,,
4127,gossip,25,03｜常用,,,B 擴充,,,,,
4128,gouty,25,03｜常用,,,B 擴充,,,,,
4129,harrison,25,03｜常用,,,B 擴充,,,,,
4130,hatred,25,03｜常用,,,B 擴充,,,,,
4131,heroes,25,03｜常用,,,B 擴充,,,,,
4132,hosmer,25,03｜常用,,,B 擴充,,,,,
4133,hum,25,03｜常用,,,B 擴充,,,,,
4134,ideal,25,03｜常用,,,B 擴充,,,,,
4135,ilagin,25,03｜常用,,,B 擴充,,,,,
4136,implicated,25,03｜常用,,,B 擴充,,,,,
4137,independently,25,03｜常用,,,B 擴充,,,,,
4138,inflicted,25,03｜常用,,,B 擴充,,,,,
4139,injections,25,03｜常用,,,B 擴充,,,,,
4140,instances,25,03｜常用,,,B 擴充,,,,,
4141,intervention,25,03｜常用,,,B 擴充,,,,,
4142,investigation,25,03｜常用,,,B 擴充,,,,,
4143,joyous,25,03｜常用,,,B 擴充,,,,,
4144,jury,25,03｜常用,,,B 擴充,,,,,
4145,largest,25,03｜常用,,,B 擴充,,,,,
4146,larynx,25,03｜常用,,,B 擴充,,,,,
4147,lest,25,03｜常用,,,B 擴充,,,,,
4148,ligaments,25,03｜常用,,,B 擴充,,,,,
4149,lymphatic,25,03｜常用,,,B 擴充,,,,,
4150,measured,25,03｜常用,,,B 擴充,,,,,
4151,messenger,25,03｜常用,,,B 擴充,,,,,
4152,mozhaysk,25,03｜常用,,,B 擴充,,,,,
4153,naive,25,03｜常用,,,B 擴充,,,,,
4154,naked,25,03｜常用,,,B 擴充,,,,,
4155,narrative,25,03｜常用,,,B 擴充,,,,,
4156,occurring,25,03｜常用,,,B 擴充,,,,,
4157,originate,25,03｜常用,,,B 擴充,,,,,
4158,overgrowth,25,03｜常用,,,B 擴充,,,,,
4159,pen,25,03｜常用,,,B 擴充,,,,,
4160,porter,25,03｜常用,,,B 擴充,,,,,
4161,porto,25,03｜常用,,,B 擴充,,,,,
4162,positions,25,03｜常用,,,B 擴充,,,,,
4163,procedure,25,03｜常用,,,B 擴充,,,,,
4164,propose,25,03｜常用,,,B 擴充,,,,,
4165,prosperity,25,03｜常用,,,B 擴充,,,,,
4166,protested,25,03｜常用,,,B 擴充,,,,,
4167,punctured,25,03｜常用,,,B 擴充,,,,,
4168,records,25,03｜常用,,,B 擴充,,,,,
4169,regarding,25,03｜常用,,,B 擴充,,,,,
4170,relative,25,03｜常用,,,B 擴充,,,,,
4171,relieved,25,03｜常用,,,B 擴充,,,,,
4172,remedy,25,03｜常用,,,B 擴充,,,,,
4173,reminded,25,03｜常用,,,B 擴充,,,,,
4174,repeat,25,03｜常用,v.,重複,B 中高級核心,動詞,repeated,repeated,否,
4175,rheumatism,25,03｜常用,,,B 擴充,,,,,
4176,rickets,25,03｜常用,,,B 擴充,,,,,
4177,roar,25,03｜常用,,,B 擴充,,,,,
4178,rodent,25,03｜常用,,,B 擴充,,,,,
4179,rubbing,25,03｜常用,,,B 擴充,,,,,
4180,sale,25,03｜常用,,,B 擴充,,,,,
4181,saline,25,03｜常用,,,B 擴充,,,,,
4182,sallow,25,03｜常用,,,B 擴充,,,,,
4183,scalp,25,03｜常用,,,B 擴充,,,,,
4184,scheme,25,03｜常用,,,B 擴充,,,,,
4185,scoundrel,25,03｜常用,,,B 擴充,,,,,
4186,select,25,03｜常用,v.,選擇,B 中高級核心,動詞,selected,selected,否,
4187,shared,25,03｜常用,,,B 擴充,,,,,
4188,signal,25,03｜常用,n.,訊號,B 中高級核心,名詞,—,—,—,
4189,slightest,25,03｜常用,,,B 擴充,,,,,
4190,sobbing,25,03｜常用,,,B 擴充,,,,,
4191,speaker,25,03｜常用,,,B 擴充,,,,,
4192,successfully,25,03｜常用,,,B 擴充,,,,,
4193,sufferings,25,03｜常用,,,B 擴充,,,,,
4194,suit,25,03｜常用,,,B 擴充,,,,,
4195,theater,25,03｜常用,,,B 擴充,,,,,
4196,thinks,25,03｜常用,,,B 擴充,,,,,
4197,thoracic,25,03｜常用,,,B 擴充,,,,,
4198,trading,25,03｜常用,,,B 擴充,,,,,
4199,troubles,25,03｜常用,,,B 擴充,,,,,
4200,turner,25,03｜常用,,,B 擴充,,,,,
4201,u,25,03｜常用,,,B 擴充,,,,,
4202,uncomfortable,25,03｜常用,,,B 擴充,,,,,
4203,vividly,25,03｜常用,,,B 擴充,,,,,
4204,weep,25,03｜常用,,,B 擴充,,,,,
4205,willing,25,03｜常用,,,B 擴充,,,,,
4206,wisdom,25,03｜常用,,,B 擴充,,,,,
4207,zeal,25,03｜常用,,,B 擴充,,,,,
4208,absurd,24,03｜常用,,,B 擴充,,,,,
4209,accordingly,24,03｜常用,,,B 擴充,,,,,
4210,adenoma,24,03｜常用,,,B 擴充,,,,,
4211,adult,24,03｜常用,n.,成年人,A 基礎必會,名詞,—,—,—,
4212,africa,24,03｜常用,,,B 擴充,,,,,
4213,aims,24,03｜常用,,,B 擴充,,,,,
4214,amusing,24,03｜常用,,,B 擴充,,,,,
4215,applicable,24,03｜常用,,,B 擴充,,,,,
4216,artisans,24,03｜常用,,,B 擴充,,,,,
4217,assure,24,03｜常用,,,B 擴充,,,,,
4218,atlantic,24,03｜常用,,,B 擴充,,,,,
4219,attributed,24,03｜常用,,,B 擴充,,,,,
4220,awake,24,03｜常用,,,B 擴充,,,,,
4221,barrier,24,03｜常用,,,B 擴充,,,,,
4222,bees,24,03｜常用,,,B 擴充,,,,,
4223,behalf,24,03｜常用,,,B 擴充,,,,,
4224,bier,24,03｜常用,,,B 擴充,,,,,
4225,bundles,24,03｜常用,,,B 擴充,,,,,
4226,capillary,24,03｜常用,,,B 擴充,,,,,
4227,caries,24,03｜常用,,,B 擴充,,,,,
4228,charleston,24,03｜常用,,,B 擴充,,,,,
4229,childlike,24,03｜常用,,,B 擴充,,,,,
4230,chinese,24,03｜常用,,,B 擴充,,,,,
4231,christmas,24,03｜常用,,,B 擴充,,,,,
4232,circular,24,03｜常用,,,B 擴充,,,,,
4233,circumscribed,24,03｜常用,,,B 擴充,,,,,
4234,coffee,24,03｜常用,n.,咖啡,A 基礎必會,名詞,—,—,—,
4235,collect,24,03｜常用,,,B 擴充,,,,,
4236,colored,24,03｜常用,,,B 擴充,,,,,
4237,comrade,24,03｜常用,,,B 擴充,,,,,
4238,continues,24,03｜常用,,,B 擴充,,,,,
4239,correspondence,24,03｜常用,,,B 擴充,,,,,
4240,countrymen,24,03｜常用,,,B 擴充,,,,,
4241,courier,24,03｜常用,,,B 擴充,,,,,
4242,creating,24,03｜常用,,,B 擴充,,,,,
4243,crop,24,03｜常用,,,B 擴充,,,,,
4244,crops,24,03｜常用,,,B 擴充,,,,,
4245,crush,24,03｜常用,,,B 擴充,,,,,
4246,curly,24,03｜常用,,,B 擴充,,,,,
4247,decisive,24,03｜常用,,,B 擴充,,,,,
4248,definition,24,03｜常用,,,B 擴充,,,,,
4249,dermoids,24,03｜常用,,,B 擴充,,,,,
4250,detected,24,03｜常用,,,B 擴充,,,,,
4251,dilated,24,03｜常用,,,B 擴充,,,,,
4252,dim,24,03｜常用,,,B 擴充,,,,,
4253,eating,24,03｜常用,,,B 擴充,,,,,
4254,eighteen,24,03｜常用,,,B 擴充,,,,,
4255,elapsed,24,03｜常用,,,B 擴充,,,,,
4256,elbows,24,03｜常用,,,B 擴充,,,,,
4257,elsewhere,24,03｜常用,,,B 擴充,,,,,
4258,employment,24,03｜常用,n.,就業,A 基礎必會,名詞,—,—,—,
4259,enable,24,03｜常用,,,B 擴充,,,,,
4260,encouraged,24,03｜常用,,,B 擴充,,,,,
4261,englishman,24,03｜常用,,,B 擴充,,,,,
4262,enjoy,24,03｜常用,v.,享受；喜歡,A 基礎必會,動詞,enjoyed,enjoyed,否,
4263,expansion,24,03｜常用,,,B 擴充,,,,,
4264,factors,24,03｜常用,,,B 擴充,,,,,
4265,factory,24,03｜常用,,,B 擴充,,,,,
4266,fed,24,03｜常用,,,B 擴充,,,,,
4267,fence,24,03｜常用,,,B 擴充,,,,,
4268,feverish,24,03｜常用,,,B 擴充,,,,,
4269,fibromatosis,24,03｜常用,,,B 擴充,,,,,
4270,fleet,24,03｜常用,,,B 擴充,,,,,
4271,folded,24,03｜常用,,,B 擴充,,,,,
4272,freehold,24,03｜常用,,,B 擴充,,,,,
4273,golden,24,03｜常用,,,B 擴充,,,,,
4274,gradual,24,03｜常用,adj.,逐漸的,A 基礎必會,形容詞,—,—,—,
4275,grateful,24,03｜常用,,,B 擴充,,,,,
4276,greatness,24,03｜常用,,,B 擴充,,,,,
4277,greeting,24,03｜常用,,,B 擴充,,,,,
4278,guide,24,03｜常用,n.,指南；導遊,B 中高級核心,名詞,—,—,—,
4279,hiding,24,03｜常用,,,B 擴充,,,,,
4280,hoofs,24,03｜常用,,,B 擴充,,,,,
4281,hoping,24,03｜常用,,,B 擴充,,,,,
4282,huntsman,24,03｜常用,,,B 擴充,,,,,
4283,hurrying,24,03｜常用,,,B 擴充,,,,,
4284,impending,24,03｜常用,,,B 擴充,,,,,
4285,impressed,24,03｜常用,,,B 擴充,,,,,
4286,improved,24,03｜常用,,,B 擴充,,,,,
4287,infants,24,03｜常用,,,B 擴充,,,,,
4288,infections,24,03｜常用,,,B 擴充,,,,,
4289,infiltration,24,03｜常用,,,B 擴充,,,,,
4290,intestine,24,03｜常用,,,B 擴充,,,,,
4291,jacksonian,24,03｜常用,,,B 擴充,,,,,
4292,jones,24,03｜常用,,,B 擴充,,,,,
4293,kuzminichna,24,03｜常用,,,B 擴充,,,,,
4294,lesser,24,03｜常用,,,B 擴充,,,,,
4295,lining,24,03｜常用,,,B 擴充,,,,,
4296,located,24,03｜常用,,,B 擴充,,,,,
4297,majestic,24,03｜常用,,,B 擴充,,,,,
4298,marched,24,03｜常用,,,B 擴充,,,,,
4299,mechanics,24,03｜常用,,,B 擴充,,,,,
4300,median,24,03｜常用,,,B 擴充,,,,,
4301,membranes,24,03｜常用,,,B 擴充,,,,,
4302,merit,24,03｜常用,,,B 擴充,,,,,
4303,mistress,24,03｜常用,,,B 擴充,,,,,
4304,moon,24,03｜常用,,,B 擴充,,,,,
4305,moves,24,03｜常用,,,B 擴充,,,,,
4306,nebraska,24,03｜常用,,,B 擴充,,,,,
4307,needles,24,03｜常用,,,B 擴充,,,,,
4308,neuroma,24,03｜常用,,,B 擴充,,,,,
4309,nowhere,24,03｜常用,,,B 擴充,,,,,
4310,occasional,24,03｜常用,,,B 擴充,,,,,
4311,occupy,24,03｜常用,,,B 擴充,,,,,
4312,offering,24,03｜常用,,,B 擴充,,,,,
4313,openly,24,03｜常用,,,B 擴充,,,,,
4314,panama,24,03｜常用,,,B 擴充,,,,,
4315,precisely,24,03｜常用,,,B 擴充,,,,,
4316,prepuce,24,03｜常用,,,B 擴充,,,,,
4317,profit,24,03｜常用,,,B 擴充,,,,,
4318,proprietary,24,03｜常用,,,B 擴充,,,,,
4319,qualities,24,03｜常用,,,B 擴充,,,,,
4320,radiant,24,03｜常用,,,B 擴充,,,,,
4321,regret,24,03｜常用,,,B 擴充,,,,,
4322,reluctantly,24,03｜常用,,,B 擴充,,,,,
4323,remarkably,24,03｜常用,,,B 擴充,,,,,
4324,repeal,24,03｜常用,,,B 擴充,,,,,
4325,repeatedly,24,03｜常用,,,B 擴充,,,,,
4326,retreating,24,03｜常用,,,B 擴充,,,,,
4327,rhetor,24,03｜常用,,,B 擴充,,,,,
4328,rico,24,03｜常用,,,B 擴充,,,,,
4329,rises,24,03｜常用,,,B 擴充,,,,,
4330,root,24,03｜常用,,,B 擴充,,,,,
4331,roused,24,03｜常用,,,B 擴充,,,,,
4332,scott,24,03｜常用,,,B 擴充,,,,,
4333,settlements,24,03｜常用,,,B 擴充,,,,,
4334,sheep,24,03｜常用,,,B 擴充,,,,,
4335,slip,24,03｜常用,,,B 擴充,,,,,
4336,smart,24,03｜常用,adj.,聰明的；智慧型的,B 中高級核心,形容詞,—,—,—,
4337,smilingly,24,03｜常用,,,B 擴充,,,,,
4338,stake,24,03｜常用,,,B 擴充,,,,,
4339,star,24,03｜常用,,,B 擴充,,,,,
4340,stared,24,03｜常用,,,B 擴充,,,,,
4341,strangely,24,03｜常用,,,B 擴充,,,,,
4342,subtle,24,03｜常用,,,B 擴充,,,,,
4343,suction,24,03｜常用,,,B 擴充,,,,,
4344,suggest,24,03｜常用,v.,建議,A 基礎必會,動詞,suggested,suggested,否,
4345,suggestion,24,03｜常用,n.,建議,B 中高級核心,名詞,—,—,—,
4346,surely,24,03｜常用,,,B 擴充,,,,,
4347,surrendered,24,03｜常用,,,B 擴充,,,,,
4348,tear,24,03｜常用,,,B 擴充,,,,,
4349,tent,24,03｜常用,,,B 擴充,,,,,
4350,terminal,24,03｜常用,,,B 擴充,,,,,
4351,thrombus,24,03｜常用,,,B 擴充,,,,,
4352,ties,24,03｜常用,,,B 擴充,,,,,
4353,tiptoe,24,03｜常用,,,B 擴充,,,,,
4354,unconscious,24,03｜常用,,,B 擴充,,,,,
4355,undertaking,24,03｜常用,,,B 擴充,,,,,
4356,vereshchagin,24,03｜常用,,,B 擴充,,,,,
4357,vigorously,24,03｜常用,,,B 擴充,,,,,
4358,vodka,24,03｜常用,,,B 擴充,,,,,
4359,weaker,24,03｜常用,,,B 擴充,,,,,
4360,weapon,24,03｜常用,,,B 擴充,,,,,
4361,widespread,24,03｜常用,,,B 擴充,,,,,
4362,wisconsin,24,03｜常用,,,B 擴充,,,,,
4363,wise,24,03｜常用,,,B 擴充,,,,,
4364,xv,24,03｜常用,,,B 擴充,,,,,
4365,abuses,23,03｜常用,,,B 擴充,,,,,
4366,admitting,23,03｜常用,,,B 擴充,,,,,
4367,affectionate,23,03｜常用,,,B 擴充,,,,,
4368,alleged,23,03｜常用,,,B 擴充,,,,,
4369,anaesthesia,23,03｜常用,,,B 擴充,,,,,
4370,appearing,23,03｜常用,,,B 擴充,,,,,
4371,applications,23,03｜常用,,,B 擴充,,,,,
4372,assemblies,23,03｜常用,,,B 擴充,,,,,
4373,atmosphere,23,03｜常用,n.,氣氛；大氣,A 基礎必會,名詞,—,—,—,
4374,attractive,23,03｜常用,adj.,吸引人的,A 基礎必會,形容詞,—,—,—,
4375,audible,23,03｜常用,,,B 擴充,,,,,
4376,bay,23,03｜常用,,,B 擴充,,,,,
4377,belong,23,03｜常用,v.,屬於,A 基礎必會,動詞,belonged,belonged,否,
4378,blind,23,03｜常用,adj.,失明的；盲目的,A 基礎必會,形容詞,—,—,—,
4379,burke,23,03｜常用,,,B 擴充,,,,,
4380,buttock,23,03｜常用,,,B 擴充,,,,,
4381,callender,23,03｜常用,,,B 擴充,,,,,
4382,celebrated,23,03｜常用,,,B 擴充,,,,,
4383,competition,23,03｜常用,n.,競爭；比賽,A 基礎必會,名詞,—,—,—,
4384,cords,23,03｜常用,,,B 擴充,,,,,
4385,creditors,23,03｜常用,,,B 擴充,,,,,
4386,dashed,23,03｜常用,,,B 擴充,,,,,
4387,defect,23,03｜常用,,,B 擴充,,,,,
4388,defects,23,03｜常用,,,B 擴充,,,,,
4389,deliberately,23,03｜常用,,,B 擴充,,,,,
4390,delightful,23,03｜常用,,,B 擴充,,,,,
4391,delivered,23,03｜常用,,,B 擴充,,,,,
4392,dimly,23,03｜常用,,,B 擴充,,,,,
4393,drift,23,03｜常用,,,B 擴充,,,,,
4394,drinking,23,03｜常用,,,B 擴充,,,,,
4395,economy,23,03｜常用,n.,經濟,A 基礎必會,名詞,—,—,—,
4396,emancipation,23,03｜常用,,,B 擴充,,,,,
4397,examples,23,03｜常用,,,B 擴充,,,,,
4398,fatty,23,03｜常用,,,B 擴充,,,,,
4399,favorable,23,03｜常用,,,B 擴充,,,,,
4400,finds,23,03｜常用,,,B 擴充,,,,,
4401,fitted,23,03｜常用,,,B 擴充,,,,,
4402,flames,23,03｜常用,,,B 擴充,,,,,
4403,flexor,23,03｜常用,,,B 擴充,,,,,
4404,fog,23,03｜常用,,,B 擴充,,,,,
4405,fold,23,03｜常用,,,B 擴充,,,,,
4406,followers,23,03｜常用,,,B 擴充,,,,,
4407,fox,23,03｜常用,,,B 擴充,,,,,
4408,framework,23,03｜常用,,,B 擴充,,,,,
4409,frankly,23,03｜常用,,,B 擴充,,,,,
4410,frown,23,03｜常用,,,B 擴充,,,,,
4411,gigantic,23,03｜常用,,,B 擴充,,,,,
4412,heights,23,03｜常用,,,B 擴充,,,,,
4413,hitherto,23,03｜常用,,,B 擴充,,,,,
4414,honest,23,03｜常用,adj.,誠實的,B 中高級核心,形容詞,—,—,—,
4415,host,23,03｜常用,n.,主人；主持人,B 中高級核心,名詞,—,—,—,
4416,hostility,23,03｜常用,,,B 擴充,,,,,
4417,incised,23,03｜常用,,,B 擴充,,,,,
4418,index,23,03｜常用,,,B 擴充,,,,,
4419,induce,23,03｜常用,,,B 擴充,,,,,
4420,influences,23,03｜常用,,,B 擴充,,,,,
4421,introduce,23,03｜常用,v.,介紹；引進,A 基礎必會,動詞,introduced,introduced,否,
4422,irrigation,23,03｜常用,,,B 擴充,,,,,
4423,knights,23,03｜常用,,,B 擴充,,,,,
4424,lime,23,03｜常用,,,B 擴充,,,,,
4425,limits,23,03｜常用,,,B 擴充,,,,,
4426,linen,23,03｜常用,,,B 擴充,,,,,
4427,longed,23,03｜常用,,,B 擴充,,,,,
4428,lungs,23,03｜常用,,,B 擴充,,,,,
4429,lymphangitis,23,03｜常用,,,B 擴充,,,,,
4430,madam,23,03｜常用,,,B 擴充,,,,,
4431,michigan,23,03｜常用,,,B 擴充,,,,,
4432,muttering,23,03｜常用,,,B 擴充,,,,,
4433,nationalism,23,03｜常用,,,B 擴充,,,,,
4434,neuro,23,03｜常用,,,B 擴充,,,,,
4435,opium,23,03｜常用,,,B 擴充,,,,,
4436,opponent,23,03｜常用,,,B 擴充,,,,,
4437,orange,23,03｜常用,,,B 擴充,,,,,
4438,originates,23,03｜常用,,,B 擴充,,,,,
4439,partial,23,03｜常用,,,B 擴充,,,,,
4440,pas,23,03｜常用,,,B 擴充,,,,,
4441,passionately,23,03｜常用,,,B 擴充,,,,,
4442,plenty,23,03｜常用,,,B 擴充,,,,,
4443,preoccupied,23,03｜常用,,,B 擴充,,,,,
4444,prescribed,23,03｜常用,,,B 擴充,,,,,
4445,produces,23,03｜常用,,,B 擴充,,,,,
4446,promptly,23,03｜常用,,,B 擴充,,,,,
4447,pull,23,03｜常用,,,B 擴充,,,,,
4448,pursuit,23,03｜常用,,,B 擴充,,,,,
4449,questioned,23,03｜常用,,,B 擴充,,,,,
4450,recollection,23,03｜常用,,,B 擴充,,,,,
4451,recourse,23,03｜常用,,,B 擴充,,,,,
4452,reflection,23,03｜常用,,,B 擴充,,,,,
4453,reformers,23,03｜常用,,,B 擴充,,,,,
4454,remembering,23,03｜常用,,,B 擴充,,,,,
4455,representing,23,03｜常用,,,B 擴充,,,,,
4456,respectful,23,03｜常用,,,B 擴充,,,,,
4457,respiration,23,03｜常用,,,B 擴充,,,,,
4458,restrictions,23,03｜常用,,,B 擴充,,,,,
4459,rice,23,03｜常用,,,B 擴充,,,,,
4460,routine,23,03｜常用,,,B 擴充,,,,,
4461,rumors,23,03｜常用,,,B 擴充,,,,,
4462,sharing,23,03｜常用,,,B 擴充,,,,,
4463,shout,23,03｜常用,,,B 擴充,,,,,
4464,sin,23,03｜常用,,,B 擴充,,,,,
4465,sloughs,23,03｜常用,,,B 擴充,,,,,
4466,solemnly,23,03｜常用,,,B 擴充,,,,,
4467,sorts,23,03｜常用,,,B 擴充,,,,,
4468,spasms,23,03｜常用,,,B 擴充,,,,,
4469,spurs,23,03｜常用,,,B 擴充,,,,,
4470,stain,23,03｜常用,,,B 擴充,,,,,
4471,standards,23,03｜常用,,,B 擴充,,,,,
4472,stolen,23,03｜常用,,,B 擴充,,,,,
4473,stump,23,03｜常用,,,B 擴充,,,,,
4474,sub,23,03｜常用,,,B 擴充,,,,,
4475,taste,23,03｜常用,,,B 擴充,,,,,
4476,tense,23,03｜常用,,,B 擴充,,,,,
4477,traces,23,03｜常用,,,B 擴充,,,,,
4478,trained,23,03｜常用,,,B 擴充,,,,,
4479,transformed,23,03｜常用,,,B 擴充,,,,,
4480,treason,23,03｜常用,,,B 擴充,,,,,
4481,washed,23,03｜常用,,,B 擴充,,,,,
4482,washing,23,03｜常用,,,B 擴充,,,,,
4483,waste,23,03｜常用,,,B 擴充,,,,,
4484,whence,23,03｜常用,,,B 擴充,,,,,
4485,wherever,23,03｜常用,,,B 擴充,,,,,
4486,wire,23,03｜常用,,,B 擴充,,,,,
4487,wolzogen,23,03｜常用,,,B 擴充,,,,,
4488,wretched,23,03｜常用,,,B 擴充,,,,,
4489,abdomen,22,03｜常用,,,B 擴充,,,,,
4490,accompany,22,03｜常用,v.,陪伴,A 基礎必會,動詞,accompanied,accompanied,否,
4491,acquainted,22,03｜常用,,,B 擴充,,,,,
4492,adding,22,03｜常用,,,B 擴充,,,,,
4493,adoption,22,03｜常用,,,B 擴充,,,,,
4494,agricultural,22,03｜常用,,,B 擴充,,,,,
4495,allies,22,03｜常用,,,B 擴充,,,,,
4496,angioma,22,03｜常用,,,B 擴充,,,,,
4497,appreciated,22,03｜常用,,,B 擴充,,,,,
4498,attendance,22,03｜常用,,,B 擴充,,,,,
4499,audience,22,03｜常用,n.,觀眾；聽眾,A 基礎必會,名詞,—,—,—,
4500,avoiding,22,03｜常用,,,B 擴充,,,,,
4501,bath,22,03｜常用,n.,洗澡；浴缸,A 基礎必會,名詞,—,—,—,
4502,bind,22,03｜常用,,,B 擴充,,,,,
4503,bite,22,03｜常用,v.,咬,A 基礎必會,動詞,bit,bitten,是,
4504,blister,22,03｜常用,,,B 擴充,,,,,
4505,blocking,22,03｜常用,,,B 擴充,,,,,
4506,boot,22,03｜常用,,,B 擴充,,,,,
4507,brachial,22,03｜常用,,,B 擴充,,,,,
4508,catgut,22,03｜常用,,,B 擴充,,,,,
4509,cellar,22,03｜常用,,,B 擴充,,,,,
4510,checked,22,03｜常用,,,B 擴充,,,,,
4511,circulating,22,03｜常用,,,B 擴充,,,,,
4512,claimed,22,03｜常用,,,B 擴充,,,,,
4513,clavichord,22,03｜常用,,,B 擴充,,,,,
4514,coin,22,03｜常用,,,B 擴充,,,,,
4515,comfortable,22,03｜常用,adj.,舒適的,A 基礎必會,形容詞,—,—,—,
4516,commons,22,03｜常用,,,B 擴充,,,,,
4517,critical,22,03｜常用,adj.,關鍵的；批判性的,A 基礎必會,形容詞,—,—,—,
4518,crushing,22,03｜常用,,,B 擴充,,,,,
4519,curtain,22,03｜常用,,,B 擴充,,,,,
4520,daring,22,03｜常用,,,B 擴充,,,,,
4521,dawn,22,03｜常用,,,B 擴充,,,,,
4522,defended,22,03｜常用,,,B 擴充,,,,,
4523,depths,22,03｜常用,,,B 擴充,,,,,
4524,desires,22,03｜常用,,,B 擴充,,,,,
4525,destiny,22,03｜常用,,,B 擴充,,,,,
4526,diphtheria,22,03｜常用,,,B 擴充,,,,,
4527,downwards,22,03｜常用,,,B 擴充,,,,,
4528,dragging,22,03｜常用,,,B 擴充,,,,,
4529,drissa,22,03｜常用,,,B 擴充,,,,,
4530,duct,22,03｜常用,,,B 擴充,,,,,
4531,efficient,22,03｜常用,adj.,有效率的,A 基礎必會,形容詞,—,—,—,
4532,eighteenth,22,03｜常用,,,B 擴充,,,,,
4533,embarrassed,22,03｜常用,,,B 擴充,,,,,
4534,empereur,22,03｜常用,,,B 擴充,,,,,
4535,ensue,22,03｜常用,,,B 擴充,,,,,
4536,erosion,22,03｜常用,,,B 擴充,,,,,
4537,establishing,22,03｜常用,,,B 擴充,,,,,
4538,examine,22,03｜常用,v.,檢查,B 中高級核心,動詞,examined,examined,否,
4539,extra,22,03｜常用,,,B 擴充,,,,,
4540,exudate,22,03｜常用,,,B 擴充,,,,,
4541,file,22,03｜常用,n.,檔案,A 基礎必會,名詞,—,—,—,
4542,foreigners,22,03｜常用,,,B 擴充,,,,,
4543,foreseen,22,03｜常用,,,B 擴充,,,,,
4544,foundations,22,03｜常用,,,B 擴充,,,,,
4545,francis,22,03｜常用,,,B 擴充,,,,,
4546,functions,22,03｜常用,,,B 擴充,,,,,
4547,generations,22,03｜常用,,,B 擴充,,,,,
4548,gets,22,03｜常用,,,B 擴充,,,,,
4549,gloom,22,03｜常用,,,B 擴充,,,,,
4550,glow,22,03｜常用,,,B 擴充,,,,,
4551,habitual,22,03｜常用,,,B 擴充,,,,,
4552,harsh,22,03｜常用,,,B 擴充,,,,,
4553,helpless,22,03｜常用,,,B 擴充,,,,,
4554,hoarse,22,03｜常用,,,B 擴充,,,,,
4555,honored,22,03｜常用,,,B 擴充,,,,,
4556,horizon,22,03｜常用,,,B 擴充,,,,,
4557,hotel,22,03｜常用,n.,旅館,B 中高級核心,名詞,—,—,—,
4558,inoculation,22,03｜常用,,,B 擴充,,,,,
4559,inserted,22,03｜常用,,,B 擴充,,,,,
4560,instinct,22,03｜常用,,,B 擴充,,,,,
4561,invisible,22,03｜常用,,,B 擴充,,,,,
4562,involve,22,03｜常用,v.,涉及,B 中高級核心,動詞,involved,involved,否,
4563,irresistible,22,03｜常用,,,B 擴充,,,,,
4564,ivanovna,22,03｜常用,,,B 擴充,,,,,
4565,jealous,22,03｜常用,,,B 擴充,,,,,
4566,johnson,22,03｜常用,,,B 擴充,,,,,
4567,krasnoe,22,03｜常用,,,B 擴充,,,,,
4568,laborers,22,03｜常用,,,B 擴充,,,,,
4569,lately,22,03｜常用,,,B 擴充,,,,,
4570,layers,22,03｜常用,,,B 擴充,,,,,
4571,ligament,22,03｜常用,,,B 擴充,,,,,
4572,lights,22,03｜常用,,,B 擴充,,,,,
4573,mack,22,03｜常用,,,B 擴充,,,,,
4574,manhood,22,03｜常用,,,B 擴充,,,,,
4575,manners,22,03｜常用,,,B 擴充,,,,,
4576,medical,22,03｜常用,adj.,醫療的,B 中高級核心,形容詞,—,—,—,
4577,merrily,22,03｜常用,,,B 擴充,,,,,
4578,michaud,22,03｜常用,,,B 擴充,,,,,
4579,mines,22,03｜常用,,,B 擴充,,,,,
4580,minimum,22,03｜常用,,,B 擴充,,,,,
4581,monarch,22,03｜常用,,,B 擴充,,,,,
4582,morrow,22,03｜常用,,,B 擴充,,,,,
4583,muskets,22,03｜常用,,,B 擴充,,,,,
4584,negro,22,03｜常用,,,B 擴充,,,,,
4585,nights,22,03｜常用,,,B 擴充,,,,,
4586,nineteenth,22,03｜常用,,,B 擴充,,,,,
4587,nominated,22,03｜常用,,,B 擴充,,,,,
4588,nursery,22,03｜常用,,,B 擴充,,,,,
4589,olmutz,22,03｜常用,,,B 擴充,,,,,
4590,parted,22,03｜常用,,,B 擴充,,,,,
4591,passes,22,03｜常用,,,B 擴充,,,,,
4592,patriotic,22,03｜常用,,,B 擴充,,,,,
4593,perished,22,03｜常用,,,B 擴充,,,,,
4594,permitted,22,03｜常用,,,B 擴充,,,,,
4595,physically,22,03｜常用,,,B 擴充,,,,,
4596,pictures,22,03｜常用,,,B 擴充,,,,,
4597,pole,22,03｜常用,,,B 擴充,,,,,
4598,posts,22,03｜常用,,,B 擴充,,,,,
4599,prison,22,03｜常用,,,B 擴充,,,,,
4600,profession,22,03｜常用,,,B 擴充,,,,,
4601,promoted,22,03｜常用,,,B 擴充,,,,,
4602,providence,22,03｜常用,,,B 擴充,,,,,
4603,qualifications,22,03｜常用,,,B 擴充,,,,,
4604,radial,22,03｜常用,,,B 擴充,,,,,
4605,rage,22,03｜常用,,,B 擴充,,,,,
4606,realm,22,03｜常用,,,B 擴充,,,,,
4607,rectum,22,03｜常用,,,B 擴充,,,,,
4608,respected,22,03｜常用,,,B 擴充,,,,,
4609,respects,22,03｜常用,,,B 擴充,,,,,
4610,rigid,22,03｜常用,,,B 擴充,,,,,
4611,rolling,22,03｜常用,,,B 擴充,,,,,
4612,ryazan,22,03｜常用,,,B 擴充,,,,,
4613,sailors,22,03｜常用,,,B 擴充,,,,,
4614,scapula,22,03｜常用,,,B 擴充,,,,,
4615,scarlet,22,03｜常用,,,B 擴充,,,,,
4616,shawl,22,03｜常用,,,B 擴充,,,,,
4617,shops,22,03｜常用,,,B 擴充,,,,,
4618,sincere,22,03｜常用,,,B 擴充,,,,,
4619,spongy,22,03｜常用,,,B 擴充,,,,,
4620,swellings,22,03｜常用,,,B 擴充,,,,,
4621,sympathetic,22,03｜常用,,,B 擴充,,,,,
4622,tearing,22,03｜常用,,,B 擴充,,,,,
4623,temple,22,03｜常用,,,B 擴充,,,,,
4624,terribly,22,03｜常用,,,B 擴充,,,,,
4625,tightly,22,03｜常用,,,B 擴充,,,,,
4626,traffic,22,03｜常用,n.,交通；流量,B 中高級核心,名詞,—,—,—,
4627,treating,22,03｜常用,,,B 擴充,,,,,
4628,trot,22,03｜常用,,,B 擴充,,,,,
4629,verses,22,03｜常用,,,B 擴充,,,,,
4630,volunteers,22,03｜常用,,,B 擴充,,,,,
4631,voted,22,03｜常用,,,B 擴充,,,,,
4632,waistcoat,22,03｜常用,,,B 擴充,,,,,
4633,wax,22,03｜常用,,,B 擴充,,,,,
4634,welcomed,22,03｜常用,,,B 擴充,,,,,
4635,witnessed,22,03｜常用,,,B 擴充,,,,,
4636,woods,22,03｜常用,,,B 擴充,,,,,
4637,xiii,22,03｜常用,,,B 擴充,,,,,
4638,afforded,21,03｜常用,,,B 擴充,,,,,
4639,amiable,21,03｜常用,,,B 擴充,,,,,
4640,announcement,21,03｜常用,n.,公告,A 基礎必會,名詞,—,—,—,
4641,anybody,21,03｜常用,,,B 擴充,,,,,
4642,arterio,21,03｜常用,,,B 擴充,,,,,
4643,asks,21,03｜常用,,,B 擴充,,,,,
4644,aspects,21,03｜常用,,,B 擴充,,,,,
4645,ate,21,03｜常用,,,B 擴充,,,,,
4646,bag,21,03｜常用,n.,袋子,A 基礎必會,名詞,—,—,—,
4647,bandaged,21,03｜常用,,,B 擴充,,,,,
4648,beating,21,03｜常用,,,B 擴充,,,,,
4649,blockade,21,03｜常用,,,B 擴充,,,,,
4650,bluish,21,03｜常用,,,B 擴充,,,,,
4651,bosom,21,03｜常用,,,B 擴充,,,,,
4652,boys,21,03｜常用,,,B 擴充,,,,,
4653,breach,21,03｜常用,,,B 擴充,,,,,
4654,breeches,21,03｜常用,,,B 擴充,,,,,
4655,brow,21,03｜常用,,,B 擴充,,,,,
4656,bruised,21,03｜常用,,,B 擴充,,,,,
4657,brushed,21,03｜常用,,,B 擴充,,,,,
4658,buried,21,03｜常用,,,B 擴充,,,,,
4659,campaigns,21,03｜常用,,,B 擴充,,,,,
4660,carpet,21,03｜常用,,,B 擴充,,,,,
4661,centers,21,03｜常用,,,B 擴充,,,,,
4662,collateral,21,03｜常用,,,B 擴充,,,,,
4663,coloured,21,03｜常用,,,B 擴充,,,,,
4664,commissions,21,03｜常用,,,B 擴充,,,,,
4665,committees,21,03｜常用,,,B 擴充,,,,,
4666,community,21,03｜常用,n.,社區；群體,A 基礎必會,名詞,—,—,—,
4667,compact,21,03｜常用,,,B 擴充,,,,,
4668,congestion,21,03｜常用,,,B 擴充,,,,,
4669,congratulate,21,03｜常用,,,B 擴充,,,,,
4670,constructed,21,03｜常用,,,B 擴充,,,,,
4671,contracted,21,03｜常用,,,B 擴充,,,,,
4672,cooperation,21,03｜常用,,,B 擴充,,,,,
4673,crimes,21,03｜常用,,,B 擴充,,,,,
4674,decree,21,03｜常用,,,B 擴充,,,,,
4675,defective,21,03｜常用,,,B 擴充,,,,,
4676,defending,21,03｜常用,,,B 擴充,,,,,
4677,demonstrated,21,03｜常用,,,B 擴充,,,,,
4678,differential,21,03｜常用,,,B 擴充,,,,,
4679,dispatch,21,03｜常用,,,B 擴充,,,,,
4680,displaced,21,03｜常用,,,B 擴充,,,,,
4681,dissolution,21,03｜常用,,,B 擴充,,,,,
4682,drastic,21,03｜常用,,,B 擴充,,,,,
4683,drug,21,03｜常用,n.,藥物；毒品,A 基礎必會,名詞,—,—,—,
4684,drunken,21,03｜常用,,,B 擴充,,,,,
4685,edition,21,03｜常用,,,B 擴充,,,,,
4686,educated,21,03｜常用,,,B 擴充,,,,,
4687,effected,21,03｜常用,,,B 擴充,,,,,
4688,eighth,21,03｜常用,,,B 擴充,,,,,
4689,eighty,21,03｜常用,,,B 擴充,,,,,
4690,electric,21,03｜常用,adj.,電的,A 基礎必會,形容詞,—,—,—,
4691,eleven,21,03｜常用,,,B 擴充,,,,,
4692,enforcement,21,03｜常用,,,B 擴充,,,,,
4693,enjoyment,21,03｜常用,,,B 擴充,,,,,
4694,entry,21,03｜常用,,,B 擴充,,,,,
4695,equipment,21,03｜常用,n.,設備,A 基礎必會,名詞,—,—,—,
4696,etc,21,03｜常用,,,B 擴充,,,,,
4697,exclusively,21,03｜常用,,,B 擴充,,,,,
4698,expenses,21,03｜常用,,,B 擴充,,,,,
4699,fears,21,03｜常用,,,B 擴充,,,,,
4700,finishing,21,03｜常用,,,B 擴充,,,,,
4701,fish,21,03｜常用,,,B 擴充,,,,,
4702,fitting,21,03｜常用,,,B 擴充,,,,,
4703,flourishing,21,03｜常用,,,B 擴充,,,,,
4704,foe,21,03｜常用,,,B 擴充,,,,,
4705,formal,21,03｜常用,adj.,正式的,A 基礎必會,形容詞,—,—,—,
4706,fortunate,21,03｜常用,,,B 擴充,,,,,
4707,fragments,21,03｜常用,,,B 擴充,,,,,
4708,fulfilled,21,03｜常用,,,B 擴充,,,,,
4709,fundamental,21,03｜常用,,,B 擴充,,,,,
4710,grace,21,03｜常用,,,B 擴充,,,,,
4711,grants,21,03｜常用,,,B 擴充,,,,,
4712,guessed,21,03｜常用,,,B 擴充,,,,,
4713,handle,21,03｜常用,v./n.,處理,B 中高級核心,動詞；名詞,handled,handled,否,
4714,happily,21,03｜常用,,,B 擴充,,,,,
4715,harmful,21,03｜常用,,,B 擴充,,,,,
4716,hated,21,03｜常用,,,B 擴充,,,,,
4717,heel,21,03｜常用,,,B 擴充,,,,,
4718,hendrikhovna,21,03｜常用,,,B 擴充,,,,,
4719,hit,21,03｜常用,v.,擊打,A 基礎必會,動詞,hit,hit,是,
4720,hive,21,03｜常用,,,B 擴充,,,,,
4721,honorable,21,03｜常用,,,B 擴充,,,,,
4722,impulse,21,03｜常用,,,B 擴充,,,,,
4723,inclined,21,03｜常用,,,B 擴充,,,,,
4724,inconvenience,21,03｜常用,,,B 擴充,,,,,
4725,indolent,21,03｜常用,,,B 擴充,,,,,
4726,influenced,21,03｜常用,,,B 擴充,,,,,
4727,initiative,21,03｜常用,,,B 擴充,,,,,
4728,inquiries,21,03｜常用,,,B 擴充,,,,,
4729,inquiring,21,03｜常用,,,B 擴充,,,,,
4730,institution,21,03｜常用,,,B 擴充,,,,,
4731,instruments,21,03｜常用,,,B 擴充,,,,,
4732,interstate,21,03｜常用,,,B 擴充,,,,,
4733,involves,21,03｜常用,,,B 擴充,,,,,
4734,isolated,21,03｜常用,,,B 擴充,,,,,
4735,japan,21,03｜常用,,,B 擴充,,,,,
4736,judging,21,03｜常用,,,B 擴充,,,,,
4737,justify,21,03｜常用,,,B 擴充,,,,,
4738,kidney,21,03｜常用,,,B 擴充,,,,,
4739,lent,21,03｜常用,,,B 擴充,,,,,
4740,lessons,21,03｜常用,,,B 擴充,,,,,
4741,logical,21,03｜常用,,,B 擴充,,,,,
4742,loves,21,03｜常用,,,B 擴充,,,,,
4743,maine,21,03｜常用,,,B 擴充,,,,,
4744,maneuvers,21,03｜常用,,,B 擴充,,,,,
4745,manufacturers,21,03｜常用,,,B 擴充,,,,,
4746,maximum,21,03｜常用,,,B 擴充,,,,,
4747,memorable,21,03｜常用,,,B 擴充,,,,,
4748,minded,21,03｜常用,,,B 擴充,,,,,
4749,modified,21,03｜常用,,,B 擴充,,,,,
4750,monarchy,21,03｜常用,,,B 擴充,,,,,
4751,museum,21,03｜常用,,,B 擴充,,,,,
4752,musketry,21,03｜常用,,,B 擴充,,,,,
4753,nasal,21,03｜常用,,,B 擴充,,,,,
4754,neuritis,21,03｜常用,,,B 擴充,,,,,
4755,newspaper,21,03｜常用,n.,報紙,B 中高級核心,名詞,—,—,—,
4756,niece,21,03｜常用,,,B 擴充,,,,,
4757,niemen,21,03｜常用,,,B 擴充,,,,,
4758,observing,21,03｜常用,,,B 擴充,,,,,
4759,ogg,21,03｜常用,,,B 擴充,,,,,
4760,paraffin,21,03｜常用,,,B 擴充,,,,,
4761,pardon,21,03｜常用,,,B 擴充,,,,,
4762,perish,21,03｜常用,,,B 擴充,,,,,
4763,phalanx,21,03｜常用,,,B 擴充,,,,,
4764,phase,21,03｜常用,,,B 擴充,,,,,
4765,pose,21,03｜常用,,,B 擴充,,,,,
4766,posted,21,03｜常用,,,B 擴充,,,,,
4767,prefer,21,03｜常用,v.,較喜歡,A 基礎必會,動詞,preferred,preferred,否,
4768,presidency,21,03｜常用,,,B 擴充,,,,,
4769,projecting,21,03｜常用,,,B 擴充,,,,,
4770,pronounced,21,03｜常用,,,B 擴充,,,,,
4771,properly,21,03｜常用,,,B 擴充,,,,,
4772,protected,21,03｜常用,,,B 擴充,,,,,
4773,punished,21,03｜常用,,,B 擴充,,,,,
4774,punishment,21,03｜常用,,,B 擴充,,,,,
4775,raevski,21,03｜常用,,,B 擴充,,,,,
4776,rapturous,21,03｜常用,,,B 擴充,,,,,
4777,recalling,21,03｜常用,,,B 擴充,,,,,
4778,reduce,21,03｜常用,v.,減少,A 基礎必會,動詞,reduced,reduced,否,
4779,reduction,21,03｜常用,,,B 擴充,,,,,
4780,relate,21,03｜常用,,,B 擴充,,,,,
4781,replacement,21,03｜常用,,,B 擴充,,,,,
4782,requirements,21,03｜常用,,,B 擴充,,,,,
4783,response,21,03｜常用,n.,回應,B 中高級核心,名詞,—,—,—,
4784,resumed,21,03｜常用,,,B 擴充,,,,,
4785,roylott,21,03｜常用,,,B 擴充,,,,,
4786,sacred,21,03｜常用,,,B 擴充,,,,,
4787,samovar,21,03｜常用,,,B 擴充,,,,,
4788,scraped,21,03｜常用,,,B 擴充,,,,,
4789,seats,21,03｜常用,,,B 擴充,,,,,
4790,security,21,03｜常用,,,B 擴充,,,,,
4791,sherman,21,03｜常用,,,B 擴充,,,,,
4792,shipping,21,03｜常用,,,B 擴充,,,,,
4793,shy,21,03｜常用,,,B 擴充,,,,,
4794,sinking,21,03｜常用,,,B 擴充,,,,,
4795,skilled,21,03｜常用,,,B 擴充,,,,,
4796,slope,21,03｜常用,,,B 擴充,,,,,
4797,smith,21,03｜常用,,,B 擴充,,,,,
4798,somebody,21,03｜常用,,,B 擴充,,,,,
4799,splints,21,03｜常用,,,B 擴充,,,,,
4800,stepfather,21,03｜常用,,,B 擴充,,,,,
4801,straw,21,03｜常用,,,B 擴充,,,,,
4802,strengthen,21,03｜常用,,,B 擴充,,,,,
4803,sunshine,21,03｜常用,,,B 擴充,,,,,
4804,supposing,21,03｜常用,,,B 擴充,,,,,
4805,suspicion,21,03｜常用,,,B 擴充,,,,,
4806,symptom,21,03｜常用,,,B 擴充,,,,,
4807,tale,21,03｜常用,,,B 擴充,,,,,
4808,taught,21,03｜常用,,,B 擴充,,,,,
4809,temporarily,21,03｜常用,,,B 擴充,,,,,
4810,tenure,21,03｜常用,,,B 擴充,,,,,
4811,theories,21,03｜常用,,,B 擴充,,,,,
4812,thyreoid,21,03｜常用,,,B 擴充,,,,,
4813,trains,21,03｜常用,,,B 擴充,,,,,
4814,tranquil,21,03｜常用,,,B 擴充,,,,,
4815,transmitted,21,03｜常用,,,B 擴充,,,,,
4816,transportation,21,03｜常用,,,B 擴充,,,,,
4817,treaties,21,03｜常用,,,B 擴充,,,,,
4818,trousers,21,03｜常用,,,B 擴充,,,,,
4819,twisted,21,03｜常用,,,B 擴充,,,,,
4820,typhoid,21,03｜常用,,,B 擴充,,,,,
4821,upwards,21,03｜常用,,,B 擴充,,,,,
4822,utah,21,03｜常用,,,B 擴充,,,,,
4823,utterly,21,03｜常用,,,B 擴充,,,,,
4824,vehicles,21,03｜常用,,,B 擴充,,,,,
4825,vested,21,03｜常用,,,B 擴充,,,,,
4826,vexed,21,03｜常用,,,B 擴充,,,,,
4827,viewed,21,03｜常用,,,B 擴充,,,,,
4828,void,21,03｜常用,,,B 擴充,,,,,
4829,warmly,21,03｜常用,,,B 擴充,,,,,
4830,web,21,03｜常用,,,B 擴充,,,,,
4831,wheel,21,03｜常用,,,B 擴充,,,,,
4832,wrinkled,21,03｜常用,,,B 擴充,,,,,
4833,yielding,21,03｜常用,,,B 擴充,,,,,
4834,accidentally,20,03｜常用,,,B 擴充,,,,,
4835,afford,20,03｜常用,v.,負擔得起,A 基礎必會,動詞,afforded,afforded,否,
4836,analysis,20,03｜常用,n.,分析,A 基礎必會,名詞,—,—,—,
4837,annual,20,03｜常用,adj.,每年的,A 基礎必會,形容詞,—,—,—,
4838,anthrax,20,03｜常用,,,B 擴充,,,,,
4839,anxiously,20,03｜常用,,,B 擴充,,,,,
4840,approve,20,03｜常用,v.,批准；同意,B 中高級核心,動詞,approved,approved,否,
4841,arkansas,20,03｜常用,,,B 擴充,,,,,
4842,atrophy,20,03｜常用,,,B 擴充,,,,,
4843,balaga,20,03｜常用,,,B 擴充,,,,,
4844,bismuth,20,03｜常用,,,B 擴充,,,,,
4845,bleed,20,03｜常用,,,B 擴充,,,,,
4846,cares,20,03｜常用,,,B 擴充,,,,,
4847,chase,20,03｜常用,,,B 擴充,,,,,
4848,choosing,20,03｜常用,,,B 擴充,,,,,
4849,clavicle,20,03｜常用,,,B 擴充,,,,,
4850,complaint,20,03｜常用,,,B 擴充,,,,,
4851,compound,20,03｜常用,,,B 擴充,,,,,
4852,contained,20,03｜常用,,,B 擴充,,,,,
4853,continuing,20,03｜常用,,,B 擴充,,,,,
4854,continuity,20,03｜常用,,,B 擴充,,,,,
4855,contradiction,20,03｜常用,,,B 擴充,,,,,
4856,conversations,20,03｜常用,,,B 擴充,,,,,
4857,counted,20,03｜常用,,,B 擴充,,,,,
4858,courtiers,20,03｜常用,,,B 擴充,,,,,
4859,crack,20,03｜常用,,,B 擴充,,,,,
4860,dearest,20,03｜常用,,,B 擴充,,,,,
4861,deprive,20,03｜常用,,,B 擴充,,,,,
4862,determination,20,03｜常用,,,B 擴充,,,,,
4863,disability,20,03｜常用,,,B 擴充,,,,,
4864,disliked,20,03｜常用,,,B 擴充,,,,,
4865,dismay,20,03｜常用,,,B 擴充,,,,,
4866,distorted,20,03｜常用,,,B 擴充,,,,,
4867,divisions,20,03｜常用,,,B 擴充,,,,,
4868,document,20,03｜常用,n.,文件,A 基礎必會,名詞,—,—,—,
4869,dorsum,20,03｜常用,,,B 擴充,,,,,
4870,electoral,20,03｜常用,,,B 擴充,,,,,
4871,elevated,20,03｜常用,,,B 擴充,,,,,
4872,encourage,20,03｜常用,v.,鼓勵,A 基礎必會,動詞,encouraged,encouraged,否,
4873,epiphysis,20,03｜常用,,,B 擴充,,,,,
4874,excised,20,03｜常用,,,B 擴充,,,,,
4875,eyed,20,03｜常用,,,B 擴充,,,,,
4876,fails,20,03｜常用,,,B 擴充,,,,,
4877,faithful,20,03｜常用,,,B 擴充,,,,,
4878,fearing,20,03｜常用,,,B 擴充,,,,,
4879,feather,20,03｜常用,,,B 擴充,,,,,
4880,firmness,20,03｜常用,,,B 擴充,,,,,
4881,fleches,20,03｜常用,,,B 擴充,,,,,
4882,florida,20,03｜常用,,,B 擴充,,,,,
4883,flowing,20,03｜常用,,,B 擴充,,,,,
4884,foolish,20,03｜常用,,,B 擴充,,,,,
4885,forbidden,20,03｜常用,,,B 擴充,,,,,
4886,forbidding,20,03｜常用,,,B 擴充,,,,,
4887,foul,20,03｜常用,,,B 擴充,,,,,
4888,freemasonry,20,03｜常用,,,B 擴充,,,,,
4889,fruit,20,03｜常用,n.,水果,A 基礎必會,名詞,—,—,—,
4890,fulfill,20,03｜常用,,,B 擴充,,,,,
4891,gains,20,03｜常用,,,B 擴充,,,,,
4892,gathering,20,03｜常用,,,B 擴充,,,,,
4893,generous,20,03｜常用,,,B 擴充,,,,,
4894,governed,20,03｜常用,,,B 擴充,,,,,
4895,gratitude,20,03｜常用,,,B 擴充,,,,,
4896,halt,20,03｜常用,,,B 擴充,,,,,
4897,hate,20,03｜常用,,,B 擴充,,,,,
4898,hesitation,20,03｜常用,,,B 擴充,,,,,
4899,hostess,20,03｜常用,,,B 擴充,,,,,
4900,impairment,20,03｜常用,,,B 擴充,,,,,
4901,impressions,20,03｜常用,,,B 擴充,,,,,
4902,improve,20,03｜常用,v.,改善,A 基礎必會,動詞,improved,improved,否,
4903,incessantly,20,03｜常用,,,B 擴充,,,,,
4904,intact,20,03｜常用,,,B 擴充,,,,,
4905,intelligent,20,03｜常用,,,B 擴充,,,,,
4906,intentions,20,03｜常用,,,B 擴充,,,,,
4907,interfered,20,03｜常用,,,B 擴充,,,,,
4908,invariably,20,03｜常用,,,B 擴充,,,,,
4909,iowa,20,03｜常用,,,B 擴充,,,,,
4910,lively,20,03｜常用,,,B 擴充,,,,,
4911,log,20,03｜常用,,,B 擴充,,,,,
4912,loyal,20,03｜常用,,,B 擴充,,,,,
4913,mentally,20,03｜常用,,,B 擴充,,,,,
4914,miloradovich,20,03｜常用,,,B 擴充,,,,,
4915,mutual,20,03｜常用,,,B 擴充,,,,,
4916,neighboring,20,03｜常用,,,B 擴充,,,,,
4917,novel,20,03｜常用,,,B 擴充,,,,,
4918,odour,20,03｜常用,,,B 擴充,,,,,
4919,operate,20,03｜常用,v.,操作；營運,B 中高級核心,動詞,operated,operated,否,
4920,opposing,20,03｜常用,,,B 擴充,,,,,
4921,orbit,20,03｜常用,,,B 擴充,,,,,
4922,osseous,20,03｜常用,,,B 擴充,,,,,
4923,osteoma,20,03｜常用,,,B 擴充,,,,,
4924,overthrow,20,03｜常用,,,B 擴充,,,,,
4925,owe,20,03｜常用,,,B 擴充,,,,,
4926,pad,20,03｜常用,,,B 擴充,,,,,
4927,paine,20,03｜常用,,,B 擴充,,,,,
4928,panic,20,03｜常用,,,B 擴充,,,,,
4929,parade,20,03｜常用,,,B 擴充,,,,,
4930,pavlograd,20,03｜常用,,,B 擴充,,,,,
4931,permanently,20,03｜常用,,,B 擴充,,,,,
4932,persist,20,03｜常用,,,B 擴充,,,,,
4933,pick,20,03｜常用,,,B 擴充,,,,,
4934,pilgrims,20,03｜常用,,,B 擴充,,,,,
4935,plea,20,03｜常用,,,B 擴充,,,,,
4936,plexus,20,03｜常用,,,B 擴充,,,,,
4937,pond,20,03｜常用,,,B 擴充,,,,,
4938,pour,20,03｜常用,,,B 擴充,,,,,
4939,profuse,20,03｜常用,,,B 擴充,,,,,
4940,proves,20,03｜常用,,,B 擴充,,,,,
4941,puckered,20,03｜常用,,,B 擴充,,,,,
4942,purely,20,03｜常用,,,B 擴充,,,,,
4943,puritans,20,03｜常用,,,B 擴充,,,,,
4944,queen,20,03｜常用,,,B 擴充,,,,,
4945,readiness,20,03｜常用,,,B 擴充,,,,,
4946,recurrent,20,03｜常用,,,B 擴充,,,,,
4947,redness,20,03｜常用,,,B 擴充,,,,,
4948,refrain,20,03｜常用,,,B 擴充,,,,,
4949,reins,20,03｜常用,,,B 擴充,,,,,
4950,relapse,20,03｜常用,,,B 擴充,,,,,
4951,reliable,20,03｜常用,,,B 擴充,,,,,
4952,relieve,20,03｜常用,,,B 擴充,,,,,
4953,resolutely,20,03｜常用,,,B 擴充,,,,,
4954,responded,20,03｜常用,,,B 擴充,,,,,
4955,rivers,20,03｜常用,,,B 擴充,,,,,
4956,ruler,20,03｜常用,,,B 擴充,,,,,
4957,rushing,20,03｜常用,,,B 擴充,,,,,
4958,san,20,03｜常用,,,B 擴充,,,,,
4959,sciatic,20,03｜常用,,,B 擴充,,,,,
4960,secondly,20,03｜常用,,,B 擴充,,,,,
4961,seventy,20,03｜常用,,,B 擴充,,,,,
4962,sincerely,20,03｜常用,,,B 擴充,,,,,
4963,sleepy,20,03｜常用,,,B 擴充,,,,,
4964,slipping,20,03｜常用,,,B 擴充,,,,,
4965,spoils,20,03｜常用,,,B 擴充,,,,,
4966,stiff,20,03｜常用,,,B 擴充,,,,,
4967,struggling,20,03｜常用,,,B 擴充,,,,,
4968,stuck,20,03｜常用,,,B 擴充,,,,,
4969,subclavian,20,03｜常用,,,B 擴充,,,,,
4970,submission,20,03｜常用,,,B 擴充,,,,,
4971,sums,20,03｜常用,,,B 擴充,,,,,
4972,supervision,20,03｜常用,,,B 擴充,,,,,
4973,suvorov,20,03｜常用,,,B 擴充,,,,,
4974,tells,20,03｜常用,,,B 擴充,,,,,
4975,thoughtful,20,03｜常用,,,B 擴充,,,,,
4976,tiny,20,03｜常用,adj.,極小的,B 中高級核心,形容詞,—,—,—,
4977,traitor,20,03｜常用,,,B 擴充,,,,,
4978,transfer,20,03｜常用,,,B 擴充,,,,,
4979,traveling,20,03｜常用,,,B 擴充,,,,,
4980,trophic,20,03｜常用,,,B 擴充,,,,,
4981,turkey,20,03｜常用,,,B 擴充,,,,,
4982,vainly,20,03｜常用,,,B 擴充,,,,,
4983,valves,20,03｜常用,,,B 擴充,,,,,
4984,vertebrae,20,03｜常用,,,B 擴充,,,,,
4985,vyazma,20,03｜常用,,,B 擴充,,,,,
4986,wash,20,03｜常用,v.,洗,A 基礎必會,動詞,washed,washed,否,
4987,wasted,20,03｜常用,,,B 擴充,,,,,
4988,windibank,20,03｜常用,,,B 擴充,,,,,
4989,woke,20,03｜常用,,,B 擴充,,,,,
4990,writes,20,03｜常用,,,B 擴充,,,,,
4991,www,20,03｜常用,,,B 擴充,,,,,
4992,abbe,19,03｜常用,,,B 擴充,,,,,
4993,abolitionists,19,03｜常用,,,B 擴充,,,,,
4994,advise,19,03｜常用,v.,建議,A 基礎必會,動詞,advised,advised,否,
4995,afterward,19,03｜常用,,,B 擴充,,,,,
4996,aimed,19,03｜常用,,,B 擴充,,,,,
4997,allowing,19,03｜常用,,,B 擴充,,,,,
4998,alteration,19,03｜常用,,,B 擴充,,,,,
4999,amendments,19,03｜常用,,,B 擴充,,,,,
5000,announce,19,03｜常用,v.,宣布,A 基礎必會,動詞,announced,announced,否,
5001,arbitrary,19,03｜常用,,,B 擴充,,,,,
5002,architect,19,03｜常用,,,B 擴充,,,,,
5003,aren,19,03｜常用,,,B 擴充,,,,,
5004,arranging,19,03｜常用,,,B 擴充,,,,,
5005,astonished,19,03｜常用,,,B 擴充,,,,,
5006,attract,19,03｜常用,v.,吸引,B 中高級核心,動詞,attracted,attracted,否,
5007,austrians,19,03｜常用,,,B 擴充,,,,,
5008,avail,19,03｜常用,,,B 擴充,,,,,
5009,awoke,19,03｜常用,,,B 擴充,,,,,
5010,beaming,19,03｜常用,,,B 擴充,,,,,
5011,behave,19,03｜常用,,,B 擴充,,,,,
5012,beloved,19,03｜常用,,,B 擴充,,,,,
5013,beneficial,19,03｜常用,,,B 擴充,,,,,
5014,benjamin,19,03｜常用,,,B 擴充,,,,,
5015,birch,19,03｜常用,,,B 擴充,,,,,
5016,briskly,19,03｜常用,,,B 擴充,,,,,
5017,brotherhood,19,03｜常用,,,B 擴充,,,,,
5018,buildings,19,03｜常用,,,B 擴充,,,,,
5019,bureau,19,03｜常用,,,B 擴充,,,,,
5020,calculated,19,03｜常用,,,B 擴充,,,,,
5021,caps,19,03｜常用,,,B 擴充,,,,,
5022,cautery,19,03｜常用,,,B 擴充,,,,,
5023,charcot,19,03｜常用,,,B 擴充,,,,,
5024,civilian,19,03｜常用,,,B 擴充,,,,,
5025,clergy,19,03｜常用,,,B 擴充,,,,,
5026,clue,19,03｜常用,,,B 擴充,,,,,
5027,commencement,19,03｜常用,,,B 擴充,,,,,
5028,compensation,19,03｜常用,,,B 擴充,,,,,
5029,complains,19,03｜常用,,,B 擴充,,,,,
5030,comply,19,03｜常用,,,B 擴充,,,,,
5031,consistence,19,03｜常用,,,B 擴充,,,,,
5032,consult,19,03｜常用,,,B 擴充,,,,,
5033,converted,19,03｜常用,,,B 擴充,,,,,
5034,courtyard,19,03｜常用,,,B 擴充,,,,,
5035,customary,19,03｜常用,,,B 擴充,,,,,
5036,dependence,19,03｜常用,,,B 擴充,,,,,
5037,device,19,03｜常用,n.,裝置,A 基礎必會,名詞,—,—,—,
5038,diminish,19,03｜常用,,,B 擴充,,,,,
5039,dined,19,03｜常用,,,B 擴充,,,,,
5040,display,19,03｜常用,,,B 擴充,,,,,
5041,displeased,19,03｜常用,,,B 擴充,,,,,
5042,distinction,19,03｜常用,,,B 擴充,,,,,
5043,distributing,19,03｜常用,,,B 擴充,,,,,
5044,dollar,19,03｜常用,,,B 擴充,,,,,
5045,doubtful,19,03｜常用,,,B 擴充,,,,,
5046,downward,19,03｜常用,,,B 擴充,,,,,
5047,drubetskoy,19,03｜常用,,,B 擴充,,,,,
5048,embarrassment,19,03｜常用,,,B 擴充,,,,,
5049,embolus,19,03｜常用,,,B 擴充,,,,,
5050,eruption,19,03｜常用,,,B 擴充,,,,,
5051,et,19,03｜常用,,,B 擴充,,,,,
5052,execute,19,03｜常用,,,B 擴充,,,,,
5053,exertion,19,03｜常用,,,B 擴充,,,,,
5054,exostosis,19,03｜常用,,,B 擴充,,,,,
5055,faint,19,03｜常用,,,B 擴充,,,,,
5056,ferapontov,19,03｜常用,,,B 擴充,,,,,
5057,fifteenth,19,03｜常用,,,B 擴充,,,,,
5058,fluctuation,19,03｜常用,,,B 擴充,,,,,
5059,folly,19,03｜常用,,,B 擴充,,,,,
5060,fort,19,03｜常用,,,B 擴充,,,,,
5061,friction,19,03｜常用,,,B 擴充,,,,,
5062,fury,19,03｜常用,,,B 擴充,,,,,
5063,gather,19,03｜常用,,,B 擴充,,,,,
5064,gentry,19,03｜常用,,,B 擴充,,,,,
5065,gonorrhoeal,19,03｜常用,,,B 擴充,,,,,
5066,haematoma,19,03｜常用,,,B 擴充,,,,,
5067,halfway,19,03｜常用,,,B 擴充,,,,,
5068,harder,19,03｜常用,,,B 擴充,,,,,
5069,haworth,19,03｜常用,,,B 擴充,,,,,
5070,idle,19,03｜常用,,,B 擴充,,,,,
5071,illustrated,19,03｜常用,,,B 擴充,,,,,
5072,incomplete,19,03｜常用,,,B 擴充,,,,,
5073,indicates,19,03｜常用,,,B 擴充,,,,,
5074,indies,19,03｜常用,,,B 擴充,,,,,
5075,inguinal,19,03｜常用,,,B 擴充,,,,,
5076,initial,19,03｜常用,,,B 擴充,,,,,
5077,inquire,19,03｜常用,,,B 擴充,,,,,
5078,inspired,19,03｜常用,,,B 擴充,,,,,
5079,insult,19,03｜常用,,,B 擴充,,,,,
5080,interfering,19,03｜常用,,,B 擴充,,,,,
5081,intrigues,19,03｜常用,,,B 擴充,,,,,
5082,invading,19,03｜常用,,,B 擴充,,,,,
5083,irritated,19,03｜常用,,,B 擴充,,,,,
5084,joining,19,03｜常用,,,B 擴充,,,,,
5085,joking,19,03｜常用,,,B 擴充,,,,,
5086,justified,19,03｜常用,,,B 擴充,,,,,
5087,keeper,19,03｜常用,,,B 擴充,,,,,
5088,kitchen,19,03｜常用,n.,廚房,B 中高級核心,名詞,—,—,—,
5089,labors,19,03｜常用,,,B 擴充,,,,,
5090,lacerated,19,03｜常用,,,B 擴充,,,,,
5091,landing,19,03｜常用,,,B 擴充,,,,,
5092,limitation,19,03｜常用,,,B 擴充,,,,,
5093,lotion,19,03｜常用,,,B 擴充,,,,,
5094,lowering,19,03｜常用,,,B 擴充,,,,,
5095,makar,19,03｜常用,,,B 擴充,,,,,
5096,manager,19,03｜常用,n.,經理,B 中高級核心,名詞,—,—,—,
5097,manual,19,03｜常用,,,B 擴充,,,,,
5098,manufacture,19,03｜常用,,,B 擴充,,,,,
5099,marks,19,03｜常用,,,B 擴充,,,,,
5100,miners,19,03｜常用,,,B 擴充,,,,,
5101,muddy,19,03｜常用,,,B 擴充,,,,,
5102,musket,19,03｜常用,,,B 擴充,,,,,
5103,neglected,19,03｜常用,,,B 擴充,,,,,
5104,neuralgia,19,03｜常用,,,B 擴充,,,,,
5105,neville,19,03｜常用,,,B 擴充,,,,,
5106,objections,19,03｜常用,,,B 擴充,,,,,
5107,paralysed,19,03｜常用,,,B 擴充,,,,,
5108,parent,19,03｜常用,n.,父母之一,B 中高級核心,名詞,—,—,—,
5109,patriotism,19,03｜常用,,,B 擴充,,,,,
5110,phlebitis,19,03｜常用,,,B 擴充,,,,,
5111,pigmented,19,03｜常用,,,B 擴充,,,,,
5112,plaster,19,03｜常用,,,B 擴充,,,,,
5113,plate,19,03｜常用,,,B 擴充,,,,,
5114,pockets,19,03｜常用,,,B 擴充,,,,,
5115,poetic,19,03｜常用,,,B 擴充,,,,,
5116,poison,19,03｜常用,,,B 擴充,,,,,
5117,polite,19,03｜常用,,,B 擴充,,,,,
5118,port,19,03｜常用,,,B 擴充,,,,,
5119,possess,19,03｜常用,,,B 擴充,,,,,
5120,preceded,19,03｜常用,,,B 擴充,,,,,
5121,princesses,19,03｜常用,,,B 擴充,,,,,
5122,promote,19,03｜常用,,,B 擴充,,,,,
5123,promotion,19,03｜常用,,,B 擴充,,,,,
5124,prospect,19,03｜常用,,,B 擴充,,,,,
5125,protest,19,03｜常用,,,B 擴充,,,,,
5126,push,19,03｜常用,,,B 擴充,,,,,
5127,quality,19,03｜常用,n.,品質；特質,B 中高級核心,名詞,—,—,—,
5128,quicker,19,03｜常用,,,B 擴充,,,,,
5129,ramballe,19,03｜常用,,,B 擴充,,,,,
5130,referring,19,03｜常用,,,B 擴充,,,,,
5131,regardless,19,03｜常用,,,B 擴充,,,,,
5132,regulations,19,03｜常用,,,B 擴充,,,,,
5133,relating,19,03｜常用,,,B 擴充,,,,,
5134,remote,19,03｜常用,,,B 擴充,,,,,
5135,rent,19,03｜常用,,,B 擴充,,,,,
5136,reparative,19,03｜常用,,,B 擴充,,,,,
5137,replace,19,03｜常用,v.,取代；更換,B 中高級核心,動詞,replaced,replaced,否,
5138,ribbon,19,03｜常用,,,B 擴充,,,,,
5139,ridicule,19,03｜常用,,,B 擴充,,,,,
5140,rulers,19,03｜常用,,,B 擴充,,,,,
5141,sadly,19,03｜常用,,,B 擴充,,,,,
5142,savage,19,03｜常用,,,B 擴充,,,,,
5143,scandal,19,03｜常用,,,B 擴充,,,,,
5144,scared,19,03｜常用,,,B 擴充,,,,,
5145,scissors,19,03｜常用,,,B 擴充,,,,,
5146,scrotum,19,03｜常用,,,B 擴充,,,,,
5147,segment,19,03｜常用,,,B 擴充,,,,,
5148,senior,19,03｜常用,,,B 擴充,,,,,
5149,seventh,19,03｜常用,,,B 擴充,,,,,
5150,shadows,19,03｜常用,,,B 擴充,,,,,
5151,shaven,19,03｜常用,,,B 擴充,,,,,
5152,shelter,19,03｜常用,,,B 擴充,,,,,
5153,similarly,19,03｜常用,adv.,相似地,B 中高級核心,副詞,—,—,—,
5154,sob,19,03｜常用,,,B 擴充,,,,,
5155,solely,19,03｜常用,,,B 擴充,,,,,
5156,solved,19,03｜常用,,,B 擴充,,,,,
5157,spontaneous,19,03｜常用,,,B 擴充,,,,,
5158,stands,19,03｜常用,,,B 擴充,,,,,
5159,staphylococcus,19,03｜常用,,,B 擴充,,,,,
5160,stirring,19,03｜常用,,,B 擴充,,,,,
5161,stoner,19,03｜常用,,,B 擴充,,,,,
5162,strengthened,19,03｜常用,,,B 擴充,,,,,
5163,strikes,19,03｜常用,,,B 擴充,,,,,
5164,succession,19,03｜常用,,,B 擴充,,,,,
5165,suffers,19,03｜常用,,,B 擴充,,,,,
5166,sunday,19,03｜常用,,,B 擴充,,,,,
5167,sweat,19,03｜常用,,,B 擴充,,,,,
5168,tables,19,03｜常用,,,B 擴充,,,,,
5169,tariffs,19,03｜常用,,,B 擴充,,,,,
5170,tenth,19,03｜常用,,,B 擴充,,,,,
5171,thanked,19,03｜常用,,,B 擴充,,,,,
5172,thorax,19,03｜常用,,,B 擴充,,,,,
5173,threshold,19,03｜常用,,,B 擴充,,,,,
5174,toxic,19,03｜常用,,,B 擴充,,,,,
5175,traditions,19,03｜常用,,,B 擴充,,,,,
5176,tranquillity,19,03｜常用,,,B 擴充,,,,,
5177,traveler,19,03｜常用,,,B 擴充,,,,,
5178,treasure,19,03｜常用,,,B 擴充,,,,,
5179,twentieth,19,03｜常用,,,B 擴充,,,,,
5180,un,19,03｜常用,,,B 擴充,,,,,
5181,underlying,19,03｜常用,,,B 擴充,,,,,
5182,unity,19,03｜常用,,,B 擴充,,,,,
5183,van,19,03｜常用,,,B 擴充,,,,,
5184,vertebral,19,03｜常用,,,B 擴充,,,,,
5185,victories,19,03｜常用,,,B 擴充,,,,,
5186,virulence,19,03｜常用,,,B 擴充,,,,,
5187,vive,19,03｜常用,,,B 擴充,,,,,
5188,waking,19,03｜常用,,,B 擴充,,,,,
5189,weeping,19,03｜常用,,,B 擴充,,,,,
5190,whispering,19,03｜常用,,,B 擴充,,,,,
5191,winning,19,03｜常用,,,B 擴充,,,,,
5192,xviii,19,03｜常用,,,B 擴充,,,,,
5193,accent,18,03｜常用,,,B 擴充,,,,,
5194,accompanying,18,03｜常用,,,B 擴充,,,,,
5195,acquire,18,03｜常用,v.,獲得；習得,A 基礎必會,動詞,acquired,acquired,否,
5196,administered,18,03｜常用,,,B 擴充,,,,,
5197,adopt,18,03｜常用,v.,採用；收養,B 中高級核心,動詞,adopted,adopted,否,
5198,advantageous,18,03｜常用,,,B 擴充,,,,,
5199,agencies,18,03｜常用,,,B 擴充,,,,,
5200,aggravated,18,03｜常用,,,B 擴充,,,,,
5201,annoyance,18,03｜常用,,,B 擴充,,,,,
5202,arriving,18,03｜常用,,,B 擴充,,,,,
5203,assigned,18,03｜常用,,,B 擴充,,,,,
5204,attempting,18,03｜常用,,,B 擴充,,,,,
5205,au,18,03｜常用,,,B 擴充,,,,,
5206,authors,18,03｜常用,,,B 擴充,,,,,
5207,average,18,03｜常用,n./adj.,平均的,A 基礎必會,名詞；形容詞,—,—,—,
5208,await,18,03｜常用,,,B 擴充,,,,,
5209,bachelor,18,03｜常用,,,B 擴充,,,,,
5210,bass,18,03｜常用,,,B 擴充,,,,,
5211,baths,18,03｜常用,,,B 擴充,,,,,
5212,bears,18,03｜常用,,,B 擴充,,,,,
5213,begging,18,03｜常用,,,B 擴充,,,,,
5214,bend,18,03｜常用,v.,彎曲,A 基礎必會,動詞,bent,bent,是,
5215,betrothed,18,03｜常用,,,B 擴充,,,,,
5216,biceps,18,03｜常用,,,B 擴充,,,,,
5217,binding,18,03｜常用,,,B 擴充,,,,,
5218,borzoi,18,03｜常用,,,B 擴充,,,,,
5219,brush,18,03｜常用,,,B 擴充,,,,,
5220,cabinet,18,03｜常用,,,B 擴充,,,,,
5221,campfire,18,03｜常用,,,B 擴充,,,,,
5222,caribbean,18,03｜常用,,,B 擴充,,,,,
5223,catching,18,03｜常用,,,B 擴充,,,,,
5224,caution,18,03｜常用,,,B 擴充,,,,,
5225,chances,18,03｜常用,,,B 擴充,,,,,
5226,charges,18,03｜常用,,,B 擴充,,,,,
5227,clung,18,03｜常用,,,B 擴充,,,,,
5228,colonization,18,03｜常用,,,B 擴充,,,,,
5229,companions,18,03｜常用,,,B 擴充,,,,,
5230,consequences,18,03｜常用,,,B 擴充,,,,,
5231,considerably,18,03｜常用,,,B 擴充,,,,,
5232,consolation,18,03｜常用,,,B 擴充,,,,,
5233,coroner,18,03｜常用,,,B 擴充,,,,,
5234,crowding,18,03｜常用,,,B 擴充,,,,,
5235,dactylitis,18,03｜常用,,,B 擴充,,,,,
5236,dakota,18,03｜常用,,,B 擴充,,,,,
5237,davis,18,03｜常用,,,B 擴充,,,,,
5238,deadly,18,03｜常用,,,B 擴充,,,,,
5239,dignified,18,03｜常用,,,B 擴充,,,,,
5240,dimmler,18,03｜常用,,,B 擴充,,,,,
5241,disappears,18,03｜常用,,,B 擴充,,,,,
5242,discharged,18,03｜常用,,,B 擴充,,,,,
5243,dispatched,18,03｜常用,,,B 擴充,,,,,
5244,dispersed,18,03｜常用,,,B 擴充,,,,,
5245,disposed,18,03｜常用,,,B 擴充,,,,,
5246,dissatisfaction,18,03｜常用,,,B 擴充,,,,,
5247,dissolved,18,03｜常用,,,B 擴充,,,,,
5248,diverse,18,03｜常用,,,B 擴充,,,,,
5249,documentary,18,03｜常用,,,B 擴充,,,,,
5250,dominions,18,03｜常用,,,B 擴充,,,,,
5251,drafted,18,03｜常用,,,B 擴充,,,,,
5252,drain,18,03｜常用,,,B 擴充,,,,,
5253,dreamed,18,03｜常用,,,B 擴充,,,,,
5254,dropping,18,03｜常用,,,B 擴充,,,,,
5255,eaten,18,03｜常用,,,B 擴充,,,,,
5256,electricity,18,03｜常用,n.,電力,A 基礎必會,名詞,—,—,—,
5257,emerged,18,03｜常用,,,B 擴充,,,,,
5258,enchanting,18,03｜常用,,,B 擴充,,,,,
5259,ending,18,03｜常用,,,B 擴充,,,,,
5260,error,18,03｜常用,n.,錯誤,A 基礎必會,名詞,—,—,—,
5261,evils,18,03｜常用,,,B 擴充,,,,,
5262,ex,18,03｜常用,,,B 擴充,,,,,
5263,excise,18,03｜常用,,,B 擴充,,,,,
5264,exciting,18,03｜常用,adj.,令人興奮的,A 基礎必會,形容詞,—,—,—,
5265,exhibit,18,03｜常用,,,B 擴充,,,,,
5266,exit,18,03｜常用,,,B 擴充,,,,,
5267,expectation,18,03｜常用,,,B 擴充,,,,,
5268,externally,18,03｜常用,,,B 擴充,,,,,
5269,farming,18,03｜常用,,,B 擴充,,,,,
5270,fastened,18,03｜常用,,,B 擴充,,,,,
5271,fathers,18,03｜常用,,,B 擴充,,,,,
5272,female,18,03｜常用,adj.,女性的,A 基礎必會,形容詞,—,—,—,
5273,fixing,18,03｜常用,,,B 擴充,,,,,
5274,flexion,18,03｜常用,,,B 擴充,,,,,
5275,flower,18,03｜常用,n.,花,A 基礎必會,名詞,—,—,—,
5276,forwards,18,03｜常用,,,B 擴充,,,,,
5277,fright,18,03｜常用,,,B 擴充,,,,,
5278,geese,18,03｜常用,,,B 擴充,,,,,
5279,glimpse,18,03｜常用,,,B 擴充,,,,,
5280,graft,18,03｜常用,,,B 擴充,,,,,
5281,granting,18,03｜常用,,,B 擴充,,,,,
5282,hatherley,18,03｜常用,,,B 擴充,,,,,
5283,heavier,18,03｜常用,,,B 擴充,,,,,
5284,helping,18,03｜常用,,,B 擴充,,,,,
5285,hole,18,03｜常用,,,B 擴充,,,,,
5286,honors,18,03｜常用,,,B 擴充,,,,,
5287,horn,18,03｜常用,,,B 擴充,,,,,
5288,hospitals,18,03｜常用,,,B 擴充,,,,,
5289,il,18,03｜常用,,,B 擴充,,,,,
5290,imperfectly,18,03｜常用,,,B 擴充,,,,,
5291,importation,18,03｜常用,,,B 擴充,,,,,
5292,incisions,18,03｜常用,,,B 擴充,,,,,
5293,incubation,18,03｜常用,,,B 擴充,,,,,
5294,inferior,18,03｜常用,,,B 擴充,,,,,
5295,insane,18,03｜常用,,,B 擴充,,,,,
5296,inspection,18,03｜常用,,,B 擴充,,,,,
5297,intellect,18,03｜常用,,,B 擴充,,,,,
5298,invade,18,03｜常用,,,B 擴充,,,,,
5299,invaded,18,03｜常用,,,B 擴充,,,,,
5300,invested,18,03｜常用,,,B 擴充,,,,,
5301,invitation,18,03｜常用,,,B 擴充,,,,,
5302,inviting,18,03｜常用,,,B 擴充,,,,,
5303,involving,18,03｜常用,,,B 擴充,,,,,
5304,irene,18,03｜常用,,,B 擴充,,,,,
5305,jaws,18,03｜常用,,,B 擴充,,,,,
5306,jay,18,03｜常用,,,B 擴充,,,,,
5307,jealousy,18,03｜常用,,,B 擴充,,,,,
5308,kiev,18,03｜常用,,,B 擴充,,,,,
5309,knock,18,03｜常用,,,B 擴充,,,,,
5310,konovnitsyn,18,03｜常用,,,B 擴充,,,,,
5311,les,18,03｜常用,,,B 擴充,,,,,
5312,loses,18,03｜常用,,,B 擴充,,,,,
5313,masonic,18,03｜常用,,,B 擴充,,,,,
5314,mastoid,18,03｜常用,,,B 擴充,,,,,
5315,meadow,18,03｜常用,,,B 擴充,,,,,
5316,meaningless,18,03｜常用,,,B 擴充,,,,,
5317,melanotic,18,03｜常用,,,B 擴充,,,,,
5318,micro,18,03｜常用,,,B 擴充,,,,,
5319,mill,18,03｜常用,,,B 擴充,,,,,
5320,mining,18,03｜常用,,,B 擴充,,,,,
5321,mirror,18,03｜常用,,,B 擴充,,,,,
5322,misery,18,03｜常用,,,B 擴充,,,,,
5323,mode,18,03｜常用,,,B 擴充,,,,,
5324,moonlight,18,03｜常用,,,B 擴充,,,,,
5325,municipal,18,03｜常用,,,B 擴充,,,,,
5326,murmured,18,03｜常用,,,B 擴充,,,,,
5327,nowadays,18,03｜常用,,,B 擴充,,,,,
5328,objects,18,03｜常用,,,B 擴充,,,,,
5329,obtaining,18,03｜常用,,,B 擴充,,,,,
5330,ointment,18,03｜常用,,,B 擴充,,,,,
5331,opportunities,18,03｜常用,,,B 擴充,,,,,
5332,oppressed,18,03｜常用,,,B 擴充,,,,,
5333,pages,18,03｜常用,,,B 擴充,,,,,
5334,passages,18,03｜常用,,,B 擴充,,,,,
5335,pathetic,18,03｜常用,,,B 擴充,,,,,
5336,patriot,18,03｜常用,,,B 擴充,,,,,
5337,penetrating,18,03｜常用,,,B 擴充,,,,,
5338,philosophy,18,03｜常用,,,B 擴充,,,,,
5339,pin,18,03｜常用,,,B 擴充,,,,,
5340,piti,18,03｜常用,,,B 擴充,,,,,
5341,plantation,18,03｜常用,,,B 擴充,,,,,
5342,planter,18,03｜常用,,,B 擴充,,,,,
5343,policeman,18,03｜常用,,,B 擴充,,,,,
5344,preceding,18,03｜常用,,,B 擴充,,,,,
5345,pretended,18,03｜常用,,,B 擴充,,,,,
5346,proceed,18,03｜常用,,,B 擴充,,,,,
5347,proceedings,18,03｜常用,,,B 擴充,,,,,
5348,product,18,03｜常用,n.,產品,B 中高級核心,名詞,—,—,—,
5349,prohibition,18,03｜常用,,,B 擴充,,,,,
5350,proprietor,18,03｜常用,,,B 擴充,,,,,
5351,published,18,03｜常用,,,B 擴充,,,,,
5352,puncture,18,03｜常用,,,B 擴充,,,,,
5353,pupil,18,03｜常用,,,B 擴充,,,,,
5354,purity,18,03｜常用,,,B 擴充,,,,,
5355,quivering,18,03｜常用,,,B 擴充,,,,,
5356,recur,18,03｜常用,,,B 擴充,,,,,
5357,reflections,18,03｜常用,,,B 擴充,,,,,
5358,refusing,18,03｜常用,,,B 擴充,,,,,
5359,regretted,18,03｜常用,,,B 擴充,,,,,
5360,remedies,18,03｜常用,,,B 擴充,,,,,
5361,replies,18,03｜常用,,,B 擴充,,,,,
5362,restraint,18,03｜常用,,,B 擴充,,,,,
5363,retreated,18,03｜常用,,,B 擴充,,,,,
5364,revision,18,03｜常用,,,B 擴充,,,,,
5365,roofs,18,03｜常用,,,B 擴充,,,,,
5366,ruptured,18,03｜常用,,,B 擴充,,,,,
5367,rye,18,03｜常用,,,B 擴充,,,,,
5368,secrecy,18,03｜常用,,,B 擴充,,,,,
5369,semi,18,03｜常用,,,B 擴充,,,,,
5370,senile,18,03｜常用,,,B 擴充,,,,,
5371,smiles,18,03｜常用,,,B 擴充,,,,,
5372,societies,18,03｜常用,,,B 擴充,,,,,
5373,solitude,18,03｜常用,,,B 擴充,,,,,
5374,solve,18,03｜常用,v.,解決,B 中高級核心,動詞,solved,solved,否,
5375,sovereigns,18,03｜常用,,,B 擴充,,,,,
5376,spoiled,18,03｜常用,,,B 擴充,,,,,
5377,sprain,18,03｜常用,,,B 擴充,,,,,
5378,stalls,18,03｜常用,,,B 擴充,,,,,
5379,staring,18,03｜常用,,,B 擴充,,,,,
5380,startled,18,03｜常用,,,B 擴充,,,,,
5381,sternum,18,03｜常用,,,B 擴充,,,,,
5382,straining,18,03｜常用,,,B 擴充,,,,,
5383,strategic,18,03｜常用,,,B 擴充,,,,,
5384,streptococci,18,03｜常用,,,B 擴充,,,,,
5385,style,18,03｜常用,,,B 擴充,,,,,
5386,supplemented,18,03｜常用,,,B 擴充,,,,,
5387,survive,18,03｜常用,,,B 擴充,,,,,
5388,talent,18,03｜常用,,,B 擴充,,,,,
5389,teaching,18,03｜常用,,,B 擴充,,,,,
5390,temples,18,03｜常用,,,B 擴充,,,,,
5391,territorial,18,03｜常用,,,B 擴充,,,,,
5392,tore,18,03｜常用,,,B 擴充,,,,,
5393,toxaemia,18,03｜常用,,,B 擴充,,,,,
5394,traders,18,03｜常用,,,B 擴充,,,,,
5395,trench,18,03｜常用,,,B 擴充,,,,,
5396,truly,18,03｜常用,,,B 擴充,,,,,
5397,undergoes,18,03｜常用,,,B 擴充,,,,,
5398,uneasily,18,03｜常用,,,B 擴充,,,,,
5399,upward,18,03｜常用,,,B 擴充,,,,,
5400,utmost,18,03｜常用,,,B 擴充,,,,,
5401,uttering,18,03｜常用,,,B 擴充,,,,,
5402,vanity,18,03｜常用,,,B 擴充,,,,,
5403,velvet,18,03｜常用,,,B 擴充,,,,,
5404,vicious,18,03｜常用,,,B 擴充,,,,,
5405,victim,18,03｜常用,,,B 擴充,,,,,
5406,vomiting,18,03｜常用,,,B 擴充,,,,,
5407,voronezh,18,03｜常用,,,B 擴充,,,,,
5408,warned,18,03｜常用,,,B 擴充,,,,,
5409,waving,18,03｜常用,,,B 擴充,,,,,
5410,welcome,18,03｜常用,,,B 擴充,,,,,
5411,whig,18,03｜常用,,,B 擴充,,,,,
5412,wiped,18,03｜常用,,,B 擴充,,,,,
5413,withdrawal,18,03｜常用,,,B 擴充,,,,,
5414,xvii,18,03｜常用,,,B 擴充,,,,,
5415,abruptly,17,03｜常用,,,B 擴充,,,,,
5416,accidental,17,03｜常用,,,B 擴充,,,,,
5417,accurately,17,03｜常用,,,B 擴充,,,,,
5418,actinomycosis,17,03｜常用,,,B 擴充,,,,,
5419,adjoining,17,03｜常用,,,B 擴充,,,,,
5420,adventures,17,03｜常用,,,B 擴充,,,,,
5421,advocated,17,03｜常用,,,B 擴充,,,,,
5422,aided,17,03｜常用,,,B 擴充,,,,,
5423,aides,17,03｜常用,,,B 擴充,,,,,
5424,allegiance,17,03｜常用,,,B 擴充,,,,,
5425,alter,17,03｜常用,,,B 擴充,,,,,
5426,alterations,17,03｜常用,,,B 擴充,,,,,
5427,ancients,17,03｜常用,,,B 擴充,,,,,
5428,arts,17,03｜常用,,,B 擴充,,,,,
5429,attentive,17,03｜常用,,,B 擴充,,,,,
5430,backwards,17,03｜常用,,,B 擴充,,,,,
5431,baltimore,17,03｜常用,,,B 擴充,,,,,
5432,barn,17,03｜常用,,,B 擴充,,,,,
5433,batteries,17,03｜常用,,,B 擴充,,,,,
5434,beginnings,17,03｜常用,,,B 擴充,,,,,
5435,behaved,17,03｜常用,,,B 擴充,,,,,
5436,berezina,17,03｜常用,,,B 擴充,,,,,
5437,bet,17,03｜常用,,,B 擴充,,,,,
5438,blessing,17,03｜常用,,,B 擴充,,,,,
5439,boil,17,03｜常用,,,B 擴充,,,,,
5440,boiling,17,03｜常用,,,B 擴充,,,,,
5441,boils,17,03｜常用,,,B 擴充,,,,,
5442,borders,17,03｜常用,,,B 擴充,,,,,
5443,breaks,17,03｜常用,,,B 擴充,,,,,
5444,bridges,17,03｜常用,,,B 擴充,,,,,
5445,build,17,03｜常用,v.,建造,A 基礎必會,動詞,built,built,是,
5446,calamity,17,03｜常用,,,B 擴充,,,,,
5447,calcification,17,03｜常用,,,B 擴充,,,,,
5448,calf,17,03｜常用,,,B 擴充,,,,,
5449,cancerous,17,03｜常用,,,B 擴充,,,,,
5450,capillaries,17,03｜常用,,,B 擴充,,,,,
5451,carbuncle,17,03｜常用,,,B 擴充,,,,,
5452,carolinas,17,03｜常用,,,B 擴充,,,,,
5453,caseation,17,03｜常用,,,B 擴充,,,,,
5454,ceremony,17,03｜常用,,,B 擴充,,,,,
5455,collapse,17,03｜常用,,,B 擴充,,,,,
5456,collecting,17,03｜常用,,,B 擴充,,,,,
5457,coman,17,03｜常用,,,B 擴充,,,,,
5458,commit,17,03｜常用,,,B 擴充,,,,,
5459,complained,17,03｜常用,,,B 擴充,,,,,
5460,compliance,17,03｜常用,,,B 擴充,,,,,
5461,contemptuous,17,03｜常用,,,B 擴充,,,,,
5462,contemptuously,17,03｜常用,,,B 擴充,,,,,
5463,contusion,17,03｜常用,,,B 擴充,,,,,
5464,county,17,03｜常用,,,B 擴充,,,,,
5465,create,17,03｜常用,v.,創造,A 基礎必會,動詞,created,created,否,
5466,curved,17,03｜常用,,,B 擴充,,,,,
5467,cylinders,17,03｜常用,,,B 擴充,,,,,
5468,danube,17,03｜常用,,,B 擴充,,,,,
5469,data,17,03｜常用,n.,資料,A 基礎必會,名詞,—,—,—,
5470,decisions,17,03｜常用,,,B 擴充,,,,,
5471,declined,17,03｜常用,,,B 擴充,,,,,
5472,den,17,03｜常用,,,B 擴充,,,,,
5473,despised,17,03｜常用,,,B 擴充,,,,,
5474,dies,17,03｜常用,,,B 擴充,,,,,
5475,dilatation,17,03｜常用,,,B 擴充,,,,,
5476,disperse,17,03｜常用,,,B 擴充,,,,,
5477,displayed,17,03｜常用,,,B 擴充,,,,,
5478,diversity,17,03｜常用,,,B 擴充,,,,,
5479,drooping,17,03｜常用,,,B 擴充,,,,,
5480,drummer,17,03｜常用,,,B 擴充,,,,,
5481,earliest,17,03｜常用,,,B 擴充,,,,,
5482,editions,17,03｜常用,,,B 擴充,,,,,
5483,editor,17,03｜常用,,,B 擴充,,,,,
5484,embrace,17,03｜常用,,,B 擴充,,,,,
5485,employ,17,03｜常用,v.,僱用,B 中高級核心,動詞,employed,employed,否,
5486,emptied,17,03｜常用,,,B 擴充,,,,,
5487,enjoying,17,03｜常用,,,B 擴充,,,,,
5488,ensued,17,03｜常用,,,B 擴充,,,,,
5489,enthusiastic,17,03｜常用,,,B 擴充,,,,,
5490,erect,17,03｜常用,,,B 擴充,,,,,
5491,escaping,17,03｜常用,,,B 擴充,,,,,
5492,escort,17,03｜常用,,,B 擴充,,,,,
5493,essentially,17,03｜常用,,,B 擴充,,,,,
5494,evoked,17,03｜常用,,,B 擴充,,,,,
5495,exercised,17,03｜常用,,,B 擴充,,,,,
5496,extensor,17,03｜常用,,,B 擴充,,,,,
5497,feminine,17,03｜常用,,,B 擴充,,,,,
5498,fertile,17,03｜常用,,,B 擴充,,,,,
5499,flashed,17,03｜常用,,,B 擴充,,,,,
5500,flattered,17,03｜常用,,,B 擴充,,,,,
5501,foci,17,03｜常用,,,B 擴充,,,,,
5502,forbade,17,03｜常用,,,B 擴充,,,,,
5503,frozen,17,03｜常用,,,B 擴充,,,,,
5504,genitals,17,03｜常用,,,B 擴充,,,,,
5505,grasped,17,03｜常用,,,B 擴充,,,,,
5506,guess,17,03｜常用,,,B 擴充,,,,,
5507,guest,17,03｜常用,,,B 擴充,,,,,
5508,guided,17,03｜常用,,,B 擴充,,,,,
5509,hang,17,03｜常用,,,B 擴充,,,,,
5510,heap,17,03｜常用,,,B 擴充,,,,,
5511,heavens,17,03｜常用,,,B 擴充,,,,,
5512,hesitated,17,03｜常用,,,B 擴充,,,,,
5513,histories,17,03｜常用,,,B 擴充,,,,,
5514,hopeless,17,03｜常用,,,B 擴充,,,,,
5515,ignorance,17,03｜常用,,,B 擴充,,,,,
5516,import,17,03｜常用,,,B 擴充,,,,,
5517,imposing,17,03｜常用,,,B 擴充,,,,,
5518,infant,17,03｜常用,,,B 擴充,,,,,
5519,insufficient,17,03｜常用,,,B 擴充,,,,,
5520,intercourse,17,03｜常用,,,B 擴充,,,,,
5521,intimacy,17,03｜常用,,,B 擴充,,,,,
5522,je,17,03｜常用,,,B 擴充,,,,,
5523,jest,17,03｜常用,,,B 擴充,,,,,
5524,junctions,17,03｜常用,,,B 擴充,,,,,
5525,jurisdiction,17,03｜常用,,,B 擴充,,,,,
5526,kozlovski,17,03｜常用,,,B 擴充,,,,,
5527,latest,17,03｜常用,,,B 擴充,,,,,
5528,latin,17,03｜常用,,,B 擴充,,,,,
5529,leisure,17,03｜常用,,,B 擴充,,,,,
5530,lowest,17,03｜常用,,,B 擴充,,,,,
5531,lunch,17,03｜常用,n.,午餐,B 中高級核心,名詞,—,—,—,
5532,males,17,03｜常用,,,B 擴充,,,,,
5533,meantime,17,03｜常用,,,B 擴充,,,,,
5534,merged,17,03｜常用,,,B 擴充,,,,,
5535,monday,17,03｜常用,,,B 擴充,,,,,
5536,morel,17,03｜常用,,,B 擴充,,,,,
5537,motive,17,03｜常用,,,B 擴充,,,,,
5538,mount,17,03｜常用,,,B 擴充,,,,,
5539,mountain,17,03｜常用,n.,山,B 中高級核心,名詞,—,—,—,
5540,movable,17,03｜常用,,,B 擴充,,,,,
5541,neighbourhood,17,03｜常用,,,B 擴充,,,,,
5542,newcomer,17,03｜常用,,,B 擴充,,,,,
5543,noted,17,03｜常用,,,B 擴充,,,,,
5544,obligation,17,03｜常用,,,B 擴充,,,,,
5545,obliterated,17,03｜常用,,,B 擴充,,,,,
5546,offense,17,03｜常用,,,B 擴充,,,,,
5547,oneself,17,03｜常用,,,B 擴充,,,,,
5548,osteo,17,03｜常用,,,B 擴充,,,,,
5549,owned,17,03｜常用,,,B 擴充,,,,,
5550,oxygen,17,03｜常用,,,B 擴充,,,,,
5551,paget,17,03｜常用,,,B 擴充,,,,,
5552,parallel,17,03｜常用,,,B 擴充,,,,,
5553,pathogenic,17,03｜常用,,,B 擴充,,,,,
5554,pavement,17,03｜常用,,,B 擴充,,,,,
5555,perpetual,17,03｜常用,,,B 擴充,,,,,
5556,pet,17,03｜常用,,,B 擴充,,,,,
5557,petty,17,03｜常用,,,B 擴充,,,,,
5558,plays,17,03｜常用,,,B 擴充,,,,,
5559,politeness,17,03｜常用,,,B 擴充,,,,,
5560,politicians,17,03｜常用,,,B 擴充,,,,,
5561,pratzen,17,03｜常用,,,B 擴充,,,,,
5562,preliminary,17,03｜常用,,,B 擴充,,,,,
5563,preserved,17,03｜常用,,,B 擴充,,,,,
5564,proceeded,17,03｜常用,,,B 擴充,,,,,
5565,proclaimed,17,03｜常用,,,B 擴充,,,,,
5566,profoundly,17,03｜常用,,,B 擴充,,,,,
5567,prohibited,17,03｜常用,,,B 擴充,,,,,
5568,prosperous,17,03｜常用,,,B 擴充,,,,,
5569,proximal,17,03｜常用,,,B 擴充,,,,,
5570,prussian,17,03｜常用,,,B 擴充,,,,,
5571,purification,17,03｜常用,,,B 擴充,,,,,
5572,quartermaster,17,03｜常用,,,B 擴充,,,,,
5573,rattle,17,03｜常用,,,B 擴充,,,,,
5574,recognise,17,03｜常用,,,B 擴充,,,,,
5575,recurrence,17,03｜常用,,,B 擴充,,,,,
5576,referendum,17,03｜常用,,,B 擴充,,,,,
5577,reflect,17,03｜常用,v.,反映；反思,B 中高級核心,動詞,reflected,reflected,否,
5578,respective,17,03｜常用,,,B 擴充,,,,,
5579,rests,17,03｜常用,,,B 擴充,,,,,
5580,rewards,17,03｜常用,,,B 擴充,,,,,
5581,ridiculous,17,03｜常用,,,B 擴充,,,,,
5582,rings,17,03｜常用,,,B 擴充,,,,,
5583,robbery,17,03｜常用,,,B 擴充,,,,,
5584,rum,17,03｜常用,,,B 擴充,,,,,
5585,rustle,17,03｜常用,,,B 擴充,,,,,
5586,scent,17,03｜常用,,,B 擴充,,,,,
5587,schon,17,03｜常用,,,B 擴充,,,,,
5588,score,17,03｜常用,n.,分數,B 中高級核心,名詞,—,—,—,
5589,season,17,03｜常用,n.,季節,B 中高級核心,名詞,—,—,—,
5590,sedition,17,03｜常用,,,B 擴充,,,,,
5591,shouldn,17,03｜常用,,,B 擴充,,,,,
5592,sighing,17,03｜常用,,,B 擴充,,,,,
5593,significantly,17,03｜常用,,,B 擴充,,,,,
5594,sill,17,03｜常用,,,B 擴充,,,,,
5595,skirt,17,03｜常用,,,B 擴充,,,,,
5596,smoking,17,03｜常用,,,B 擴充,,,,,
5597,soaked,17,03｜常用,,,B 擴充,,,,,
5598,soda,17,03｜常用,,,B 擴充,,,,,
5599,souls,17,03｜常用,,,B 擴充,,,,,
5600,southwest,17,03｜常用,,,B 擴充,,,,,
5601,spasm,17,03｜常用,,,B 擴充,,,,,
5602,splint,17,03｜常用,,,B 擴充,,,,,
5603,springs,17,03｜常用,,,B 擴充,,,,,
5604,stitches,17,03｜常用,,,B 擴充,,,,,
5605,stockings,17,03｜常用,,,B 擴充,,,,,
5606,stocks,17,03｜常用,,,B 擴充,,,,,
5607,stooped,17,03｜常用,,,B 擴充,,,,,
5608,strictly,17,03｜常用,,,B 擴充,,,,,
5609,studied,17,03｜常用,,,B 擴充,,,,,
5610,successive,17,03｜常用,,,B 擴充,,,,,
5611,successor,17,03｜常用,,,B 擴充,,,,,
5612,suppressed,17,03｜常用,,,B 擴充,,,,,
5613,swinging,17,03｜常用,,,B 擴充,,,,,
5614,tales,17,03｜常用,,,B 擴充,,,,,
5615,tenderly,17,03｜常用,,,B 擴充,,,,,
5616,tingling,17,03｜常用,,,B 擴充,,,,,
5617,tolly,17,03｜常用,,,B 擴充,,,,,
5618,tories,17,03｜常用,,,B 擴充,,,,,
5619,tracks,17,03｜常用,,,B 擴充,,,,,
5620,trail,17,03｜常用,,,B 擴充,,,,,
5621,transverse,17,03｜常用,,,B 擴充,,,,,
5622,tribute,17,03｜常用,,,B 擴充,,,,,
5623,trick,17,03｜常用,,,B 擴充,,,,,
5624,troubled,17,03｜常用,,,B 擴充,,,,,
5625,truce,17,03｜常用,,,B 擴充,,,,,
5626,tutor,17,03｜常用,,,B 擴充,,,,,
5627,twitching,17,03｜常用,,,B 擴充,,,,,
5628,ulnar,17,03｜常用,,,B 擴充,,,,,
5629,uncertainty,17,03｜常用,,,B 擴充,,,,,
5630,vaccine,17,03｜常用,,,B 擴充,,,,,
5631,vanguard,17,03｜常用,,,B 擴充,,,,,
5632,venture,17,03｜常用,,,B 擴充,,,,,
5633,virgin,17,03｜常用,,,B 擴充,,,,,
5634,voluntary,17,03｜常用,,,B 擴充,,,,,
5635,wage,17,03｜常用,,,B 擴充,,,,,
5636,waist,17,03｜常用,,,B 擴充,,,,,
5637,wider,17,03｜常用,,,B 擴充,,,,,
5638,wiping,17,03｜常用,,,B 擴充,,,,,
5639,workmen,17,03｜常用,,,B 擴充,,,,,
5640,wrath,17,03｜常用,,,B 擴充,,,,,
5641,wrinkles,17,03｜常用,,,B 擴充,,,,,
5642,wrung,17,03｜常用,,,B 擴充,,,,,
5643,xix,17,03｜常用,,,B 擴充,,,,,
5644,yields,17,03｜常用,,,B 擴充,,,,,
5645,abuse,16,03｜常用,,,B 擴充,,,,,
5646,accomplish,16,03｜常用,v.,完成；達成,A 基礎必會,動詞,accomplished,accomplished,否,
5647,accordance,16,03｜常用,,,B 擴充,,,,,
5648,accurate,16,03｜常用,adj.,準確的,A 基礎必會,形容詞,—,—,—,
5649,adjusted,16,03｜常用,,,B 擴充,,,,,
5650,adler,16,03｜常用,,,B 擴充,,,,,
5651,adored,16,03｜常用,,,B 擴充,,,,,
5652,ages,16,03｜常用,,,B 擴充,,,,,
5653,amazed,16,03｜常用,,,B 擴充,,,,,
5654,ammunition,16,03｜常用,,,B 擴充,,,,,
5655,anisya,16,03｜常用,,,B 擴充,,,,,
5656,apparatus,16,03｜常用,,,B 擴充,,,,,
5657,argued,16,03｜常用,,,B 擴充,,,,,
5658,arising,16,03｜常用,,,B 擴充,,,,,
5659,aristocracy,16,03｜常用,,,B 擴充,,,,,
5660,arizona,16,03｜常用,,,B 擴充,,,,,
5661,arouse,16,03｜常用,,,B 擴充,,,,,
5662,attending,16,03｜常用,,,B 擴充,,,,,
5663,authorizing,16,03｜常用,,,B 擴充,,,,,
5664,awakened,16,03｜常用,,,B 擴充,,,,,
5665,banker,16,03｜常用,,,B 擴充,,,,,
5666,bewildered,16,03｜常用,,,B 擴充,,,,,
5667,blows,16,03｜常用,,,B 擴充,,,,,
5668,boracic,16,03｜常用,,,B 擴充,,,,,
5669,borrowed,16,03｜常用,,,B 擴充,,,,,
5670,boscombe,16,03｜常用,,,B 擴充,,,,,
5671,boxes,16,03｜常用,,,B 擴充,,,,,
5672,briefly,16,03｜常用,,,B 擴充,,,,,
5673,brighter,16,03｜常用,,,B 擴充,,,,,
5674,bursal,16,03｜常用,,,B 擴充,,,,,
5675,bursitis,16,03｜常用,,,B 擴充,,,,,
5676,bursting,16,03｜常用,,,B 擴充,,,,,
5677,channel,16,03｜常用,n.,頻道；管道,A 基礎必會,名詞,—,—,—,
5678,chill,16,03｜常用,,,B 擴充,,,,,
5679,christian,16,03｜常用,,,B 擴充,,,,,
5680,cicatrix,16,03｜常用,,,B 擴充,,,,,
5681,clash,16,03｜常用,,,B 擴充,,,,,
5682,commissioners,16,03｜常用,,,B 擴充,,,,,
5683,conceive,16,03｜常用,,,B 擴充,,,,,
5684,concerns,16,03｜常用,,,B 擴充,,,,,
5685,confirm,16,03｜常用,v.,確認,B 中高級核心,動詞,confirmed,confirmed,否,
5686,conservation,16,03｜常用,,,B 擴充,,,,,
5687,contused,16,03｜常用,,,B 擴充,,,,,
5688,convince,16,03｜常用,v.,說服,B 中高級核心,動詞,convinced,convinced,否,
5689,corners,16,03｜常用,,,B 擴充,,,,,
5690,costume,16,03｜常用,,,B 擴充,,,,,
5691,crackling,16,03｜常用,,,B 擴充,,,,,
5692,creation,16,03｜常用,,,B 擴充,,,,,
5693,customs,16,03｜常用,,,B 擴充,,,,,
5694,deceived,16,03｜常用,,,B 擴充,,,,,
5695,deliberate,16,03｜常用,,,B 擴充,,,,,
5696,derive,16,03｜常用,,,B 擴充,,,,,
5697,descending,16,03｜常用,,,B 擴充,,,,,
5698,describing,16,03｜常用,,,B 擴充,,,,,
5699,design,16,03｜常用,v./n.,設計,B 中高級核心,動詞；名詞,designed,designed,否,
5700,desirable,16,03｜常用,,,B 擴充,,,,,
5701,devices,16,03｜常用,,,B 擴充,,,,,
5702,dewey,16,03｜常用,,,B 擴充,,,,,
5703,diagnosed,16,03｜常用,,,B 擴充,,,,,
5704,diary,16,03｜常用,,,B 擴充,,,,,
5705,digital,16,03｜常用,adj.,數位的,A 基礎必會,形容詞,—,—,—,
5706,disaster,16,03｜常用,,,B 擴充,,,,,
5707,discussions,16,03｜常用,,,B 擴充,,,,,
5708,doorway,16,03｜常用,,,B 擴充,,,,,
5709,dreams,16,03｜常用,,,B 擴充,,,,,
5710,drugs,16,03｜常用,,,B 擴充,,,,,
5711,duly,16,03｜常用,,,B 擴充,,,,,
5712,dusty,16,03｜常用,,,B 擴充,,,,,
5713,educational,16,03｜常用,,,B 擴充,,,,,
5714,elevation,16,03｜常用,,,B 擴充,,,,,
5715,encountered,16,03｜常用,,,B 擴充,,,,,
5716,enters,16,03｜常用,,,B 擴充,,,,,
5717,epoch,16,03｜常用,,,B 擴充,,,,,
5718,errors,16,03｜常用,,,B 擴充,,,,,
5719,estimated,16,03｜常用,,,B 擴充,,,,,
5720,exercises,16,03｜常用,,,B 擴充,,,,,
5721,expensive,16,03｜常用,adj.,昂貴的,A 基礎必會,形容詞,—,—,—,
5722,expose,16,03｜常用,,,B 擴充,,,,,
5723,fedorovna,16,03｜常用,,,B 擴充,,,,,
5724,fewer,16,03｜常用,,,B 擴充,,,,,
5725,fibrin,16,03｜常用,,,B 擴充,,,,,
5726,fibrositis,16,03｜常用,,,B 擴充,,,,,
5727,flourished,16,03｜常用,,,B 擴充,,,,,
5728,fluids,16,03｜常用,,,B 擴充,,,,,
5729,foremost,16,03｜常用,,,B 擴充,,,,,
5730,forgiveness,16,03｜常用,,,B 擴充,,,,,
5731,fortunately,16,03｜常用,,,B 擴充,,,,,
5732,fragment,16,03｜常用,,,B 擴充,,,,,
5733,freed,16,03｜常用,,,B 擴充,,,,,
5734,freight,16,03｜常用,,,B 擴充,,,,,
5735,fringes,16,03｜常用,,,B 擴充,,,,,
5736,fro,16,03｜常用,,,B 擴充,,,,,
5737,gas,16,03｜常用,n.,氣體；汽油,A 基礎必會,名詞,—,—,—,
5738,glandular,16,03｜常用,,,B 擴充,,,,,
5739,glittered,16,03｜常用,,,B 擴充,,,,,
5740,globe,16,03｜常用,,,B 擴充,,,,,
5741,glove,16,03｜常用,,,B 擴充,,,,,
5742,governing,16,03｜常用,,,B 擴充,,,,,
5743,grandfather,16,03｜常用,,,B 擴充,,,,,
5744,guarantee,16,03｜常用,,,B 擴充,,,,,
5745,guerrilla,16,03｜常用,,,B 擴充,,,,,
5746,hanged,16,03｜常用,,,B 擴充,,,,,
5747,headache,16,03｜常用,,,B 擴充,,,,,
5748,healed,16,03｜常用,,,B 擴充,,,,,
5749,hesitating,16,03｜常用,,,B 擴充,,,,,
5750,honey,16,03｜常用,,,B 擴充,,,,,
5751,honour,16,03｜常用,,,B 擴充,,,,,
5752,horrified,16,03｜常用,,,B 擴充,,,,,
5753,humor,16,03｜常用,,,B 擴充,,,,,
5754,imagining,16,03｜常用,,,B 擴充,,,,,
5755,impatience,16,03｜常用,,,B 擴充,,,,,
5756,imperfect,16,03｜常用,,,B 擴充,,,,,
5757,impracticable,16,03｜常用,,,B 擴充,,,,,
5758,impulses,16,03｜常用,,,B 擴充,,,,,
5759,inaugurated,16,03｜常用,,,B 擴充,,,,,
5760,inauguration,16,03｜常用,,,B 擴充,,,,,
5761,incapable,16,03｜常用,,,B 擴充,,,,,
5762,inches,16,03｜常用,,,B 擴充,,,,,
5763,includes,16,03｜常用,,,B 擴充,,,,,
5764,indications,16,03｜常用,,,B 擴充,,,,,
5765,infinitely,16,03｜常用,,,B 擴充,,,,,
5766,inheritance,16,03｜常用,,,B 擴充,,,,,
5767,insidious,16,03｜常用,,,B 擴充,,,,,
5768,instructed,16,03｜常用,,,B 擴充,,,,,
5769,intestinal,16,03｜常用,,,B 擴充,,,,,
5770,involvement,16,03｜常用,,,B 擴充,,,,,
5771,ironically,16,03｜常用,,,B 擴充,,,,,
5772,irritable,16,03｜常用,,,B 擴充,,,,,
5773,jump,16,03｜常用,,,B 擴充,,,,,
5774,justification,16,03｜常用,,,B 擴充,,,,,
5775,karay,16,03｜常用,,,B 擴充,,,,,
5776,kindness,16,03｜常用,,,B 擴充,,,,,
5777,knot,16,03｜常用,,,B 擴充,,,,,
5778,kolocha,16,03｜常用,,,B 擴充,,,,,
5779,laminated,16,03｜常用,,,B 擴充,,,,,
5780,landowner,16,03｜常用,,,B 擴充,,,,,
5781,lasting,16,03｜常用,,,B 擴充,,,,,
5782,lawful,16,03｜常用,,,B 擴充,,,,,
5783,lawyer,16,03｜常用,n.,律師,B 中高級核心,名詞,—,—,—,
5784,lighted,16,03｜常用,,,B 擴充,,,,,
5785,lighting,16,03｜常用,,,B 擴充,,,,,
5786,literature,16,03｜常用,,,B 擴充,,,,,
5787,loyalty,16,03｜常用,,,B 擴充,,,,,
5788,manifestation,16,03｜常用,,,B 擴充,,,,,
5789,martial,16,03｜常用,,,B 擴充,,,,,
5790,menace,16,03｜常用,,,B 擴充,,,,,
5791,metallic,16,03｜常用,,,B 擴充,,,,,
5792,mitenka,16,03｜常用,,,B 擴充,,,,,
5793,montana,16,03｜常用,,,B 擴充,,,,,
5794,morris,16,03｜常用,,,B 擴充,,,,,
5795,murmur,16,03｜常用,,,B 擴充,,,,,
5796,napoleonic,16,03｜常用,,,B 擴充,,,,,
5797,navigation,16,03｜常用,,,B 擴充,,,,,
5798,neutrality,16,03｜常用,,,B 擴充,,,,,
5799,noticeable,16,03｜常用,,,B 擴充,,,,,
5800,notion,16,03｜常用,,,B 擴充,,,,,
5801,nutrition,16,03｜常用,,,B 擴充,,,,,
5802,occasions,16,03｜常用,,,B 擴充,,,,,
5803,openshaw,16,03｜常用,,,B 擴充,,,,,
5804,organ,16,03｜常用,,,B 擴充,,,,,
5805,orlov,16,03｜常用,,,B 擴充,,,,,
5806,outposts,16,03｜常用,,,B 擴充,,,,,
5807,overtook,16,03｜常用,,,B 擴充,,,,,
5808,painless,16,03｜常用,,,B 擴充,,,,,
5809,palate,16,03｜常用,,,B 擴充,,,,,
5810,paul,16,03｜常用,,,B 擴充,,,,,
5811,pelageya,16,03｜常用,,,B 擴充,,,,,
5812,penis,16,03｜常用,,,B 擴充,,,,,
5813,perforating,16,03｜常用,,,B 擴充,,,,,
5814,performance,16,03｜常用,,,B 擴充,,,,,
5815,personage,16,03｜常用,,,B 擴充,,,,,
5816,personality,16,03｜常用,,,B 擴充,,,,,
5817,pglaf,16,03｜常用,,,B 擴充,,,,,
5818,pharynx,16,03｜常用,,,B 擴充,,,,,
5819,pictured,16,03｜常用,,,B 擴充,,,,,
5820,pigment,16,03｜常用,,,B 擴充,,,,,
5821,pipes,16,03｜常用,,,B 擴充,,,,,
5822,pitch,16,03｜常用,,,B 擴充,,,,,
5823,planted,16,03｜常用,,,B 擴充,,,,,
5824,pondered,16,03｜常用,,,B 擴充,,,,,
5825,powdered,16,03｜常用,,,B 擴充,,,,,
5826,praise,16,03｜常用,,,B 擴充,,,,,
5827,presenting,16,03｜常用,,,B 擴充,,,,,
5828,prevailed,16,03｜常用,,,B 擴充,,,,,
5829,prevention,16,03｜常用,,,B 擴充,,,,,
5830,proposition,16,03｜常用,,,B 擴充,,,,,
5831,proprietors,16,03｜常用,,,B 擴充,,,,,
5832,pupils,16,03｜常用,,,B 擴充,,,,,
5833,que,16,03｜常用,,,B 擴充,,,,,
5834,quilt,16,03｜常用,,,B 擴充,,,,,
5835,quivered,16,03｜常用,,,B 擴充,,,,,
5836,railroad,16,03｜常用,,,B 擴充,,,,,
5837,receives,16,03｜常用,,,B 擴充,,,,,
5838,regards,16,03｜常用,,,B 擴充,,,,,
5839,regulate,16,03｜常用,,,B 擴充,,,,,
5840,released,16,03｜常用,,,B 擴充,,,,,
5841,reluctant,16,03｜常用,,,B 擴充,,,,,
5842,represent,16,03｜常用,v.,代表,B 中高級核心,動詞,represented,represented,否,
5843,reproached,16,03｜常用,,,B 擴充,,,,,
5844,reproachfully,16,03｜常用,,,B 擴充,,,,,
5845,rhodes,16,03｜常用,,,B 擴充,,,,,
5846,ribs,16,03｜常用,,,B 擴充,,,,,
5847,rider,16,03｜常用,,,B 擴充,,,,,
5848,sadness,16,03｜常用,,,B 擴充,,,,,
5849,sand,16,03｜常用,,,B 擴充,,,,,
5850,schoss,16,03｜常用,,,B 擴充,,,,,
5851,scotland,16,03｜常用,,,B 擴充,,,,,
5852,scraping,16,03｜常用,,,B 擴充,,,,,
5853,secrets,16,03｜常用,,,B 擴充,,,,,
5854,selling,16,03｜常用,,,B 擴充,,,,,
5855,semenovsk,16,03｜常用,,,B 擴充,,,,,
5856,serf,16,03｜常用,,,B 擴充,,,,,
5857,settling,16,03｜常用,,,B 擴充,,,,,
5858,shutters,16,03｜常用,,,B 擴充,,,,,
5859,sinister,16,03｜常用,,,B 擴充,,,,,
5860,sisters,16,03｜常用,,,B 擴充,,,,,
5861,skillful,16,03｜常用,,,B 擴充,,,,,
5862,sly,16,03｜常用,,,B 擴充,,,,,
5863,soothing,16,03｜常用,,,B 擴充,,,,,
5864,spectacle,16,03｜常用,,,B 擴充,,,,,
5865,stationary,16,03｜常用,,,B 擴充,,,,,
5866,stooping,16,03｜常用,,,B 擴充,,,,,
5867,succeed,16,03｜常用,,,B 擴充,,,,,
5868,summary,16,03｜常用,,,B 擴充,,,,,
5869,supporting,16,03｜常用,,,B 擴充,,,,,
5870,sweep,16,03｜常用,,,B 擴充,,,,,
5871,sweeping,16,03｜常用,,,B 擴充,,,,,
5872,symmetrical,16,03｜常用,,,B 擴充,,,,,
5873,syncope,16,03｜常用,,,B 擴充,,,,,
5874,tapping,16,03｜常用,,,B 擴充,,,,,
5875,tattered,16,03｜常用,,,B 擴充,,,,,
5876,tens,16,03｜常用,,,B 擴充,,,,,
5877,terrified,16,03｜常用,,,B 擴充,,,,,
5878,tested,16,03｜常用,,,B 擴充,,,,,
5879,thread,16,03｜常用,,,B 擴充,,,,,
5880,thrill,16,03｜常用,,,B 擴充,,,,,
5881,tilsit,16,03｜常用,,,B 擴充,,,,,
5882,tips,16,03｜常用,,,B 擴充,,,,,
5883,tonight,16,03｜常用,adv.,今晚,B 中高級核心,副詞,—,—,—,
5884,training,16,03｜常用,n.,訓練,B 中高級核心,名詞,—,—,—,
5885,transformation,16,03｜常用,,,B 擴充,,,,,
5886,trifles,16,03｜常用,,,B 擴充,,,,,
5887,triumphant,16,03｜常用,,,B 擴充,,,,,
5888,trusted,16,03｜常用,,,B 擴充,,,,,
5889,ultimate,16,03｜常用,,,B 擴充,,,,,
5890,unbroken,16,03｜常用,,,B 擴充,,,,,
5891,unconstitutional,16,03｜常用,,,B 擴充,,,,,
5892,undertake,16,03｜常用,,,B 擴充,,,,,
5893,undertaken,16,03｜常用,,,B 擴充,,,,,
5894,unseen,16,03｜常用,,,B 擴充,,,,,
5895,urging,16,03｜常用,,,B 擴充,,,,,
5896,uterus,16,03｜常用,,,B 擴充,,,,,
5897,variable,16,03｜常用,,,B 擴充,,,,,
5898,variations,16,03｜常用,,,B 擴充,,,,,
5899,vaska,16,03｜常用,,,B 擴充,,,,,
5900,veil,16,03｜常用,,,B 擴充,,,,,
5901,victorious,16,03｜常用,,,B 擴充,,,,,
5902,vile,16,03｜常用,,,B 擴充,,,,,
5903,violation,16,03｜常用,,,B 擴充,,,,,
5904,virulent,16,03｜常用,,,B 擴充,,,,,
5905,wasting,16,03｜常用,,,B 擴充,,,,,
5906,waves,16,03｜常用,,,B 擴充,,,,,
5907,winding,16,03｜常用,,,B 擴充,,,,,
5908,wives,16,03｜常用,,,B 擴充,,,,,
5909,worried,16,03｜常用,,,B 擴充,,,,,
5910,writer,16,03｜常用,n.,作家,B 中高級核心,名詞,—,—,—,
5911,youthful,16,03｜常用,,,B 擴充,,,,,
5912,znaim,16,03｜常用,,,B 擴充,,,,,
5913,abandonment,15,03｜常用,,,B 擴充,,,,,
5914,abundance,15,03｜常用,,,B 擴充,,,,,
5915,advisable,15,03｜常用,,,B 擴充,,,,,
5916,advocate,15,03｜常用,,,B 擴充,,,,,
5917,albany,15,03｜常用,,,B 擴充,,,,,
5918,altar,15,03｜常用,,,B 擴充,,,,,
5919,archduke,15,03｜常用,,,B 擴充,,,,,
5920,arises,15,03｜常用,,,B 擴充,,,,,
5921,aristocratic,15,03｜常用,,,B 擴充,,,,,
5922,asylum,15,03｜常用,,,B 擴充,,,,,
5923,awhile,15,03｜常用,,,B 擴充,,,,,
5924,awkwardly,15,03｜常用,,,B 擴充,,,,,
5925,bee,15,03｜常用,,,B 擴充,,,,,
5926,belongs,15,03｜常用,,,B 擴充,,,,,
5927,birds,15,03｜常用,,,B 擴充,,,,,
5928,bitterness,15,03｜常用,,,B 擴充,,,,,
5929,bladder,15,03｜常用,,,B 擴充,,,,,
5930,blowing,15,03｜常用,,,B 擴充,,,,,
5931,blunt,15,03｜常用,,,B 擴充,,,,,
5932,boards,15,03｜常用,,,B 擴充,,,,,
5933,bohemia,15,03｜常用,,,B 擴充,,,,,
5934,boiled,15,03｜常用,,,B 擴充,,,,,
5935,bondage,15,03｜常用,,,B 擴充,,,,,
5936,brandy,15,03｜常用,,,B 擴充,,,,,
5937,breckinridge,15,03｜常用,,,B 擴充,,,,,
5938,brightened,15,03｜常用,,,B 擴充,,,,,
5939,buying,15,03｜常用,,,B 擴充,,,,,
5940,causation,15,03｜常用,,,B 擴充,,,,,
5941,ceiling,15,03｜常用,,,B 擴充,,,,,
5942,characterized,15,03｜常用,,,B 擴充,,,,,
5943,cheap,15,03｜常用,adj.,便宜的,A 基礎必會,形容詞,—,—,—,
5944,chestnut,15,03｜常用,,,B 擴充,,,,,
5945,cigar,15,03｜常用,,,B 擴充,,,,,
5946,clause,15,03｜常用,,,B 擴充,,,,,
5947,climate,15,03｜常用,n.,氣候,A 基礎必會,名詞,—,—,—,
5948,commences,15,03｜常用,,,B 擴充,,,,,
5949,communicate,15,03｜常用,v.,溝通,B 中高級核心,動詞,communicated,communicated,否,
5950,condemning,15,03｜常用,,,B 擴充,,,,,
5951,constituted,15,03｜常用,,,B 擴充,,,,,
5952,continual,15,03｜常用,,,B 擴充,,,,,
5953,correspond,15,03｜常用,,,B 擴充,,,,,
5954,couch,15,03｜常用,,,B 擴充,,,,,
5955,counter,15,03｜常用,,,B 擴充,,,,,
5956,counting,15,03｜常用,,,B 擴充,,,,,
5957,craft,15,03｜常用,,,B 擴充,,,,,
5958,criminals,15,03｜常用,,,B 擴充,,,,,
5959,dangers,15,03｜常用,,,B 擴充,,,,,
5960,daylight,15,03｜常用,,,B 擴充,,,,,
5961,debates,15,03｜常用,,,B 擴充,,,,,
5962,deepest,15,03｜常用,,,B 擴充,,,,,
5963,descent,15,03｜常用,,,B 擴充,,,,,
5964,deserved,15,03｜常用,,,B 擴充,,,,,
5965,designs,15,03｜常用,,,B 擴充,,,,,
5966,detachments,15,03｜常用,,,B 擴充,,,,,
5967,differ,15,03｜常用,,,B 擴充,,,,,
5968,differentiated,15,03｜常用,,,B 擴充,,,,,
5969,diffused,15,03｜常用,,,B 擴充,,,,,
5970,dinners,15,03｜常用,,,B 擴充,,,,,
5971,disagreeable,15,03｜常用,,,B 擴充,,,,,
5972,disastrous,15,03｜常用,,,B 擴充,,,,,
5973,discomfort,15,03｜常用,,,B 擴充,,,,,
5974,displaying,15,03｜常用,,,B 擴充,,,,,
5975,dissensions,15,03｜常用,,,B 擴充,,,,,
5976,distended,15,03｜常用,,,B 擴充,,,,,
5977,disturb,15,03｜常用,,,B 擴充,,,,,
5978,dorsal,15,03｜常用,,,B 擴充,,,,,
5979,dug,15,03｜常用,,,B 擴充,,,,,
5980,elicited,15,03｜常用,,,B 擴充,,,,,
5981,embracing,15,03｜常用,,,B 擴充,,,,,
5982,employer,15,03｜常用,n.,雇主,A 基礎必會,名詞,—,—,—,
5983,entitled,15,03｜常用,,,B 擴充,,,,,
5984,equivalent,15,03｜常用,,,B 擴充,,,,,
5985,evolution,15,03｜常用,,,B 擴充,,,,,
5986,exceptions,15,03｜常用,,,B 擴充,,,,,
5987,exchanging,15,03｜常用,,,B 擴充,,,,,
5988,expressions,15,03｜常用,,,B 擴充,,,,,
5989,fame,15,03｜常用,,,B 擴充,,,,,
5990,fashioned,15,03｜常用,,,B 擴充,,,,,
5991,feeding,15,03｜常用,,,B 擴充,,,,,
5992,fees,15,03｜常用,,,B 擴充,,,,,
5993,feudal,15,03｜常用,,,B 擴充,,,,,
5994,fibula,15,03｜常用,,,B 擴充,,,,,
5995,fiercely,15,03｜常用,,,B 擴充,,,,,
5996,finances,15,03｜常用,,,B 擴充,,,,,
5997,fixedly,15,03｜常用,,,B 擴充,,,,,
5998,flame,15,03｜常用,,,B 擴充,,,,,
5999,flushing,15,03｜常用,,,B 擴充,,,,,
6000,folds,15,03｜常用,,,B 擴充,,,,,
6001,footing,15,04｜擴充,,,B 擴充,,,,,
6002,forceps,15,04｜擴充,,,B 擴充,,,,,
6003,fraud,15,04｜擴充,,,B 擴充,,,,,
6004,freedmen,15,04｜擴充,,,B 擴充,,,,,
6005,futile,15,04｜擴充,,,B 擴充,,,,,
6006,gems,15,04｜擴充,,,B 擴充,,,,,
6007,genuine,15,04｜擴充,,,B 擴充,,,,,
6008,gleamed,15,04｜擴充,,,B 擴充,,,,,
6009,grains,15,04｜擴充,,,B 擴充,,,,,
6010,greatcoat,15,04｜擴充,,,B 擴充,,,,,
6011,grievances,15,04｜擴充,,,B 擴充,,,,,
6012,groaned,15,04｜擴充,,,B 擴充,,,,,
6013,gummata,15,04｜擴充,,,B 擴充,,,,,
6014,hairs,15,04｜擴充,,,B 擴充,,,,,
6015,harmony,15,04｜擴充,,,B 擴充,,,,,
6016,hawaii,15,04｜擴充,,,B 擴充,,,,,
6017,heartily,15,04｜擴充,,,B 擴充,,,,,
6018,heated,15,04｜擴充,,,B 擴充,,,,,
6019,heed,15,04｜擴充,,,B 擴充,,,,,
6020,herd,15,04｜擴充,,,B 擴充,,,,,
6021,hudson,15,04｜擴充,,,B 擴充,,,,,
6022,hutchinson,15,04｜擴充,,,B 擴充,,,,,
6023,impatient,15,04｜擴充,,,B 擴充,,,,,
6024,impatiently,15,04｜擴充,,,B 擴充,,,,,
6025,implied,15,04｜擴充,,,B 擴充,,,,,
6026,inch,15,04｜擴充,,,B 擴充,,,,,
6027,instituted,15,04｜擴充,,,B 擴充,,,,,
6028,intelligence,15,04｜擴充,,,B 擴充,,,,,
6029,invalid,15,04｜擴充,,,B 擴充,,,,,
6030,ireland,15,04｜擴充,,,B 擴充,,,,,
6031,irregularly,15,04｜擴充,,,B 擴充,,,,,
6032,joys,15,04｜擴充,,,B 擴充,,,,,
6033,landed,15,04｜擴充,,,B 擴充,,,,,
6034,launched,15,04｜擴充,,,B 擴充,,,,,
6035,legitimate,15,04｜擴充,,,B 擴充,,,,,
6036,lucky,15,04｜擴充,adj.,幸運的,B 中高級核心,形容詞,—,—,—,
6037,magnanimity,15,04｜擴充,,,B 擴充,,,,,
6038,maiden,15,04｜擴充,,,B 擴充,,,,,
6039,maintaining,15,04｜擴充,,,B 擴充,,,,,
6040,manifesto,15,04｜擴充,,,B 擴充,,,,,
6041,mayor,15,04｜擴充,,,B 擴充,,,,,
6042,meal,15,04｜擴充,n.,一餐,B 中高級核心,名詞,—,—,—,
6043,meat,15,04｜擴充,,,B 擴充,,,,,
6044,medulla,15,04｜擴充,,,B 擴充,,,,,
6045,misfortunes,15,04｜擴充,,,B 擴充,,,,,
6046,mistakes,15,04｜擴充,,,B 擴充,,,,,
6047,mobility,15,04｜擴充,,,B 擴充,,,,,
6048,mole,15,04｜擴充,,,B 擴充,,,,,
6049,monopoly,15,04｜擴充,,,B 擴充,,,,,
6050,morbid,15,04｜擴充,,,B 擴充,,,,,
6051,neutral,15,04｜擴充,,,B 擴充,,,,,
6052,notably,15,04｜擴充,,,B 擴充,,,,,
6053,oats,15,04｜擴充,,,B 擴充,,,,,
6054,oklahoma,15,04｜擴充,,,B 擴充,,,,,
6055,online,15,04｜擴充,adj./adv.,線上的,B 中高級核心,形容詞；副詞,—,—,—,
6056,outstanding,15,04｜擴充,,,B 擴充,,,,,
6057,pa,15,04｜擴充,,,B 擴充,,,,,
6058,park,15,04｜擴充,n.,公園,B 中高級核心,名詞,—,—,—,
6059,patriots,15,04｜擴充,,,B 擴充,,,,,
6060,performing,15,04｜擴充,,,B 擴充,,,,,
6061,peritoneal,15,04｜擴充,,,B 擴充,,,,,
6062,persistence,15,04｜擴充,,,B 擴充,,,,,
6063,perspiring,15,04｜擴充,,,B 擴充,,,,,
6064,petitions,15,04｜擴充,,,B 擴充,,,,,
6065,physiological,15,04｜擴充,,,B 擴充,,,,,
6066,picking,15,04｜擴充,,,B 擴充,,,,,
6067,pit,15,04｜擴充,,,B 擴充,,,,,
6068,pitiful,15,04｜擴充,,,B 擴充,,,,,
6069,pitt,15,04｜擴充,,,B 擴充,,,,,
6070,planned,15,04｜擴充,,,B 擴充,,,,,
6071,planning,15,04｜擴充,,,B 擴充,,,,,
6072,plates,15,04｜擴充,,,B 擴充,,,,,
6073,pleasantly,15,04｜擴充,,,B 擴充,,,,,
6074,plunged,15,04｜擴充,,,B 擴充,,,,,
6075,possessions,15,04｜擴充,,,B 擴充,,,,,
6076,prayers,15,04｜擴充,,,B 擴充,,,,,
6077,pre,15,04｜擴充,,,B 擴充,,,,,
6078,presidents,15,04｜擴充,,,B 擴充,,,,,
6079,pretending,15,04｜擴充,,,B 擴充,,,,,
6080,prevents,15,04｜擴充,,,B 擴充,,,,,
6081,printing,15,04｜擴充,,,B 擴充,,,,,
6082,probe,15,04｜擴充,,,B 擴充,,,,,
6083,promises,15,04｜擴充,,,B 擴充,,,,,
6084,proposals,15,04｜擴充,,,B 擴充,,,,,
6085,proving,15,04｜擴充,,,B 擴充,,,,,
6086,proximity,15,04｜擴充,,,B 擴充,,,,,
6087,pulsating,15,04｜擴充,,,B 擴充,,,,,
6088,purchased,15,04｜擴充,,,B 擴充,,,,,
6089,pustule,15,04｜擴充,,,B 擴充,,,,,
6090,quantities,15,04｜擴充,,,B 擴充,,,,,
6091,queer,15,04｜擴充,,,B 擴充,,,,,
6092,quest,15,04｜擴充,,,B 擴充,,,,,
6093,ranges,15,04｜擴充,,,B 擴充,,,,,
6094,realizing,15,04｜擴充,,,B 擴充,,,,,
6095,reddish,15,04｜擴充,,,B 擴充,,,,,
6096,reliance,15,04｜擴充,,,B 擴充,,,,,
6097,rep,15,04｜擴充,,,B 擴充,,,,,
6098,reserved,15,04｜擴充,,,B 擴充,,,,,
6099,respecting,15,04｜擴充,,,B 擴充,,,,,
6100,reveal,15,04｜擴充,,,B 擴充,,,,,
6101,rival,15,04｜擴充,,,B 擴充,,,,,
6102,rope,15,04｜擴充,,,B 擴充,,,,,
6103,rubbish,15,04｜擴充,,,B 擴充,,,,,
6104,ruble,15,04｜擴充,,,B 擴充,,,,,
6105,rude,15,04｜擴充,,,B 擴充,,,,,
6106,saint,15,04｜擴充,,,B 擴充,,,,,
6107,satisfy,15,04｜擴充,,,B 擴充,,,,,
6108,sciences,15,04｜擴充,,,B 擴充,,,,,
6109,screwed,15,04｜擴充,,,B 擴充,,,,,
6110,seal,15,04｜擴充,,,B 擴充,,,,,
6111,sealed,15,04｜擴充,,,B 擴充,,,,,
6112,sectional,15,04｜擴充,,,B 擴充,,,,,
6113,seed,15,04｜擴充,,,B 擴充,,,,,
6114,seizure,15,04｜擴充,,,B 擴充,,,,,
6115,separately,15,04｜擴充,,,B 擴充,,,,,
6116,separates,15,04｜擴充,,,B 擴充,,,,,
6117,septicaemia,15,04｜擴充,,,B 擴充,,,,,
6118,sergey,15,04｜擴充,,,B 擴充,,,,,
6119,serves,15,04｜擴充,,,B 擴充,,,,,
6120,shaggy,15,04｜擴充,,,B 擴充,,,,,
6121,shan,15,04｜擴充,,,B 擴充,,,,,
6122,shoot,15,04｜擴充,,,B 擴充,,,,,
6123,singers,15,04｜擴充,,,B 擴充,,,,,
6124,skiagrams,15,04｜擴充,,,B 擴充,,,,,
6125,sleepless,15,04｜擴充,,,B 擴充,,,,,
6126,sloughing,15,04｜擴充,,,B 擴充,,,,,
6127,snatched,15,04｜擴充,,,B 擴充,,,,,
6128,sparkling,15,04｜擴充,,,B 擴充,,,,,
6129,spinning,15,04｜擴充,,,B 擴充,,,,,
6130,spirochaete,15,04｜擴充,,,B 擴充,,,,,
6131,split,15,04｜擴充,,,B 擴充,,,,,
6132,spores,15,04｜擴充,,,B 擴充,,,,,
6133,stillness,15,04｜擴充,,,B 擴充,,,,,
6134,stimulated,15,04｜擴充,,,B 擴充,,,,,
6135,strangers,15,04｜擴充,,,B 擴充,,,,,
6136,stretch,15,04｜擴充,,,B 擴充,,,,,
6137,strip,15,04｜擴充,,,B 擴充,,,,,
6138,stripped,15,04｜擴充,,,B 擴充,,,,,
6139,struggled,15,04｜擴充,,,B 擴充,,,,,
6140,suited,15,04｜擴充,,,B 擴充,,,,,
6141,surgeons,15,04｜擴充,,,B 擴充,,,,,
6142,surprising,15,04｜擴充,,,B 擴充,,,,,
6143,sustain,15,04｜擴充,,,B 擴充,,,,,
6144,talks,15,04｜擴充,,,B 擴充,,,,,
6145,tendencies,15,04｜擴充,,,B 擴充,,,,,
6146,termed,15,04｜擴充,,,B 擴充,,,,,
6147,thickness,15,04｜擴充,,,B 擴充,,,,,
6148,tie,15,04｜擴充,,,B 擴充,,,,,
6149,tilled,15,04｜擴充,,,B 擴充,,,,,
6150,timber,15,04｜擴充,,,B 擴充,,,,,
6151,toller,15,04｜擴充,,,B 擴充,,,,,
6152,traitors,15,04｜擴充,,,B 擴充,,,,,
6153,transaction,15,04｜擴充,,,B 擴充,,,,,
6154,trodden,15,04｜擴充,,,B 擴充,,,,,
6155,tune,15,04｜擴充,,,B 擴充,,,,,
6156,twitched,15,04｜擴充,,,B 擴充,,,,,
6157,tyler,15,04｜擴充,,,B 擴充,,,,,
6158,ulcerated,15,04｜擴充,,,B 擴充,,,,,
6159,unchanged,15,04｜擴充,,,B 擴充,,,,,
6160,uneasy,15,04｜擴充,,,B 擴充,,,,,
6161,uniting,15,04｜擴充,,,B 擴充,,,,,
6162,vaguely,15,04｜擴充,,,B 擴充,,,,,
6163,valued,15,04｜擴充,,,B 擴充,,,,,
6164,venezuela,15,04｜擴充,,,B 擴充,,,,,
6165,virtuous,15,04｜擴充,,,B 擴充,,,,,
6166,wandered,15,04｜擴充,,,B 擴充,,,,,
6167,warrant,15,04｜擴充,,,B 擴充,,,,,
6168,warts,15,04｜擴充,,,B 擴充,,,,,
6169,wattle,15,04｜擴充,,,B 擴充,,,,,
6170,whoever,15,04｜擴充,,,B 擴充,,,,,
6171,wholly,15,04｜擴充,,,B 擴充,,,,,
6172,wicked,15,04｜擴充,,,B 擴充,,,,,
6173,wilderness,15,04｜擴充,,,B 擴充,,,,,
6174,wit,15,04｜擴充,,,B 擴充,,,,,
6175,wondered,15,04｜擴充,,,B 擴充,,,,,
6176,wondering,15,04｜擴充,,,B 擴充,,,,,
6177,woolen,15,04｜擴充,,,B 擴充,,,,,
6178,writ,15,04｜擴充,,,B 擴充,,,,,
6179,yielded,15,04｜擴充,,,B 擴充,,,,,
6180,ability,14,04｜擴充,n.,能力,A 基礎必會,名詞,—,—,—,
6181,acquisition,14,04｜擴充,,,B 擴充,,,,,
6182,actively,14,04｜擴充,,,B 擴充,,,,,
6183,admirable,14,04｜擴充,,,B 擴充,,,,,
6184,admiration,14,04｜擴充,,,B 擴充,,,,,
6185,akin,14,04｜擴充,,,B 擴充,,,,,
6186,alternative,14,04｜擴充,,,B 擴充,,,,,
6187,amuse,14,04｜擴充,,,B 擴充,,,,,
6188,apartments,14,04｜擴充,,,B 擴充,,,,,
6189,ardent,14,04｜擴充,,,B 擴充,,,,,
6190,arresting,14,04｜擴充,,,B 擴充,,,,,
6191,ascended,14,04｜擴充,,,B 擴充,,,,,
6192,assented,14,04｜擴充,,,B 擴充,,,,,
6193,attachment,14,04｜擴充,,,B 擴充,,,,,
6194,bags,14,04｜擴充,,,B 擴充,,,,,
6195,bandages,14,04｜擴充,,,B 擴充,,,,,
6196,bayonets,14,04｜擴充,,,B 擴充,,,,,
6197,berthier,14,04｜擴充,,,B 擴充,,,,,
6198,betrayed,14,04｜擴充,,,B 擴充,,,,,
6199,bitterly,14,04｜擴充,,,B 擴充,,,,,
6200,block,14,04｜擴充,,,B 擴充,,,,,
6201,bloody,14,04｜擴充,,,B 擴充,,,,,
6202,bogdanich,14,04｜擴充,,,B 擴充,,,,,
6203,boom,14,04｜擴充,,,B 擴充,,,,,
6204,bottles,14,04｜擴充,,,B 擴充,,,,,
6205,boundaries,14,04｜擴充,,,B 擴充,,,,,
6206,braunau,14,04｜擴充,,,B 擴充,,,,,
6207,brick,14,04｜擴充,,,B 擴充,,,,,
6208,brodie,14,04｜擴充,,,B 擴充,,,,,
6209,brownish,14,04｜擴充,,,B 擴充,,,,,
6210,butler,14,04｜擴充,,,B 擴充,,,,,
6211,button,14,04｜擴充,,,B 擴充,,,,,
6212,calcaneus,14,04｜擴充,,,B 擴充,,,,,
6213,cardiac,14,04｜擴充,,,B 擴充,,,,,
6214,cared,14,04｜擴充,,,B 擴充,,,,,
6215,careless,14,04｜擴充,,,B 擴充,,,,,
6216,carelessly,14,04｜擴充,,,B 擴充,,,,,
6217,castle,14,04｜擴充,,,B 擴充,,,,,
6218,chains,14,04｜擴充,,,B 擴充,,,,,
6219,channels,14,04｜擴充,,,B 擴充,,,,,
6220,characteristics,14,04｜擴充,,,B 擴充,,,,,
6221,cherished,14,04｜擴充,,,B 擴充,,,,,
6222,choked,14,04｜擴充,,,B 擴充,,,,,
6223,chondromas,14,04｜擴充,,,B 擴充,,,,,
6224,citizenship,14,04｜擴充,,,B 擴充,,,,,
6225,clad,14,04｜擴充,,,B 擴充,,,,,
6226,classification,14,04｜擴充,,,B 擴充,,,,,
6227,clutching,14,04｜擴充,,,B 擴充,,,,,
6228,commissariat,14,04｜擴充,,,B 擴充,,,,,
6229,commonplace,14,04｜擴充,,,B 擴充,,,,,
6230,communicated,14,04｜擴充,,,B 擴充,,,,,
6231,complain,14,04｜擴充,v.,抱怨,B 中高級核心,動詞,complained,complained,否,
6232,concessions,14,04｜擴充,,,B 擴充,,,,,
6233,conclusions,14,04｜擴充,,,B 擴充,,,,,
6234,confederates,14,04｜擴充,,,B 擴充,,,,,
6235,confer,14,04｜擴充,,,B 擴充,,,,,
6236,confession,14,04｜擴充,,,B 擴充,,,,,
6237,conspiracy,14,04｜擴充,,,B 擴充,,,,,
6238,contaminated,14,04｜擴充,,,B 擴充,,,,,
6239,controversies,14,04｜擴充,,,B 擴充,,,,,
6240,convincing,14,04｜擴充,,,B 擴充,,,,,
6241,copying,14,04｜擴充,,,B 擴充,,,,,
6242,corrected,14,04｜擴充,,,B 擴充,,,,,
6243,cough,14,04｜擴充,,,B 擴充,,,,,
6244,cream,14,04｜擴充,,,B 擴充,,,,,
6245,cyril,14,04｜擴充,,,B 擴充,,,,,
6246,dashing,14,04｜擴充,,,B 擴充,,,,,
6247,decade,14,04｜擴充,n.,十年,A 基礎必會,名詞,—,—,—,
6248,decorations,14,04｜擴充,,,B 擴充,,,,,
6249,deduce,14,04｜擴充,,,B 擴充,,,,,
6250,deeds,14,04｜擴充,,,B 擴充,,,,,
6251,deemed,14,04｜擴充,,,B 擴充,,,,,
6252,deltoid,14,04｜擴充,,,B 擴充,,,,,
6253,demarcation,14,04｜擴充,,,B 擴充,,,,,
6254,determining,14,04｜擴充,,,B 擴充,,,,,
6255,develops,14,04｜擴充,,,B 擴充,,,,,
6256,diaphysis,14,04｜擴充,,,B 擴充,,,,,
6257,differences,14,04｜擴充,,,B 擴充,,,,,
6258,diminishing,14,04｜擴充,,,B 擴充,,,,,
6259,dine,14,04｜擴充,,,B 擴充,,,,,
6260,director,14,04｜擴充,n.,主管；導演,A 基礎必會,名詞,—,—,—,
6261,dirt,14,04｜擴充,,,B 擴充,,,,,
6262,disgust,14,04｜擴充,,,B 擴充,,,,,
6263,disorders,14,04｜擴充,,,B 擴充,,,,,
6264,dissemination,14,04｜擴充,,,B 擴充,,,,,
6265,disturbances,14,04｜擴充,,,B 擴充,,,,,
6266,divide,14,04｜擴充,v.,分開；除以,B 中高級核心,動詞,divided,divided,否,
6267,doctrines,14,04｜擴充,,,B 擴充,,,,,
6268,donate,14,04｜擴充,,,B 擴充,,,,,
6269,downcast,14,04｜擴充,,,B 擴充,,,,,
6270,drowned,14,04｜擴充,,,B 擴充,,,,,
6271,ed,14,04｜擴充,,,B 擴充,,,,,
6272,egg,14,04｜擴充,n.,蛋,A 基礎必會,名詞,—,—,—,
6273,enabled,14,04｜擴充,,,B 擴充,,,,,
6274,endothelium,14,04｜擴充,,,B 擴充,,,,,
6275,endowed,14,04｜擴充,,,B 擴充,,,,,
6276,engrossed,14,04｜擴充,,,B 擴充,,,,,
6277,enlarge,14,04｜擴充,,,B 擴充,,,,,
6278,ensure,14,04｜擴充,,,B 擴充,,,,,
6279,enumerate,14,04｜擴充,,,B 擴充,,,,,
6280,envy,14,04｜擴充,,,B 擴充,,,,,
6281,erected,14,04｜擴充,,,B 擴充,,,,,
6282,erie,14,04｜擴充,,,B 擴充,,,,,
6283,everyday,14,04｜擴充,,,B 擴充,,,,,
6284,exceeded,14,04｜擴充,,,B 擴充,,,,,
6285,exclude,14,04｜擴充,,,B 擴充,,,,,
6286,exostoses,14,04｜擴充,,,B 擴充,,,,,
6287,experiments,14,04｜擴充,,,B 擴充,,,,,
6288,export,14,04｜擴充,,,B 擴充,,,,,
6289,exposing,14,04｜擴充,,,B 擴充,,,,,
6290,extravasated,14,04｜擴充,,,B 擴充,,,,,
6291,fancied,14,04｜擴充,,,B 擴充,,,,,
6292,fancies,14,04｜擴充,,,B 擴充,,,,,
6293,fibro,14,04｜擴充,,,B 擴充,,,,,
6294,fibrosa,14,04｜擴充,,,B 擴充,,,,,
6295,fiske,14,04｜擴充,,,B 擴充,,,,,
6296,fits,14,04｜擴充,,,B 擴充,,,,,
6297,flood,14,04｜擴充,,,B 擴充,,,,,
6298,flour,14,04｜擴充,,,B 擴充,,,,,
6299,flowers,14,04｜擴充,,,B 擴充,,,,,
6300,fortified,14,04｜擴充,,,B 擴充,,,,,
6301,fourths,14,04｜擴充,,,B 擴充,,,,,
6302,francisco,14,04｜擴充,,,B 擴充,,,,,
6303,fruits,14,04｜擴充,,,B 擴充,,,,,
6304,fund,14,04｜擴充,n.,基金,A 基礎必會,名詞,—,—,—,
6305,gaiety,14,04｜擴充,,,B 擴充,,,,,
6306,gaining,14,04｜擴充,,,B 擴充,,,,,
6307,glowing,14,04｜擴充,,,B 擴充,,,,,
6308,gospel,14,04｜擴充,,,B 擴充,,,,,
6309,govern,14,04｜擴充,,,B 擴充,,,,,
6310,governess,14,04｜擴充,,,B 擴充,,,,,
6311,grabern,14,04｜擴充,,,B 擴充,,,,,
6312,grasping,14,04｜擴充,,,B 擴充,,,,,
6313,greyish,14,04｜擴充,,,B 擴充,,,,,
6314,groans,14,04｜擴充,,,B 擴充,,,,,
6315,guilt,14,04｜擴充,,,B 擴充,,,,,
6316,gut,14,04｜擴充,,,B 擴充,,,,,
6317,haemorrhages,14,04｜擴充,,,B 擴充,,,,,
6318,hairy,14,04｜擴充,,,B 擴充,,,,,
6319,handful,14,04｜擴充,,,B 擴充,,,,,
6320,handing,14,04｜擴充,,,B 擴充,,,,,
6321,handling,14,04｜擴充,,,B 擴充,,,,,
6322,hereditary,14,04｜擴充,,,B 擴充,,,,,
6323,hinder,14,04｜擴充,,,B 擴充,,,,,
6324,homesteads,14,04｜擴充,,,B 擴充,,,,,
6325,hood,14,04｜擴充,,,B 擴充,,,,,
6326,humiliating,14,04｜擴充,,,B 擴充,,,,,
6327,huntsmen,14,04｜擴充,,,B 擴充,,,,,
6328,impossibility,14,04｜擴充,,,B 擴充,,,,,
6329,inability,14,04｜擴充,,,B 擴充,,,,,
6330,incidents,14,04｜擴充,,,B 擴充,,,,,
6331,indirectly,14,04｜擴充,,,B 擴充,,,,,
6332,ink,14,04｜擴充,,,B 擴充,,,,,
6333,instinctively,14,04｜擴充,,,B 擴充,,,,,
6334,interpreter,14,04｜擴充,,,B 擴充,,,,,
6335,irrepressible,14,04｜擴充,,,B 擴充,,,,,
6336,irritating,14,04｜擴充,,,B 擴充,,,,,
6337,ivory,14,04｜擴充,,,B 擴充,,,,,
6338,japanese,14,04｜擴充,,,B 擴充,,,,,
6339,jerked,14,04｜擴充,,,B 擴充,,,,,
6340,keenly,14,04｜擴充,,,B 擴充,,,,,
6341,keloid,14,04｜擴充,,,B 擴充,,,,,
6342,klapp,14,04｜擴充,,,B 擴充,,,,,
6343,knit,14,04｜擴充,,,B 擴充,,,,,
6344,krems,14,04｜擴充,,,B 擴充,,,,,
6345,kuzmich,14,04｜擴充,,,B 擴充,,,,,
6346,lacking,14,04｜擴充,,,B 擴充,,,,,
6347,landlord,14,04｜擴充,,,B 擴充,,,,,
6348,lantern,14,04｜擴充,,,B 擴充,,,,,
6349,latent,14,04｜擴充,,,B 擴充,,,,,
6350,lawn,14,04｜擴充,,,B 擴充,,,,,
6351,lid,14,04｜擴充,,,B 擴充,,,,,
6352,livid,14,04｜擴充,,,B 擴充,,,,,
6353,locality,14,04｜擴充,,,B 擴充,,,,,
6354,longus,14,04｜擴充,,,B 擴充,,,,,
6355,lumber,14,04｜擴充,,,B 擴充,,,,,
6356,metivier,14,04｜擴充,,,B 擴充,,,,,
6357,ministry,14,04｜擴充,,,B 擴充,,,,,
6358,monarchs,14,04｜擴充,,,B 擴充,,,,,
6359,morose,14,04｜擴充,,,B 擴充,,,,,
6360,mortal,14,04｜擴充,,,B 擴充,,,,,
6361,motives,14,04｜擴充,,,B 擴充,,,,,
6362,mustn,14,04｜擴充,,,B 擴充,,,,,
6363,natalie,14,04｜擴充,,,B 擴充,,,,,
6364,neglect,14,04｜擴充,,,B 擴充,,,,,
6365,neighbouring,14,04｜擴充,,,B 擴充,,,,,
6366,nodular,14,04｜擴充,,,B 擴充,,,,,
6367,nomination,14,04｜擴充,,,B 擴充,,,,,
6368,nourished,14,04｜擴充,,,B 擴充,,,,,
6369,obedience,14,04｜擴充,,,B 擴充,,,,,
6370,obliteration,14,04｜擴充,,,B 擴充,,,,,
6371,ocean,14,04｜擴充,,,B 擴充,,,,,
6372,offers,14,04｜擴充,,,B 擴充,,,,,
6373,oppose,14,04｜擴充,,,B 擴充,,,,,
6374,orderlies,14,04｜擴充,,,B 擴充,,,,,
6375,ordinance,14,04｜擴充,,,B 擴充,,,,,
6376,organizations,14,04｜擴充,,,B 擴充,,,,,
6377,outbreak,14,04｜擴充,,,B 擴充,,,,,
6378,outburst,14,04｜擴充,,,B 擴充,,,,,
6379,owed,14,04｜擴充,,,B 擴充,,,,,
6380,pamphlets,14,04｜擴充,,,B 擴充,,,,,
6381,participation,14,04｜擴充,,,B 擴充,,,,,
6382,patch,14,04｜擴充,,,B 擴充,,,,,
6383,patted,14,04｜擴充,,,B 擴充,,,,,
6384,paulucci,14,04｜擴充,,,B 擴充,,,,,
6385,pea,14,04｜擴充,,,B 擴充,,,,,
6386,peculiarly,14,04｜擴充,,,B 擴充,,,,,
6387,penn,14,04｜擴充,,,B 擴充,,,,,
6388,perceive,14,04｜擴充,,,B 擴充,,,,,
6389,perceptible,14,04｜擴充,,,B 擴充,,,,,
6390,perfection,14,04｜擴充,,,B 擴充,,,,,
6391,peronskaya,14,04｜擴充,,,B 擴充,,,,,
6392,personages,14,04｜擴充,,,B 擴充,,,,,
6393,persuade,14,04｜擴充,,,B 擴充,,,,,
6394,persuaded,14,04｜擴充,,,B 擴充,,,,,
6395,philippine,14,04｜擴充,,,B 擴充,,,,,
6396,phrases,14,04｜擴充,,,B 擴充,,,,,
6397,piercing,14,04｜擴充,,,B 擴充,,,,,
6398,pigmentation,14,04｜擴充,,,B 擴充,,,,,
6399,pillows,14,04｜擴充,,,B 擴充,,,,,
6400,piteous,14,04｜擴充,,,B 擴充,,,,,
6401,pitied,14,04｜擴充,,,B 擴充,,,,,
6402,pneumonia,14,04｜擴充,,,B 擴充,,,,,
6403,polk,14,04｜擴充,,,B 擴充,,,,,
6404,potassium,14,04｜擴充,,,B 擴充,,,,,
6405,powerless,14,04｜擴充,,,B 擴充,,,,,
6406,precautions,14,04｜擴充,,,B 擴充,,,,,
6407,precision,14,04｜擴充,,,B 擴充,,,,,
6408,prey,14,04｜擴充,,,B 擴充,,,,,
6409,priests,14,04｜擴充,,,B 擴充,,,,,
6410,privilege,14,04｜擴充,,,B 擴充,,,,,
6411,prompt,14,04｜擴充,,,B 擴充,,,,,
6412,proofs,14,04｜擴充,,,B 擴充,,,,,
6413,puzzled,14,04｜擴充,,,B 擴充,,,,,
6414,quit,14,04｜擴充,,,B 擴充,,,,,
6415,ragged,14,04｜擴充,,,B 擴充,,,,,
6416,rapture,14,04｜擴充,,,B 擴充,,,,,
6417,regain,14,04｜擴充,,,B 擴充,,,,,
6418,relaxed,14,04｜擴充,,,B 擴充,,,,,
6419,remorse,14,04｜擴充,,,B 擴充,,,,,
6420,rendering,14,04｜擴充,,,B 擴充,,,,,
6421,renew,14,04｜擴充,,,B 擴充,,,,,
6422,rescue,14,04｜擴充,,,B 擴充,,,,,
6423,resolve,14,04｜擴充,,,B 擴充,,,,,
6424,respectable,14,04｜擴充,,,B 擴充,,,,,
6425,restriction,14,04｜擴充,,,B 擴充,,,,,
6426,rheumatic,14,04｜擴充,,,B 擴充,,,,,
6427,rickety,14,04｜擴充,,,B 擴充,,,,,
6428,rigor,14,04｜擴充,,,B 擴充,,,,,
6429,risks,14,04｜擴充,,,B 擴充,,,,,
6430,ross,14,04｜擴充,,,B 擴充,,,,,
6431,routes,14,04｜擴充,,,B 擴充,,,,,
6432,ruled,14,04｜擴充,,,B 擴充,,,,,
6433,sabers,14,04｜擴充,,,B 擴充,,,,,
6434,sacculated,14,04｜擴充,,,B 擴充,,,,,
6435,salts,14,04｜擴充,,,B 擴充,,,,,
6436,santa,14,04｜擴充,,,B 擴充,,,,,
6437,saphena,14,04｜擴充,,,B 擴充,,,,,
6438,scream,14,04｜擴充,,,B 擴充,,,,,
6439,screen,14,04｜擴充,,,B 擴充,,,,,
6440,sentiments,14,04｜擴充,,,B 擴充,,,,,
6441,separating,14,04｜擴充,,,B 擴充,,,,,
6442,sequel,14,04｜擴充,,,B 擴充,,,,,
6443,seventeenth,14,04｜擴充,,,B 擴充,,,,,
6444,shake,14,04｜擴充,,,B 擴充,,,,,
6445,shattered,14,04｜擴充,,,B 擴充,,,,,
6446,shifting,14,04｜擴充,,,B 擴充,,,,,
6447,shrewd,14,04｜擴充,,,B 擴充,,,,,
6448,shrieked,14,04｜擴充,,,B 擴充,,,,,
6449,simplest,14,04｜擴充,,,B 擴充,,,,,
6450,simulate,14,04｜擴充,,,B 擴充,,,,,
6451,socialists,14,04｜擴充,,,B 擴充,,,,,
6452,soften,14,04｜擴充,,,B 擴充,,,,,
6453,softening,14,04｜擴充,,,B 擴充,,,,,
6454,songs,14,04｜擴充,,,B 擴充,,,,,
6455,species,14,04｜擴充,,,B 擴充,,,,,
6456,specimen,14,04｜擴充,,,B 擴充,,,,,
6457,splashing,14,04｜擴充,,,B 擴充,,,,,
6458,spy,14,04｜擴充,,,B 擴充,,,,,
6459,startling,14,04｜擴充,,,B 擴充,,,,,
6460,strained,14,04｜擴充,,,B 擴充,,,,,
6461,stretchers,14,04｜擴充,,,B 擴充,,,,,
6462,stumbled,14,04｜擴充,,,B 擴充,,,,,
6463,substitute,14,04｜擴充,,,B 擴充,,,,,
6464,superadded,14,04｜擴充,,,B 擴充,,,,,
6465,superintendent,14,04｜擴充,,,B 擴充,,,,,
6466,suppress,14,04｜擴充,,,B 擴充,,,,,
6467,supra,14,04｜擴充,,,B 擴充,,,,,
6468,suspended,14,04｜擴充,,,B 擴充,,,,,
6469,swung,14,04｜擴充,,,B 擴充,,,,,
6470,tact,14,04｜擴充,,,B 擴充,,,,,
6471,tavern,14,04｜擴充,,,B 擴充,,,,,
6472,teachers,14,04｜擴充,,,B 擴充,,,,,
6473,theirs,14,04｜擴充,,,B 擴充,,,,,
6474,thorough,14,04｜擴充,,,B 擴充,,,,,
6475,toil,14,04｜擴充,,,B 擴充,,,,,
6476,transmit,14,04｜擴充,,,B 擴充,,,,,
6477,treachery,14,04｜擴充,,,B 擴充,,,,,
6478,twist,14,04｜擴充,,,B 擴充,,,,,
6479,unhealthy,14,04｜擴充,,,B 擴充,,,,,
6480,unique,14,04｜擴充,,,B 擴充,,,,,
6481,unnaturally,14,04｜擴充,,,B 擴充,,,,,
6482,unnoticed,14,04｜擴充,,,B 擴充,,,,,
6483,unpleasantly,14,04｜擴充,,,B 擴充,,,,,
6484,vehicle,14,04｜擴充,n.,車輛,B 中高級核心,名詞,—,—,—,
6485,ventilator,14,04｜擴充,,,B 擴充,,,,,
6486,villain,14,04｜擴充,,,B 擴充,,,,,
6487,violently,14,04｜擴充,,,B 擴充,,,,,
6488,virtues,14,04｜擴充,,,B 擴充,,,,,
6489,viscera,14,04｜擴充,,,B 擴充,,,,,
6490,wandering,14,04｜擴充,,,B 擴充,,,,,
6491,wasn,14,04｜擴充,,,B 擴充,,,,,
6492,whisky,14,04｜擴充,,,B 擴充,,,,,
6493,whites,14,04｜擴充,,,B 擴充,,,,,
6494,withdrew,14,04｜擴充,,,B 擴充,,,,,
6495,witty,14,04｜擴充,,,B 擴充,,,,,
6496,writings,14,04｜擴充,,,B 擴充,,,,,
6497,wyoming,14,04｜擴充,,,B 擴充,,,,,
6498,xx,14,04｜擴充,,,B 擴充,,,,,
6499,abashed,13,04｜擴充,,,B 擴充,,,,,
6500,accidents,13,04｜擴充,,,B 擴充,,,,,
6501,accumulated,13,04｜擴充,,,B 擴充,,,,,
6502,admired,13,04｜擴充,,,B 擴充,,,,,
6503,affectation,13,04｜擴充,,,B 擴充,,,,,
6504,alert,13,04｜擴充,,,B 擴充,,,,,
6505,alice,13,04｜擴充,,,B 擴充,,,,,
6506,ambition,13,04｜擴充,,,B 擴充,,,,,
6507,amusement,13,04｜擴充,,,B 擴充,,,,,
6508,aneurysmal,13,04｜擴充,,,B 擴充,,,,,
6509,appealed,13,04｜擴充,,,B 擴充,,,,,
6510,approximately,13,04｜擴充,adv.,大約,A 基礎必會,副詞,—,—,—,
6511,arch,13,04｜擴充,,,B 擴充,,,,,
6512,arthropathies,13,04｜擴充,,,B 擴充,,,,,
6513,assault,13,04｜擴充,,,B 擴充,,,,,
6514,assist,13,04｜擴充,v.,協助,B 中高級核心,動詞,assisted,assisted,否,
6515,associate,13,04｜擴充,,,B 擴充,,,,,
6516,astounding,13,04｜擴充,,,B 擴充,,,,,
6517,attendant,13,04｜擴充,,,B 擴充,,,,,
6518,aureus,13,04｜擴充,,,B 擴充,,,,,
6519,bargain,13,04｜擴充,,,B 擴充,,,,,
6520,beds,13,04｜擴充,,,B 擴充,,,,,
6521,beforehand,13,04｜擴充,,,B 擴充,,,,,
6522,berlin,13,04｜擴充,,,B 擴充,,,,,
6523,bitten,13,04｜擴充,,,B 擴充,,,,,
6524,blamed,13,04｜擴充,,,B 擴充,,,,,
6525,bolkhovitinov,13,04｜擴充,,,B 擴充,,,,,
6526,bondmen,13,04｜擴充,,,B 擴充,,,,,
6527,boone,13,04｜擴充,,,B 擴充,,,,,
6528,bounds,13,04｜擴充,,,B 擴充,,,,,
6529,breathless,13,04｜擴充,,,B 擴充,,,,,
6530,bundle,13,04｜擴充,,,B 擴充,,,,,
6531,buxhowden,13,04｜擴充,,,B 擴充,,,,,
6532,cancellous,13,04｜擴充,,,B 擴充,,,,,
6533,carpets,13,04｜擴充,,,B 擴充,,,,,
6534,cathedral,13,04｜擴充,,,B 擴充,,,,,
6535,caustic,13,04｜擴充,,,B 擴充,,,,,
6536,ceases,13,04｜擴充,,,B 擴充,,,,,
6537,centered,13,04｜擴充,,,B 擴充,,,,,
6538,certainty,13,04｜擴充,,,B 擴充,,,,,
6539,chalk,13,04｜擴充,,,B 擴充,,,,,
6540,cheerfully,13,04｜擴充,,,B 擴充,,,,,
6541,chondro,13,04｜擴充,,,B 擴充,,,,,
6542,clark,13,04｜擴充,,,B 擴充,,,,,
6543,cleanliness,13,04｜擴充,,,B 擴充,,,,,
6544,climbed,13,04｜擴充,,,B 擴充,,,,,
6545,clutched,13,04｜擴充,,,B 擴充,,,,,
6546,code,13,04｜擴充,,,B 擴充,,,,,
6547,coffin,13,04｜擴充,,,B 擴充,,,,,
6548,coinage,13,04｜擴充,,,B 擴充,,,,,
6549,coldness,13,04｜擴充,,,B 擴充,,,,,
6550,colorado,13,04｜擴充,,,B 擴充,,,,,
6551,comprehensible,13,04｜擴充,,,B 擴充,,,,,
6552,conflicts,13,04｜擴充,,,B 擴充,,,,,
6553,constituting,13,04｜擴充,,,B 擴充,,,,,
6554,consulting,13,04｜擴充,,,B 擴充,,,,,
6555,contented,13,04｜擴充,,,B 擴充,,,,,
6556,continuously,13,04｜擴充,,,B 擴充,,,,,
6557,contracts,13,04｜擴充,,,B 擴充,,,,,
6558,contradict,13,04｜擴充,,,B 擴充,,,,,
6559,contributions,13,04｜擴充,,,B 擴充,,,,,
6560,conversing,13,04｜擴充,,,B 擴充,,,,,
6561,convey,13,04｜擴充,,,B 擴充,,,,,
6562,corpuscles,13,04｜擴充,,,B 擴充,,,,,
6563,counties,13,04｜擴充,,,B 擴充,,,,,
6564,cracked,13,04｜擴充,,,B 擴充,,,,,
6565,crimson,13,04｜擴充,,,B 擴充,,,,,
6566,critics,13,04｜擴充,,,B 擴充,,,,,
6567,cultivation,13,04｜擴充,,,B 擴充,,,,,
6568,curled,13,04｜擴充,,,B 擴充,,,,,
6569,dancer,13,04｜擴充,,,B 擴充,,,,,
6570,deceive,13,04｜擴充,,,B 擴充,,,,,
6571,dedicated,13,04｜擴充,,,B 擴充,,,,,
6572,define,13,04｜擴充,,,B 擴充,,,,,
6573,democrat,13,04｜擴充,,,B 擴充,,,,,
6574,devoid,13,04｜擴充,,,B 擴充,,,,,
6575,diet,13,04｜擴充,n.,飲食,A 基礎必會,名詞,—,—,—,
6576,directing,13,04｜擴充,,,B 擴充,,,,,
6577,disconcerted,13,04｜擴充,,,B 擴充,,,,,
6578,discontent,13,04｜擴充,,,B 擴充,,,,,
6579,discretion,13,04｜擴充,,,B 擴充,,,,,
6580,discussing,13,04｜擴充,,,B 擴充,,,,,
6581,dish,13,04｜擴充,,,B 擴充,,,,,
6582,dismissed,13,04｜擴充,,,B 擴充,,,,,
6583,disordered,13,04｜擴充,,,B 擴充,,,,,
6584,dispose,13,04｜擴充,,,B 擴充,,,,,
6585,disputed,13,04｜擴充,,,B 擴充,,,,,
6586,dmitri,13,04｜擴充,,,B 擴充,,,,,
6587,domo,13,04｜擴充,,,B 擴充,,,,,
6588,doubtless,13,04｜擴充,,,B 擴充,,,,,
6589,drawer,13,04｜擴充,,,B 擴充,,,,,
6590,earn,13,04｜擴充,v.,賺得,B 中高級核心,動詞,earned,earned,否,
6591,email,13,04｜擴充,n.,電子郵件,A 基礎必會,名詞,—,—,—,
6592,encapsulated,13,04｜擴充,,,B 擴充,,,,,
6593,engine,13,04｜擴充,n.,引擎,A 基礎必會,名詞,—,—,—,
6594,estimate,13,04｜擴充,v.,估計,B 中高級核心,動詞,estimated,estimated,否,
6595,exalted,13,04｜擴充,,,B 擴充,,,,,
6596,exclusion,13,04｜擴充,,,B 擴充,,,,,
6597,expanded,13,04｜擴充,,,B 擴充,,,,,
6598,expressly,13,04｜擴充,,,B 擴充,,,,,
6599,fantastic,13,04｜擴充,,,B 擴充,,,,,
6600,farewell,13,04｜擴充,,,B 擴充,,,,,
6601,fascinating,13,04｜擴充,,,B 擴充,,,,,
6602,fashionable,13,04｜擴充,,,B 擴充,,,,,
6603,fibrinous,13,04｜擴充,,,B 擴充,,,,,
6604,fistula,13,04｜擴充,,,B 擴充,,,,,
6605,flattering,13,04｜擴充,,,B 擴充,,,,,
6606,fleeing,13,04｜擴充,,,B 擴充,,,,,
6607,floating,13,04｜擴充,,,B 擴充,,,,,
6608,fluctuating,13,04｜擴充,,,B 擴充,,,,,
6609,frock,13,04｜擴充,,,B 擴充,,,,,
6610,funding,13,04｜擴充,,,B 擴充,,,,,
6611,gateway,13,04｜擴充,,,B 擴充,,,,,
6612,glanders,13,04｜擴充,,,B 擴充,,,,,
6613,gloomily,13,04｜擴充,,,B 擴充,,,,,
6614,gonorrhoea,13,04｜擴充,,,B 擴充,,,,,
6615,grapeshot,13,04｜擴充,,,B 擴充,,,,,
6616,gratefully,13,04｜擴充,,,B 擴充,,,,,
6617,grieved,13,04｜擴充,,,B 擴充,,,,,
6618,grim,13,04｜擴充,,,B 擴充,,,,,
6619,grip,13,04｜擴充,,,B 擴充,,,,,
6620,guidance,13,04｜擴充,,,B 擴充,,,,,
6621,gulf,13,04｜擴充,,,B 擴充,,,,,
6622,gunpowder,13,04｜擴充,,,B 擴充,,,,,
6623,happier,13,04｜擴充,,,B 擴充,,,,,
6624,hartford,13,04｜擴充,,,B 擴充,,,,,
6625,harvest,13,04｜擴充,,,B 擴充,,,,,
6626,hernia,13,04｜擴充,,,B 擴充,,,,,
6627,heroism,13,04｜擴充,,,B 擴充,,,,,
6628,hint,13,04｜擴充,,,B 擴充,,,,,
6629,holiday,13,04｜擴充,n.,假日,B 中高級核心,名詞,—,—,—,
6630,horner,13,04｜擴充,,,B 擴充,,,,,
6631,humble,13,04｜擴充,,,B 擴充,,,,,
6632,hunters,13,04｜擴充,,,B 擴充,,,,,
6633,husbands,13,04｜擴充,,,B 擴充,,,,,
6634,ideals,13,04｜擴充,,,B 擴充,,,,,
6635,improving,13,04｜擴充,,,B 擴充,,,,,
6636,incessant,13,04｜擴充,,,B 擴充,,,,,
6637,indirect,13,04｜擴充,,,B 擴充,,,,,
6638,inducing,13,04｜擴充,,,B 擴充,,,,,
6639,infrequently,13,04｜擴充,,,B 擴充,,,,,
6640,injurious,13,04｜擴充,,,B 擴充,,,,,
6641,injustice,13,04｜擴充,,,B 擴充,,,,,
6642,insensitive,13,04｜擴充,,,B 擴充,,,,,
6643,insurrection,13,04｜擴充,,,B 擴充,,,,,
6644,intent,13,04｜擴充,,,B 擴充,,,,,
6645,intoxication,13,04｜擴充,,,B 擴充,,,,,
6646,introducing,13,04｜擴充,,,B 擴充,,,,,
6647,invented,13,04｜擴充,,,B 擴充,,,,,
6648,iogel,13,04｜擴充,,,B 擴充,,,,,
6649,jeffersonian,13,04｜擴充,,,B 擴充,,,,,
6650,jewel,13,04｜擴充,,,B 擴充,,,,,
6651,jugular,13,04｜擴充,,,B 擴充,,,,,
6652,jumping,13,04｜擴充,,,B 擴充,,,,,
6653,keys,13,04｜擴充,,,B 擴充,,,,,
6654,kochubey,13,04｜擴充,,,B 擴充,,,,,
6655,labored,13,04｜擴充,,,B 擴充,,,,,
6656,lacked,13,04｜擴充,,,B 擴充,,,,,
6657,lakes,13,04｜擴充,,,B 擴充,,,,,
6658,langeron,13,04｜擴充,,,B 擴充,,,,,
6659,lastly,13,04｜擴充,,,B 擴充,,,,,
6660,lawyers,13,04｜擴充,,,B 擴充,,,,,
6661,library,13,04｜擴充,n.,圖書館,B 中高級核心,名詞,—,—,—,
6662,lightning,13,04｜擴充,,,B 擴充,,,,,
6663,links,13,04｜擴充,,,B 擴充,,,,,
6664,lint,13,04｜擴充,,,B 擴充,,,,,
6665,liquefaction,13,04｜擴充,,,B 擴充,,,,,
6666,liquor,13,04｜擴充,,,B 擴充,,,,,
6667,loans,13,04｜擴充,,,B 擴充,,,,,
6668,locking,13,04｜擴充,,,B 擴充,,,,,
6669,lonely,13,04｜擴充,,,B 擴充,,,,,
6670,lords,13,04｜擴充,,,B 擴充,,,,,
6671,lowell,13,04｜擴充,,,B 擴充,,,,,
6672,lymphadenitis,13,04｜擴充,,,B 擴充,,,,,
6673,magnitude,13,04｜擴充,,,B 擴充,,,,,
6674,manly,13,04｜擴充,,,B 擴充,,,,,
6675,maturity,13,04｜擴充,,,B 擴充,,,,,
6676,mb,13,04｜擴充,,,B 擴充,,,,,
6677,melted,13,04｜擴充,,,B 擴充,,,,,
6678,menacing,13,04｜擴充,,,B 擴充,,,,,
6679,metastases,13,04｜擴充,,,B 擴充,,,,,
6680,milka,13,04｜擴充,,,B 擴充,,,,,
6681,minnesota,13,04｜擴充,,,B 擴充,,,,,
6682,minority,13,04｜擴充,,,B 擴充,,,,,
6683,miserable,13,04｜擴充,,,B 擴充,,,,,
6684,mixture,13,04｜擴充,,,B 擴充,,,,,
6685,moaning,13,04｜擴充,,,B 擴充,,,,,
6686,model,13,04｜擴充,n.,模型；模範,B 中高級核心,名詞,—,—,—,
6687,modest,13,04｜擴充,,,B 擴充,,,,,
6688,momentary,13,04｜擴充,,,B 擴充,,,,,
6689,moran,13,04｜擴充,,,B 擴充,,,,,
6690,naples,13,04｜擴充,,,B 擴充,,,,,
6691,network,13,04｜擴充,n.,網路；人脈,B 中高級核心,名詞,—,—,—,
6692,nevada,13,04｜擴充,,,B 擴充,,,,,
6693,nourishment,13,04｜擴充,,,B 擴充,,,,,
6694,nursing,13,04｜擴充,,,B 擴充,,,,,
6695,objected,13,04｜擴充,,,B 擴充,,,,,
6696,obscure,13,04｜擴充,,,B 擴充,,,,,
6697,observations,13,04｜擴充,,,B 擴充,,,,,
6698,observer,13,04｜擴充,,,B 擴充,,,,,
6699,obstinate,13,04｜擴充,,,B 擴充,,,,,
6700,obstruction,13,04｜擴充,,,B 擴充,,,,,
6701,organic,13,04｜擴充,,,B 擴充,,,,,
6702,oriental,13,04｜擴充,,,B 擴充,,,,,
6703,ounce,13,04｜擴充,,,B 擴充,,,,,
6704,output,13,04｜擴充,,,B 擴充,,,,,
6705,outset,13,04｜擴充,,,B 擴充,,,,,
6706,overlooked,13,04｜擴充,,,B 擴充,,,,,
6707,panting,13,04｜擴充,,,B 擴充,,,,,
6708,payments,13,04｜擴充,,,B 擴充,,,,,
6709,pedunculated,13,04｜擴充,,,B 擴充,,,,,
6710,perception,13,04｜擴充,,,B 擴充,,,,,
6711,perspiration,13,04｜擴充,,,B 擴充,,,,,
6712,phagocytes,13,04｜擴充,,,B 擴充,,,,,
6713,phenomenon,13,04｜擴充,,,B 擴充,,,,,
6714,pierce,13,04｜擴充,,,B 擴充,,,,,
6715,pioneer,13,04｜擴充,,,B 擴充,,,,,
6716,plains,13,04｜擴充,,,B 擴充,,,,,
6717,pleasures,13,04｜擴充,,,B 擴充,,,,,
6718,positively,13,04｜擴充,,,B 擴充,,,,,
6719,posterity,13,04｜擴充,,,B 擴充,,,,,
6720,potatoes,13,04｜擴充,,,B 擴充,,,,,
6721,praised,13,04｜擴充,,,B 擴充,,,,,
6722,precise,13,04｜擴充,,,B 擴充,,,,,
6723,presently,13,04｜擴充,,,B 擴充,,,,,
6724,presume,13,04｜擴充,,,B 擴充,,,,,
6725,protecting,13,04｜擴充,,,B 擴充,,,,,
6726,purified,13,04｜擴充,,,B 擴充,,,,,
6727,pursue,13,04｜擴充,,,B 擴充,,,,,
6728,rat,13,04｜擴充,,,B 擴充,,,,,
6729,rattled,13,04｜擴充,,,B 擴充,,,,,
6730,readable,13,04｜擴充,,,B 擴充,,,,,
6731,reader,13,04｜擴充,,,B 擴充,,,,,
6732,receipt,13,04｜擴充,,,B 擴充,,,,,
6733,refined,13,04｜擴充,,,B 擴充,,,,,
6734,reforms,13,04｜擴充,,,B 擴充,,,,,
6735,refuge,13,04｜擴充,,,B 擴充,,,,,
6736,rejoined,13,04｜擴充,,,B 擴充,,,,,
6737,relatively,13,04｜擴充,,,B 擴充,,,,,
6738,repulsed,13,04｜擴充,,,B 擴充,,,,,
6739,requires,13,04｜擴充,,,B 擴充,,,,,
6740,resounded,13,04｜擴充,,,B 擴充,,,,,
6741,retirement,13,04｜擴充,,,B 擴充,,,,,
6742,rigidity,13,04｜擴充,,,B 擴充,,,,,
6743,rontgen,13,04｜擴充,,,B 擴充,,,,,
6744,royalty,13,04｜擴充,,,B 擴充,,,,,
6745,sacrificed,13,04｜擴充,,,B 擴充,,,,,
6746,sailing,13,04｜擴充,,,B 擴充,,,,,
6747,salary,13,04｜擴充,,,B 擴充,,,,,
6748,salvation,13,04｜擴充,,,B 擴充,,,,,
6749,scratch,13,04｜擴充,,,B 擴充,,,,,
6750,screams,13,04｜擴充,,,B 擴充,,,,,
6751,scurvy,13,04｜擴充,,,B 擴充,,,,,
6752,searched,13,04｜擴充,,,B 擴充,,,,,
6753,sensible,13,04｜擴充,,,B 擴充,,,,,
6754,sequence,13,04｜擴充,,,B 擴充,,,,,
6755,session,13,04｜擴充,,,B 擴充,,,,,
6756,shafts,13,04｜擴充,,,B 擴充,,,,,
6757,shrill,13,04｜擴充,,,B 擴充,,,,,
6758,shrugging,13,04｜擴充,,,B 擴充,,,,,
6759,sickness,13,04｜擴充,,,B 擴充,,,,,
6760,silly,13,04｜擴充,,,B 擴充,,,,,
6761,sink,13,04｜擴充,,,B 擴充,,,,,
6762,slim,13,04｜擴充,,,B 擴充,,,,,
6763,smeared,13,04｜擴充,,,B 擴充,,,,,
6764,snake,13,04｜擴充,,,B 擴充,,,,,
6765,sobbed,13,04｜擴充,,,B 擴充,,,,,
6766,somehow,13,04｜擴充,,,B 擴充,,,,,
6767,speeches,13,04｜擴充,,,B 擴充,,,,,
6768,staggered,13,04｜擴充,,,B 擴充,,,,,
6769,staircase,13,04｜擴充,,,B 擴充,,,,,
6770,sterno,13,04｜擴充,,,B 擴充,,,,,
6771,stimulating,13,04｜擴充,,,B 擴充,,,,,
6772,stones,13,04｜擴充,,,B 擴充,,,,,
6773,streamed,13,04｜擴充,,,B 擴充,,,,,
6774,streptococcus,13,04｜擴充,,,B 擴充,,,,,
6775,stretcher,13,04｜擴充,,,B 擴充,,,,,
6776,strips,13,04｜擴充,,,B 擴充,,,,,
6777,strongest,13,04｜擴充,,,B 擴充,,,,,
6778,submarine,13,04｜擴充,,,B 擴充,,,,,
6779,suggesting,13,04｜擴充,,,B 擴充,,,,,
6780,swallow,13,04｜擴充,,,B 擴充,,,,,
6781,swing,13,04｜擴充,,,B 擴充,,,,,
6782,systems,13,04｜擴充,,,B 擴充,,,,,
6783,teno,13,04｜擴充,,,B 擴充,,,,,
6784,thiers,13,04｜擴充,,,B 擴充,,,,,
6785,thirst,13,04｜擴充,,,B 擴充,,,,,
6786,tipsy,13,04｜擴充,,,B 擴充,,,,,
6787,tolstoy,13,04｜擴充,,,B 擴充,,,,,
6788,tools,13,04｜擴充,,,B 擴充,,,,,
6789,tortuous,13,04｜擴充,,,B 擴充,,,,,
6790,tossed,13,04｜擴充,,,B 擴充,,,,,
6791,townshend,13,04｜擴充,,,B 擴充,,,,,
6792,toxin,13,04｜擴充,,,B 擴充,,,,,
6793,traced,13,04｜擴充,,,B 擴充,,,,,
6794,tradition,13,04｜擴充,,,B 擴充,,,,,
6795,transition,13,04｜擴充,,,B 擴充,,,,,
6796,transplantation,13,04｜擴充,,,B 擴充,,,,,
6797,traveled,13,04｜擴充,,,B 擴充,,,,,
6798,troyka,13,04｜擴充,,,B 擴充,,,,,
6799,tubes,13,04｜擴充,,,B 擴充,,,,,
6800,tunica,13,04｜擴充,,,B 擴充,,,,,
6801,undecided,13,04｜擴充,,,B 擴充,,,,,
6802,undisturbed,13,04｜擴充,,,B 擴充,,,,,
6803,undressing,13,04｜擴充,,,B 擴充,,,,,
6804,uneven,13,04｜擴充,,,B 擴充,,,,,
6805,unfamiliar,13,04｜擴充,,,B 擴充,,,,,
6806,units,13,04｜擴充,,,B 擴充,,,,,
6807,unworthy,13,04｜擴充,,,B 擴充,,,,,
6808,urgent,13,04｜擴充,,,B 擴充,,,,,
6809,vacancies,13,04｜擴充,,,B 擴充,,,,,
6810,vaccines,13,04｜擴充,,,B 擴充,,,,,
6811,vigor,13,04｜擴充,,,B 擴充,,,,,
6812,waged,13,04｜擴充,,,B 擴充,,,,,
6813,ward,13,04｜擴充,,,B 擴充,,,,,
6814,warmth,13,04｜擴充,,,B 擴充,,,,,
6815,warranties,13,04｜擴充,,,B 擴充,,,,,
6816,wednesday,13,04｜擴充,,,B 擴充,,,,,
6817,whiskers,13,04｜擴充,,,B 擴充,,,,,
6818,whistled,13,04｜擴充,,,B 擴充,,,,,
6819,wills,13,04｜擴充,,,B 擴充,,,,,
6820,woodrow,13,04｜擴充,,,B 擴充,,,,,
6821,worldly,13,04｜擴充,,,B 擴充,,,,,
6822,xxi,13,04｜擴充,,,B 擴充,,,,,
6823,accepting,12,04｜擴充,,,B 擴充,,,,,
6824,administrative,12,04｜擴充,,,B 擴充,,,,,
6825,alaska,12,04｜擴充,,,B 擴充,,,,,
6826,amnesty,12,04｜擴充,,,B 擴充,,,,,
6827,aneurysms,12,04｜擴充,,,B 擴充,,,,,
6828,annette,12,04｜擴充,,,B 擴充,,,,,
6829,antecedent,12,04｜擴充,,,B 擴充,,,,,
6830,anyhow,12,04｜擴充,,,B 擴充,,,,,
6831,apologize,12,04｜擴充,v.,道歉,B 中高級核心,動詞,apologized,apologized,否,
6832,apology,12,04｜擴充,,,B 擴充,,,,,
6833,appetite,12,04｜擴充,,,B 擴充,,,,,
6834,appreciate,12,04｜擴充,v.,感謝；欣賞,B 中高級核心,動詞,appreciated,appreciated,否,
6835,apron,12,04｜擴充,,,B 擴充,,,,,
6836,armfeldt,12,04｜擴充,,,B 擴充,,,,,
6837,arsenic,12,04｜擴充,,,B 擴充,,,,,
6838,asserted,12,04｜擴充,,,B 擴充,,,,,
6839,assuming,12,04｜擴充,,,B 擴充,,,,,
6840,attraction,12,04｜擴充,n.,景點；吸引力,A 基礎必會,名詞,—,—,—,
6841,auersperg,12,04｜擴充,,,B 擴充,,,,,
6842,baron,12,04｜擴充,,,B 擴充,,,,,
6843,bast,12,04｜擴充,,,B 擴充,,,,,
6844,beeches,12,04｜擴充,,,B 擴充,,,,,
6845,beings,12,04｜擴充,,,B 擴充,,,,,
6846,belova,12,04｜擴充,,,B 擴充,,,,,
6847,belt,12,04｜擴充,,,B 擴充,,,,,
6848,betraying,12,04｜擴充,,,B 擴充,,,,,
6849,biographical,12,04｜擴充,,,B 擴充,,,,,
6850,bitch,12,04｜擴充,,,B 擴充,,,,,
6851,bliss,12,04｜擴充,,,B 擴充,,,,,
6852,blown,12,04｜擴充,,,B 擴充,,,,,
6853,bradstreet,12,04｜擴充,,,B 擴充,,,,,
6854,breadth,12,04｜擴充,,,B 擴充,,,,,
6855,brunn,12,04｜擴充,,,B 擴充,,,,,
6856,buffalo,12,04｜擴充,,,B 擴充,,,,,
6857,buren,12,04｜擴充,,,B 擴充,,,,,
6858,bustle,12,04｜擴充,,,B 擴充,,,,,
6859,callous,12,04｜擴充,,,B 擴充,,,,,
6860,cancers,12,04｜擴充,,,B 擴充,,,,,
6861,cannonade,12,04｜擴充,,,B 擴充,,,,,
6862,capitalists,12,04｜擴充,,,B 擴充,,,,,
6863,captains,12,04｜擴充,,,B 擴充,,,,,
6864,carbon,12,04｜擴充,,,B 擴充,,,,,
6865,caseous,12,04｜擴充,,,B 擴充,,,,,
6866,cautiously,12,04｜擴充,,,B 擴充,,,,,
6867,cavernous,12,04｜擴充,,,B 擴充,,,,,
6868,cell,12,04｜擴充,n.,細胞；小室,A 基礎必會,名詞,—,—,—,
6869,centuries,12,04｜擴充,,,B 擴充,,,,,
6870,cession,12,04｜擴充,,,B 擴充,,,,,
6871,challenged,12,04｜擴充,,,B 擴充,,,,,
6872,chart,12,04｜擴充,,,B 擴充,,,,,
6873,charters,12,04｜擴充,,,B 擴充,,,,,
6874,chisel,12,04｜擴充,,,B 擴充,,,,,
6875,civilians,12,04｜擴充,,,B 擴充,,,,,
6876,clatter,12,04｜擴充,,,B 擴充,,,,,
6877,clearness,12,04｜擴充,,,B 擴充,,,,,
6878,coincidence,12,04｜擴充,,,B 擴充,,,,,
6879,collapsed,12,04｜擴充,,,B 擴充,,,,,
6880,collision,12,04｜擴充,,,B 擴充,,,,,
6881,comfortably,12,04｜擴充,,,B 擴充,,,,,
6882,comforting,12,04｜擴充,,,B 擴充,,,,,
6883,composition,12,04｜擴充,,,B 擴充,,,,,
6884,computer,12,04｜擴充,n.,電腦,A 基礎必會,名詞,—,—,—,
6885,conducting,12,04｜擴充,,,B 擴充,,,,,
6886,conferences,12,04｜擴充,,,B 擴充,,,,,
6887,confessed,12,04｜擴充,,,B 擴充,,,,,
6888,confine,12,04｜擴充,,,B 擴充,,,,,
6889,confirmation,12,04｜擴充,,,B 擴充,,,,,
6890,confronted,12,04｜擴充,,,B 擴充,,,,,
6891,conquered,12,04｜擴充,,,B 擴充,,,,,
6892,consistent,12,04｜擴充,,,B 擴充,,,,,
6893,conspicuous,12,04｜擴充,,,B 擴充,,,,,
6894,contributed,12,04｜擴充,,,B 擴充,,,,,
6895,cordial,12,04｜擴充,,,B 擴充,,,,,
6896,cot,12,04｜擴充,,,B 擴充,,,,,
6897,coughed,12,04｜擴充,,,B 擴充,,,,,
6898,courtesy,12,04｜擴充,,,B 擴充,,,,,
6899,crash,12,04｜擴充,,,B 擴充,,,,,
6900,cumberland,12,04｜擴充,,,B 擴充,,,,,
6901,deafening,12,04｜擴充,,,B 擴充,,,,,
6902,decades,12,04｜擴充,,,B 擴充,,,,,
6903,deceased,12,04｜擴充,,,B 擴充,,,,,
6904,deduced,12,04｜擴充,,,B 擴充,,,,,
6905,deduction,12,04｜擴充,,,B 擴充,,,,,
6906,deity,12,04｜擴充,,,B 擴充,,,,,
6907,deliver,12,04｜擴充,v.,遞送；發表,B 中高級核心,動詞,delivered,delivered,否,
6908,demanding,12,04｜擴充,,,B 擴充,,,,,
6909,denser,12,04｜擴充,,,B 擴充,,,,,
6910,deposited,12,04｜擴充,,,B 擴充,,,,,
6911,depressing,12,04｜擴充,,,B 擴充,,,,,
6912,despairing,12,04｜擴充,,,B 擴充,,,,,
6913,detailed,12,04｜擴充,,,B 擴充,,,,,
6914,detained,12,04｜擴充,,,B 擴充,,,,,
6915,developing,12,04｜擴充,,,B 擴充,,,,,
6916,devils,12,04｜擴充,,,B 擴充,,,,,
6917,devitalised,12,04｜擴充,,,B 擴充,,,,,
6918,devote,12,04｜擴充,,,B 擴充,,,,,
6919,diabetes,12,04｜擴充,,,B 擴充,,,,,
6920,dieu,12,04｜擴充,,,B 擴充,,,,,
6921,disappointment,12,04｜擴充,,,B 擴充,,,,,
6922,discoloration,12,04｜擴充,,,B 擴充,,,,,
6923,disgrace,12,04｜擴充,,,B 擴充,,,,,
6924,disinfected,12,04｜擴充,,,B 擴充,,,,,
6925,disintegration,12,04｜擴充,,,B 擴充,,,,,
6926,disposal,12,04｜擴充,,,B 擴充,,,,,
6927,disputing,12,04｜擴充,,,B 擴充,,,,,
6928,dissection,12,04｜擴充,,,B 擴充,,,,,
6929,dividing,12,04｜擴充,,,B 擴充,,,,,
6930,doran,12,04｜擴充,,,B 擴充,,,,,
6931,doubled,12,04｜擴充,,,B 擴充,,,,,
6932,drained,12,04｜擴充,,,B 擴充,,,,,
6933,dread,12,04｜擴充,,,B 擴充,,,,,
6934,drives,12,04｜擴充,,,B 擴充,,,,,
6935,du,12,04｜擴充,,,B 擴充,,,,,
6936,ecstatic,12,04｜擴充,,,B 擴充,,,,,
6937,edmund,12,04｜擴充,,,B 擴充,,,,,
6938,elect,12,04｜擴充,v.,選出,B 中高級核心,動詞,elected,elected,否,
6939,eloquent,12,04｜擴充,,,B 擴充,,,,,
6940,emboli,12,04｜擴充,,,B 擴充,,,,,
6941,eminent,12,04｜擴充,,,B 擴充,,,,,
6942,empowered,12,04｜擴充,,,B 擴充,,,,,
6943,enforced,12,04｜擴充,,,B 擴充,,,,,
6944,engineer,12,04｜擴充,n.,工程師,A 基礎必會,名詞,—,—,—,
6945,enormously,12,04｜擴充,,,B 擴充,,,,,
6946,enrolled,12,04｜擴充,,,B 擴充,,,,,
6947,entertain,12,04｜擴充,,,B 擴充,,,,,
6948,esteem,12,04｜擴充,,,B 擴充,,,,,
6949,exerted,12,04｜擴充,,,B 擴充,,,,,
6950,exhaustion,12,04｜擴充,,,B 擴充,,,,,
6951,expectations,12,04｜擴充,,,B 擴充,,,,,
6952,exploit,12,04｜擴充,,,B 擴充,,,,,
6953,exploration,12,04｜擴充,,,B 擴充,,,,,
6954,farthest,12,04｜擴充,,,B 擴充,,,,,
6955,fibroblasts,12,04｜擴充,,,B 擴充,,,,,
6956,fierce,12,04｜擴充,,,B 擴充,,,,,
6957,figs,12,04｜擴充,,,B 擴充,,,,,
6958,fills,12,04｜擴充,,,B 擴充,,,,,
6959,flush,12,04｜擴充,,,B 擴充,,,,,
6960,foreigner,12,04｜擴充,,,B 擴充,,,,,
6961,foresight,12,04｜擴充,,,B 擴充,,,,,
6962,forge,12,04｜擴充,,,B 擴充,,,,,
6963,framed,12,04｜擴充,,,B 擴充,,,,,
6964,freemasons,12,04｜擴充,,,B 擴充,,,,,
6965,frenchwoman,12,04｜擴充,,,B 擴充,,,,,
6966,freshly,12,04｜擴充,,,B 擴充,,,,,
6967,frontiers,12,04｜擴充,,,B 擴充,,,,,
6968,fuller,12,04｜擴充,,,B 擴充,,,,,
6969,funeral,12,04｜擴充,,,B 擴充,,,,,
6970,fusiform,12,04｜擴充,,,B 擴充,,,,,
6971,gallant,12,04｜擴充,,,B 擴充,,,,,
6972,ganglia,12,04｜擴充,,,B 擴充,,,,,
6973,generosity,12,04｜擴充,,,B 擴充,,,,,
6974,gleam,12,04｜擴充,,,B 擴充,,,,,
6975,gout,12,04｜擴充,,,B 擴充,,,,,
6976,grandeur,12,04｜擴充,,,B 擴充,,,,,
6977,greenbacks,12,04｜擴充,,,B 擴充,,,,,
6978,greetings,12,04｜擴充,,,B 擴充,,,,,
6979,grimace,12,04｜擴充,,,B 擴充,,,,,
6980,hadn,12,04｜擴充,,,B 擴充,,,,,
6981,halting,12,04｜擴充,,,B 擴充,,,,,
6982,harding,12,04｜擴充,,,B 擴充,,,,,
6983,hastening,12,04｜擴充,,,B 擴充,,,,,
6984,hayes,12,04｜擴充,,,B 擴充,,,,,
6985,heals,12,04｜擴充,,,B 擴充,,,,,
6986,hearty,12,04｜擴充,,,B 擴充,,,,,
6987,heiress,12,04｜擴充,,,B 擴充,,,,,
6988,hints,12,04｜擴充,,,B 擴充,,,,,
6989,holders,12,04｜擴充,,,B 擴充,,,,,
6990,holland,12,04｜擴充,,,B 擴充,,,,,
6991,horns,12,04｜擴充,,,B 擴充,,,,,
6992,horrid,12,04｜擴充,,,B 擴充,,,,,
6993,horrors,12,04｜擴充,,,B 擴充,,,,,
6994,horsemen,12,04｜擴充,,,B 擴充,,,,,
6995,hue,12,04｜擴充,,,B 擴充,,,,,
6996,humiliation,12,04｜擴充,,,B 擴充,,,,,
6997,hungary,12,04｜擴充,,,B 擴充,,,,,
6998,hydatid,12,04｜擴充,,,B 擴充,,,,,
6999,hydrogen,12,04｜擴充,,,B 擴充,,,,,
7000,hyperostosis,12,04｜擴充,,,B 擴充,,,,,
7001,hysterical,12,04｜擴充,,,B 擴充,,,,,
7002,identical,12,04｜擴充,,,B 擴充,,,,,
7003,idleness,12,04｜擴充,,,B 擴充,,,,,
7004,ignorant,12,04｜擴充,,,B 擴充,,,,,
7005,immunity,12,04｜擴充,,,B 擴充,,,,,
7006,implicate,12,04｜擴充,,,B 擴充,,,,,
7007,imply,12,04｜擴充,,,B 擴充,,,,,
7008,impress,12,04｜擴充,,,B 擴充,,,,,
7009,imprisoned,12,04｜擴充,,,B 擴充,,,,,
7010,incomes,12,04｜擴充,,,B 擴充,,,,,
7011,indecision,12,04｜擴充,,,B 擴充,,,,,
7012,indentured,12,04｜擴充,,,B 擴充,,,,,
7013,injunction,12,04｜擴充,,,B 擴充,,,,,
7014,insertion,12,04｜擴充,,,B 擴充,,,,,
7015,instruction,12,04｜擴充,n.,指示；教學,B 中高級核心,名詞,—,—,—,
7016,intending,12,04｜擴充,,,B 擴充,,,,,
7017,intolerable,12,04｜擴充,,,B 擴充,,,,,
7018,iodide,12,04｜擴充,,,B 擴充,,,,,
7019,irritant,12,04｜擴充,,,B 擴充,,,,,
7020,jokes,12,04｜擴充,,,B 擴充,,,,,
7021,karagina,12,04｜擴充,,,B 擴充,,,,,
7022,karp,12,04｜擴充,,,B 擴充,,,,,
7023,lascar,12,04｜擴充,,,B 擴充,,,,,
7024,lazarev,12,04｜擴充,,,B 擴充,,,,,
7025,lean,12,04｜擴充,,,B 擴充,,,,,
7026,leash,12,04｜擴充,,,B 擴充,,,,,
7027,lens,12,04｜擴充,,,B 擴充,,,,,
7028,lifeless,12,04｜擴充,,,B 擴充,,,,,
7029,limitations,12,04｜擴充,,,B 擴充,,,,,
7030,link,12,04｜擴充,n.,連結,B 中高級核心,名詞,—,—,—,
7031,linked,12,04｜擴充,,,B 擴充,,,,,
7032,listless,12,04｜擴充,,,B 擴充,,,,,
7033,lodged,12,04｜擴充,,,B 擴充,,,,,
7034,lump,12,04｜擴充,,,B 擴充,,,,,
7035,lymphangioma,12,04｜擴充,,,B 擴充,,,,,
7036,magnificent,12,04｜擴充,,,B 擴充,,,,,
7037,magnitski,12,04｜擴充,,,B 擴充,,,,,
7038,malignancy,12,04｜擴充,,,B 擴充,,,,,
7039,mask,12,04｜擴充,,,B 擴充,,,,,
7040,massive,12,04｜擴充,,,B 擴充,,,,,
7041,mechanically,12,04｜擴充,,,B 擴充,,,,,
7042,mechanism,12,04｜擴充,,,B 擴充,,,,,
7043,merryweather,12,04｜擴充,,,B 擴充,,,,,
7044,midday,12,04｜擴充,,,B 擴充,,,,,
7045,molasses,12,04｜擴充,,,B 擴充,,,,,
7046,moore,12,04｜擴充,,,B 擴充,,,,,
7047,mothers,12,04｜擴充,,,B 擴充,,,,,
7048,myositis,12,04｜擴充,,,B 擴充,,,,,
7049,mytishchi,12,04｜擴充,,,B 擴充,,,,,
7050,nasty,12,04｜擴充,,,B 擴充,,,,,
7051,natives,12,04｜擴充,,,B 擴充,,,,,
7052,ne,12,04｜擴充,,,B 擴充,,,,,
7053,negotiate,12,04｜擴充,,,B 擴充,,,,,
7054,nikolenka,12,04｜擴充,,,B 擴充,,,,,
7055,nodding,12,04｜擴充,,,B 擴充,,,,,
7056,noncommissioned,12,04｜擴充,,,B 擴充,,,,,
7057,obstacle,12,04｜擴充,,,B 擴充,,,,,
7058,occupying,12,04｜擴充,,,B 擴充,,,,,
7059,odontoma,12,04｜擴充,,,B 擴充,,,,,
7060,oldenburg,12,04｜擴充,,,B 擴充,,,,,
7061,orchestra,12,04｜擴充,,,B 擴充,,,,,
7062,orel,12,04｜擴充,,,B 擴充,,,,,
7063,originally,12,04｜擴充,,,B 擴充,,,,,
7064,ostitis,12,04｜擴充,,,B 擴充,,,,,
7065,outlet,12,04｜擴充,,,B 擴充,,,,,
7066,outright,12,04｜擴充,,,B 擴充,,,,,
7067,overtake,12,04｜擴充,,,B 擴充,,,,,
7068,papilloma,12,04｜擴充,,,B 擴充,,,,,
7069,passengers,12,04｜擴充,,,B 擴充,,,,,
7070,patella,12,04｜擴充,,,B 擴充,,,,,
7071,peculiarities,12,04｜擴充,,,B 擴充,,,,,
7072,peering,12,04｜擴充,,,B 擴充,,,,,
7073,perforated,12,04｜擴充,,,B 擴充,,,,,
7074,perplexed,12,04｜擴充,,,B 擴充,,,,,
7075,picket,12,04｜擴充,,,B 擴充,,,,,
7076,pips,12,04｜擴充,,,B 擴充,,,,,
7077,planks,12,04｜擴充,,,B 擴充,,,,,
7078,plant,12,04｜擴充,n.,植物；工廠,B 中高級核心,名詞,—,—,—,
7079,platov,12,04｜擴充,,,B 擴充,,,,,
7080,plight,12,04｜擴充,,,B 擴充,,,,,
7081,plot,12,04｜擴充,,,B 擴充,,,,,
7082,plumes,12,04｜擴充,,,B 擴充,,,,,
7083,politely,12,04｜擴充,,,B 擴充,,,,,
7084,populists,12,04｜擴充,,,B 擴充,,,,,
7085,pregnant,12,04｜擴充,,,B 擴充,,,,,
7086,premises,12,04｜擴充,,,B 擴充,,,,,
7087,principally,12,04｜擴充,,,B 擴充,,,,,
7088,probability,12,04｜擴充,,,B 擴充,,,,,
7089,proceeding,12,04｜擴充,,,B 擴充,,,,,
7090,proliferation,12,04｜擴充,,,B 擴充,,,,,
7091,promoting,12,04｜擴充,,,B 擴充,,,,,
7092,prone,12,04｜擴充,,,B 擴充,,,,,
7093,puffing,12,04｜擴充,,,B 擴充,,,,,
7094,purposely,12,04｜擴充,,,B 擴充,,,,,
7095,quartered,12,04｜擴充,,,B 擴充,,,,,
7096,quincy,12,04｜擴充,,,B 擴充,,,,,
7097,recovering,12,04｜擴充,,,B 擴充,,,,,
7098,recruits,12,04｜擴充,,,B 擴充,,,,,
7099,refrained,12,04｜擴充,,,B 擴充,,,,,
7100,regulating,12,04｜擴充,,,B 擴充,,,,,
7101,rejoicing,12,04｜擴充,,,B 擴充,,,,,
7102,relapsing,12,04｜擴充,,,B 擴充,,,,,
7103,remainder,12,04｜擴充,,,B 擴充,,,,,
7104,resection,12,04｜擴充,,,B 擴充,,,,,
7105,resemblance,12,04｜擴充,,,B 擴充,,,,,
7106,resented,12,04｜擴充,,,B 擴充,,,,,
7107,resentment,12,04｜擴充,,,B 擴充,,,,,
7108,rhine,12,04｜擴充,,,B 擴充,,,,,
7109,richer,12,04｜擴充,,,B 擴充,,,,,
7110,rifle,12,04｜擴充,,,B 擴充,,,,,
7111,riverside,12,04｜擴充,,,B 擴充,,,,,
7112,romance,12,04｜擴充,,,B 擴充,,,,,
7113,rome,12,04｜擴充,,,B 擴充,,,,,
7114,roots,12,04｜擴充,,,B 擴充,,,,,
7115,ruins,12,04｜擴充,,,B 擴充,,,,,
7116,ruling,12,04｜擴充,,,B 擴充,,,,,
7117,ryder,12,04｜擴充,,,B 擴充,,,,,
7118,sacrifices,12,04｜擴充,,,B 擴充,,,,,
7119,sapraemia,12,04｜擴充,,,B 擴充,,,,,
7120,sarcastic,12,04｜擴充,,,B 擴充,,,,,
7121,scarf,12,04｜擴充,,,B 擴充,,,,,
7122,scenes,12,04｜擴充,,,B 擴充,,,,,
7123,schemes,12,04｜擴充,,,B 擴充,,,,,
7124,scientific,12,04｜擴充,adj.,科學的,B 中高級核心,形容詞,—,—,—,
7125,secretion,12,04｜擴充,,,B 擴充,,,,,
7126,selection,12,04｜擴充,,,B 擴充,,,,,
7127,sentinel,12,04｜擴充,,,B 擴充,,,,,
7128,shippers,12,04｜擴充,,,B 擴充,,,,,
7129,shivering,12,04｜擴充,,,B 擴充,,,,,
7130,shooting,12,04｜擴充,,,B 擴充,,,,,
7131,shyly,12,04｜擴充,,,B 擴充,,,,,
7132,sideways,12,04｜擴充,,,B 擴充,,,,,
7133,singly,12,04｜擴充,,,B 擴充,,,,,
7134,smallest,12,04｜擴充,,,B 擴充,,,,,
7135,sodden,12,04｜擴充,,,B 擴充,,,,,
7136,solemnity,12,04｜擴充,,,B 擴充,,,,,
7137,soup,12,04｜擴充,,,B 擴充,,,,,
7138,spared,12,04｜擴充,,,B 擴充,,,,,
7139,specie,12,04｜擴充,,,B 擴充,,,,,
7140,speedily,12,04｜擴充,,,B 擴充,,,,,
7141,spending,12,04｜擴充,,,B 擴充,,,,,
7142,spirited,12,04｜擴充,,,B 擴充,,,,,
7143,spots,12,04｜擴充,,,B 擴充,,,,,
7144,spotted,12,04｜擴充,,,B 擴充,,,,,
7145,springing,12,04｜擴充,,,B 擴充,,,,,
7146,sprung,12,04｜擴充,,,B 擴充,,,,,
7147,staggering,12,04｜擴充,,,B 擴充,,,,,
7148,steep,12,04｜擴充,,,B 擴充,,,,,
7149,store,12,04｜擴充,v./n.,儲存；存放,B 中高級核心,動詞；名詞,stored,stored,否,
7150,strategy,12,04｜擴充,n.,策略,B 中高級核心,名詞,—,—,—,
7151,string,12,04｜擴充,,,B 擴充,,,,,
7152,stubborn,12,04｜擴充,,,B 擴充,,,,,
7153,student,12,04｜擴充,n.,學生,B 中高級核心,名詞,—,—,—,
7154,succumb,12,04｜擴充,,,B 擴充,,,,,
7155,superiority,12,04｜擴充,,,B 擴充,,,,,
7156,surround,12,04｜擴充,,,B 擴充,,,,,
7157,suspect,12,04｜擴充,,,B 擴充,,,,,
7158,swear,12,04｜擴充,,,B 擴充,,,,,
7159,sweating,12,04｜擴充,,,B 擴充,,,,,
7160,systematic,12,04｜擴充,,,B 擴充,,,,,
7161,technical,12,04｜擴充,,,B 擴充,,,,,
7162,termination,12,04｜擴充,,,B 擴充,,,,,
7163,tetanic,12,04｜擴充,,,B 擴充,,,,,
7164,thief,12,04｜擴充,,,B 擴充,,,,,
7165,throng,12,04｜擴充,,,B 擴充,,,,,
7166,toleration,12,04｜擴充,,,B 擴充,,,,,
7167,tour,12,04｜擴充,n.,旅行；參觀,B 中高級核心,名詞,—,—,—,
7168,tout,12,04｜擴充,,,B 擴充,,,,,
7169,tradesmen,12,04｜擴充,,,B 擴充,,,,,
7170,trails,12,04｜擴充,,,B 擴充,,,,,
7171,tramp,12,04｜擴充,,,B 擴充,,,,,
7172,tread,12,04｜擴充,,,B 擴充,,,,,
7173,trifling,12,04｜擴充,,,B 擴充,,,,,
7174,trip,12,04｜擴充,n.,旅行,B 中高級核心,名詞,—,—,—,
7175,tsarevich,12,04｜擴充,,,B 擴充,,,,,
7176,tucked,12,04｜擴充,,,B 擴充,,,,,
7177,turkish,12,04｜擴充,,,B 擴充,,,,,
7178,ulm,12,04｜擴充,,,B 擴充,,,,,
7179,unbuttoned,12,04｜擴充,,,B 擴充,,,,,
7180,uncovered,12,04｜擴充,,,B 擴充,,,,,
7181,undergoing,12,04｜擴充,,,B 擴充,,,,,
7182,undressed,12,04｜擴充,,,B 擴充,,,,,
7183,unimportant,12,04｜擴充,,,B 擴充,,,,,
7184,unusually,12,04｜擴充,,,B 擴充,,,,,
7185,unwilling,12,04｜擴充,,,B 擴充,,,,,
7186,uprising,12,04｜擴充,,,B 擴充,,,,,
7187,varied,12,04｜擴充,,,B 擴充,,,,,
7188,venereal,12,04｜擴充,,,B 擴充,,,,,
7189,vent,12,04｜擴充,,,B 擴充,,,,,
7190,vermont,12,04｜擴充,,,B 擴充,,,,,
7191,vision,12,04｜擴充,,,B 擴充,,,,,
7192,visiting,12,04｜擴充,,,B 擴充,,,,,
7193,volkonski,12,04｜擴充,,,B 擴充,,,,,
7194,voyage,12,04｜擴充,,,B 擴充,,,,,
7195,wanting,12,04｜擴充,,,B 擴充,,,,,
7196,weakened,12,04｜擴充,,,B 擴充,,,,,
7197,weapons,12,04｜擴充,,,B 擴充,,,,,
7198,weariness,12,04｜擴充,,,B 擴充,,,,,
7199,whispers,12,04｜擴充,,,B 擴充,,,,,
7200,withdrawing,12,04｜擴充,,,B 擴充,,,,,
7201,workingmen,12,04｜擴充,,,B 擴充,,,,,
7202,youngest,12,04｜擴充,,,B 擴充,,,,,
7203,abolishing,11,04｜擴充,,,B 擴充,,,,,
7204,abstract,11,04｜擴充,,,B 擴充,,,,,
7205,accessible,11,04｜擴充,,,B 擴充,,,,,
7206,accountant,11,04｜擴充,,,B 擴充,,,,,
7207,achievement,11,04｜擴充,n.,成就,A 基礎必會,名詞,—,—,—,
7208,achievements,11,04｜擴充,,,B 擴充,,,,,
7209,acknowledge,11,04｜擴充,v.,承認；確認,A 基礎必會,動詞,acknowledged,acknowledged,否,
7210,affording,11,04｜擴充,,,B 擴充,,,,,
7211,afresh,11,04｜擴充,,,B 擴充,,,,,
7212,agency,11,04｜擴充,n.,機構；代理商,A 基礎必會,名詞,—,—,—,
7213,aggression,11,04｜擴充,,,B 擴充,,,,,
7214,amazement,11,04｜擴充,,,B 擴充,,,,,
7215,amenable,11,04｜擴充,,,B 擴充,,,,,
7216,antiseptics,11,04｜擴充,,,B 擴充,,,,,
7217,apartment,11,04｜擴充,n.,公寓,A 基礎必會,名詞,—,—,—,
7218,appeals,11,04｜擴充,,,B 擴充,,,,,
7219,appendix,11,04｜擴充,,,B 擴充,,,,,
7220,apple,11,04｜擴充,,,B 擴充,,,,,
7221,appointments,11,04｜擴充,,,B 擴充,,,,,
7222,apportioned,11,04｜擴充,,,B 擴充,,,,,
7223,ascending,11,04｜擴充,,,B 擴充,,,,,
7224,ascii,11,04｜擴充,,,B 擴充,,,,,
7225,ashes,11,04｜擴充,,,B 擴充,,,,,
7226,assailed,11,04｜擴充,,,B 擴充,,,,,
7227,avert,11,04｜擴充,,,B 擴充,,,,,
7228,awakening,11,04｜擴充,,,B 擴充,,,,,
7229,awe,11,04｜擴充,,,B 擴充,,,,,
7230,ax,11,04｜擴充,,,B 擴充,,,,,
7231,background,11,04｜擴充,n.,背景,A 基礎必會,名詞,—,—,—,
7232,balcony,11,04｜擴充,,,B 擴充,,,,,
7233,barred,11,04｜擴充,,,B 擴充,,,,,
7234,beckoned,11,04｜擴充,,,B 擴充,,,,,
7235,believing,11,04｜擴充,,,B 擴充,,,,,
7236,belly,11,04｜擴充,,,B 擴充,,,,,
7237,betray,11,04｜擴充,,,B 擴充,,,,,
7238,bible,11,04｜擴充,,,B 擴充,,,,,
7239,blade,11,04｜擴充,,,B 擴充,,,,,
7240,bleeders,11,04｜擴充,,,B 擴充,,,,,
7241,blew,11,04｜擴充,,,B 擴充,,,,,
7242,bloodstained,11,04｜擴充,,,B 擴充,,,,,
7243,boat,11,04｜擴充,n.,船,A 基礎必會,名詞,—,—,—,
7244,boats,11,04｜擴充,,,B 擴充,,,,,
7245,bride,11,04｜擴充,,,B 擴充,,,,,
7246,briony,11,04｜擴充,,,B 擴充,,,,,
7247,broadsheets,11,04｜擴充,,,B 擴充,,,,,
7248,capsular,11,04｜擴充,,,B 擴充,,,,,
7249,cash,11,04｜擴充,n.,現金,A 基礎必會,名詞,—,—,—,
7250,casting,11,04｜擴充,,,B 擴充,,,,,
7251,ce,11,04｜擴充,,,B 擴充,,,,,
7252,cents,11,04｜擴充,,,B 擴充,,,,,
7253,cf,11,04｜擴充,,,B 擴充,,,,,
7254,chimney,11,04｜擴充,,,B 擴充,,,,,
7255,civilized,11,04｜擴充,,,B 擴充,,,,,
7256,clasped,11,04｜擴充,,,B 擴充,,,,,
7257,clearer,11,04｜擴充,,,B 擴充,,,,,
7258,coagulation,11,04｜擴充,,,B 擴充,,,,,
7259,colleges,11,04｜擴充,,,B 擴充,,,,,
7260,collodion,11,04｜擴充,,,B 擴充,,,,,
7261,columbia,11,04｜擴充,,,B 擴充,,,,,
7262,combat,11,04｜擴充,,,B 擴充,,,,,
7263,comforts,11,04｜擴充,,,B 擴充,,,,,
7264,commence,11,04｜擴充,,,B 擴充,,,,,
7265,commodities,11,04｜擴充,,,B 擴充,,,,,
7266,commonwealth,11,04｜擴充,,,B 擴充,,,,,
7267,communicating,11,04｜擴充,,,B 擴充,,,,,
7268,comparative,11,04｜擴充,,,B 擴充,,,,,
7269,complication,11,04｜擴充,,,B 擴充,,,,,
7270,conciliation,11,04｜擴充,,,B 擴充,,,,,
7271,condemn,11,04｜擴充,,,B 擴充,,,,,
7272,congressional,11,04｜擴充,,,B 擴充,,,,,
7273,constricting,11,04｜擴充,,,B 擴充,,,,,
7274,consultation,11,04｜擴充,,,B 擴充,,,,,
7275,contour,11,04｜擴充,,,B 擴充,,,,,
7276,contradictory,11,04｜擴充,,,B 擴充,,,,,
7277,convalescence,11,04｜擴充,,,B 擴充,,,,,
7278,cool,11,04｜擴充,adj.,涼的；酷的,A 基礎必會,形容詞,—,—,—,
7279,cordially,11,04｜擴充,,,B 擴充,,,,,
7280,correctly,11,04｜擴充,,,B 擴充,,,,,
7281,cortex,11,04｜擴充,,,B 擴充,,,,,
7282,couldn,11,04｜擴充,,,B 擴充,,,,,
7283,councils,11,04｜擴充,,,B 擴充,,,,,
7284,creaked,11,04｜擴充,,,B 擴充,,,,,
7285,creaking,11,04｜擴充,,,B 擴充,,,,,
7286,crew,11,04｜擴充,,,B 擴充,,,,,
7287,crosses,11,04｜擴充,,,B 擴充,,,,,
7288,cultivated,11,04｜擴充,,,B 擴充,,,,,
7289,dagger,11,04｜擴充,,,B 擴充,,,,,
7290,danilovna,11,04｜擴充,,,B 擴充,,,,,
7291,delicacy,11,04｜擴充,,,B 擴充,,,,,
7292,delirious,11,04｜擴充,,,B 擴充,,,,,
7293,desk,11,04｜擴充,n.,書桌,A 基礎必會,名詞,—,—,—,
7294,desperately,11,04｜擴充,,,B 擴充,,,,,
7295,desperation,11,04｜擴充,,,B 擴充,,,,,
7296,despise,11,04｜擴充,,,B 擴充,,,,,
7297,diagnostic,11,04｜擴充,,,B 擴充,,,,,
7298,differentiate,11,04｜擴充,,,B 擴充,,,,,
7299,differs,11,04｜擴充,,,B 擴充,,,,,
7300,dimensions,11,04｜擴充,,,B 擴充,,,,,
7301,diminishes,11,04｜擴充,,,B 擴充,,,,,
7302,discoloured,11,04｜擴充,,,B 擴充,,,,,
7303,dishes,11,04｜擴充,,,B 擴充,,,,,
7304,distracted,11,04｜擴充,,,B 擴充,,,,,
7305,dmitrich,11,04｜擴充,,,B 擴充,,,,,
7306,documents,11,04｜擴充,,,B 擴充,,,,,
7307,doings,11,04｜擴充,,,B 擴充,,,,,
7308,doll,11,04｜擴充,,,B 擴充,,,,,
7309,dominated,11,04｜擴充,,,B 擴充,,,,,
7310,downhill,11,04｜擴充,,,B 擴充,,,,,
7311,dowry,11,04｜擴充,,,B 擴充,,,,,
7312,dram,11,04｜擴充,,,B 擴充,,,,,
7313,dreaded,11,04｜擴充,,,B 擴充,,,,,
7314,dred,11,04｜擴充,,,B 擴充,,,,,
7315,drums,11,04｜擴充,,,B 擴充,,,,,
7316,drying,11,04｜擴充,,,B 擴充,,,,,
7317,duc,11,04｜擴充,,,B 擴充,,,,,
7318,earthly,11,04｜擴充,,,B 擴充,,,,,
7319,electrical,11,04｜擴充,,,B 擴充,,,,,
7320,electrolysis,11,04｜擴充,,,B 擴充,,,,,
7321,electronically,11,04｜擴充,,,B 擴充,,,,,
7322,embarrassing,11,04｜擴充,,,B 擴充,,,,,
7323,embolic,11,04｜擴充,,,B 擴充,,,,,
7324,emphasis,11,04｜擴充,,,B 擴充,,,,,
7325,enact,11,04｜擴充,,,B 擴充,,,,,
7326,endeavoured,11,04｜擴充,,,B 擴充,,,,,
7327,enterprises,11,04｜擴充,,,B 擴充,,,,,
7328,enveloped,11,04｜擴充,,,B 擴充,,,,,
7329,episode,11,04｜擴充,,,B 擴充,,,,,
7330,exile,11,04｜擴充,,,B 擴充,,,,,
7331,experiences,11,04｜擴充,,,B 擴充,,,,,
7332,explains,11,04｜擴充,,,B 擴充,,,,,
7333,explanations,11,04｜擴充,,,B 擴充,,,,,
7334,exploits,11,04｜擴充,,,B 擴充,,,,,
7335,extensors,11,04｜擴充,,,B 擴充,,,,,
7336,exudation,11,04｜擴充,,,B 擴充,,,,,
7337,fasciae,11,04｜擴充,,,B 擴充,,,,,
7338,fatigue,11,04｜擴充,,,B 擴充,,,,,
7339,favors,11,04｜擴充,,,B 擴充,,,,,
7340,favoured,11,04｜擴充,,,B 擴充,,,,,
7341,fete,11,04｜擴充,,,B 擴充,,,,,
7342,finely,11,04｜擴充,,,B 擴充,,,,,
7343,finest,11,04｜擴充,,,B 擴充,,,,,
7344,fishing,11,04｜擴充,,,B 擴充,,,,,
7345,flared,11,04｜擴充,,,B 擴充,,,,,
7346,flee,11,04｜擴充,,,B 擴充,,,,,
7347,flourish,11,04｜擴充,,,B 擴充,,,,,
7348,fomentations,11,04｜擴充,,,B 擴充,,,,,
7349,forbid,11,04｜擴充,,,B 擴充,,,,,
7350,forcibly,11,04｜擴充,,,B 擴充,,,,,
7351,friday,11,04｜擴充,,,B 擴充,,,,,
7352,frontal,11,04｜擴充,,,B 擴充,,,,,
7353,fugitives,11,04｜擴充,,,B 擴充,,,,,
7354,fuss,11,04｜擴充,,,B 擴充,,,,,
7355,gallery,11,04｜擴充,,,B 擴充,,,,,
7356,gangrenous,11,04｜擴充,,,B 擴充,,,,,
7357,gardens,11,04｜擴充,,,B 擴充,,,,,
7358,garments,11,04｜擴充,,,B 擴充,,,,,
7359,garrison,11,04｜擴充,,,B 擴充,,,,,
7360,gasped,11,04｜擴充,,,B 擴充,,,,,
7361,generalised,11,04｜擴充,,,B 擴充,,,,,
7362,gift,11,04｜擴充,,,B 擴充,,,,,
7363,gladly,11,04｜擴充,,,B 擴充,,,,,
7364,glorious,11,04｜擴充,,,B 擴充,,,,,
7365,governesses,11,04｜擴充,,,B 擴充,,,,,
7366,graceful,11,04｜擴充,,,B 擴充,,,,,
7367,grade,11,04｜擴充,n.,年級；成績,B 中高級核心,名詞,—,—,—,
7368,granulating,11,04｜擴充,,,B 擴充,,,,,
7369,gravely,11,04｜擴充,,,B 擴充,,,,,
7370,greenish,11,04｜擴充,,,B 擴充,,,,,
7371,groan,11,04｜擴充,,,B 擴充,,,,,
7372,groove,11,04｜擴充,,,B 擴充,,,,,
7373,grudge,11,04｜擴充,,,B 擴充,,,,,
7374,haemophilia,11,04｜擴充,,,B 擴充,,,,,
7375,handled,11,04｜擴充,,,B 擴充,,,,,
7376,harnessed,11,04｜擴充,,,B 擴充,,,,,
7377,harvard,11,04｜擴充,,,B 擴充,,,,,
7378,hears,11,04｜擴充,,,B 擴充,,,,,
7379,hemp,11,04｜擴充,,,B 擴充,,,,,
7380,highways,11,04｜擴充,,,B 擴充,,,,,
7381,hindrance,11,04｜擴充,,,B 擴充,,,,,
7382,hinted,11,04｜擴充,,,B 擴充,,,,,
7383,identity,11,04｜擴充,,,B 擴充,,,,,
7384,imports,11,04｜擴充,,,B 擴充,,,,,
7385,imprisonment,11,04｜擴充,,,B 擴充,,,,,
7386,incorporated,11,04｜擴充,,,B 擴充,,,,,
7387,incredible,11,04｜擴充,,,B 擴充,,,,,
7388,induction,11,04｜擴充,,,B 擴充,,,,,
7389,informing,11,04｜擴充,,,B 擴充,,,,,
7390,inherent,11,04｜擴充,,,B 擴充,,,,,
7391,innominate,11,04｜擴充,,,B 擴充,,,,,
7392,insignificance,11,04｜擴充,,,B 擴充,,,,,
7393,inspect,11,04｜擴充,,,B 擴充,,,,,
7394,inspiration,11,04｜擴充,,,B 擴充,,,,,
7395,insulted,11,04｜擴充,,,B 擴充,,,,,
7396,intensity,11,04｜擴充,,,B 擴充,,,,,
7397,interpretation,11,04｜擴充,,,B 擴充,,,,,
7398,intimately,11,04｜擴充,,,B 擴充,,,,,
7399,intrigue,11,04｜擴充,,,B 擴充,,,,,
7400,ironic,11,04｜擴充,,,B 擴充,,,,,
7401,ironical,11,04｜擴充,,,B 擴充,,,,,
7402,irresistibly,11,04｜擴充,,,B 擴充,,,,,
7403,irritability,11,04｜擴充,,,B 擴充,,,,,
7404,jesus,11,04｜擴充,,,B 擴充,,,,,
7405,job,11,04｜擴充,n.,工作,B 中高級核心,名詞,—,—,—,
7406,judiciary,11,04｜擴充,,,B 擴充,,,,,
7407,keeps,11,04｜擴充,,,B 擴充,,,,,
7408,kerchief,11,04｜擴充,,,B 擴充,,,,,
7409,kidneys,11,04｜擴充,,,B 擴充,,,,,
7410,lace,11,04｜擴充,,,B 擴充,,,,,
7411,lap,11,04｜擴充,,,B 擴充,,,,,
7412,legged,11,04｜擴充,,,B 擴充,,,,,
7413,lend,11,04｜擴充,v.,借出,A 基礎必會,動詞,lent,lent,是,
7414,lesson,11,04｜擴充,n.,課,B 中高級核心,名詞,—,—,—,
7415,liberties,11,04｜擴充,,,B 擴充,,,,,
7416,locally,11,04｜擴充,,,B 擴充,,,,,
7417,lodges,11,04｜擴充,,,B 擴充,,,,,
7418,lodgings,11,04｜擴充,,,B 擴充,,,,,
7419,logic,11,04｜擴充,,,B 擴充,,,,,
7420,looting,11,04｜擴充,,,B 擴充,,,,,
7421,lorrain,11,04｜擴充,,,B 擴充,,,,,
7422,luminous,11,04｜擴充,,,B 擴充,,,,,
7423,mandible,11,04｜擴充,,,B 擴充,,,,,
7424,marie,11,04｜擴充,,,B 擴充,,,,,
7425,massacre,11,04｜擴充,,,B 擴充,,,,,
7426,mathematics,11,04｜擴充,,,B 擴充,,,,,
7427,matrix,11,04｜擴充,,,B 擴充,,,,,
7428,mazurka,11,04｜擴充,,,B 擴充,,,,,
7429,melting,11,04｜擴充,,,B 擴充,,,,,
7430,merits,11,04｜擴充,,,B 擴充,,,,,
7431,metastasis,11,04｜擴充,,,B 擴充,,,,,
7432,mineral,11,04｜擴充,,,B 擴充,,,,,
7433,mingling,11,04｜擴充,,,B 擴充,,,,,
7434,missionaries,11,04｜擴充,,,B 擴充,,,,,
7435,monotonous,11,04｜擴充,,,B 擴充,,,,,
7436,monster,11,04｜擴充,,,B 擴充,,,,,
7437,mostly,11,04｜擴充,,,B 擴充,,,,,
7438,mournful,11,04｜擴充,,,B 擴充,,,,,
7439,mouths,11,04｜擴充,,,B 擴充,,,,,
7440,mummers,11,04｜擴充,,,B 擴充,,,,,
7441,murderer,11,04｜擴充,,,B 擴充,,,,,
7442,mustaches,11,04｜擴充,,,B 擴充,,,,,
7443,mutton,11,04｜擴充,,,B 擴充,,,,,
7444,napkin,11,04｜擴充,,,B 擴充,,,,,
7445,narrowing,11,04｜擴充,,,B 擴充,,,,,
7446,nearness,11,04｜擴充,,,B 擴充,,,,,
7447,neatly,11,04｜擴充,,,B 擴充,,,,,
7448,negotiation,11,04｜擴充,,,B 擴充,,,,,
7449,neighborhood,11,04｜擴充,,,B 擴充,,,,,
7450,nightcap,11,04｜擴充,,,B 擴充,,,,,
7451,nobleman,11,04｜擴充,,,B 擴充,,,,,
7452,noiselessly,11,04｜擴充,,,B 擴充,,,,,
7453,normally,11,04｜擴充,adv.,通常；正常地,B 中高級核心,副詞,—,—,—,
7454,nosed,11,04｜擴充,,,B 擴充,,,,,
7455,null,11,04｜擴充,,,B 擴充,,,,,
7456,offset,11,04｜擴充,,,B 擴充,,,,,
7457,ooh,11,04｜擴充,,,B 擴充,,,,,
7458,oozing,11,04｜擴充,,,B 擴充,,,,,
7459,openings,11,04｜擴充,,,B 擴充,,,,,
7460,opera,11,04｜擴充,,,B 擴充,,,,,
7461,oppression,11,04｜擴充,,,B 擴充,,,,,
7462,oval,11,04｜擴充,,,B 擴充,,,,,
7463,oxford,11,04｜擴充,,,B 擴充,,,,,
7464,packet,11,04｜擴充,,,B 擴充,,,,,
7465,pallor,11,04｜擴充,,,B 擴充,,,,,
7466,particulars,11,04｜擴充,,,B 擴充,,,,,
7467,partisan,11,04｜擴充,,,B 擴充,,,,,
7468,paste,11,04｜擴充,,,B 擴充,,,,,
7469,paxson,11,04｜擴充,,,B 擴充,,,,,
7470,penetrate,11,04｜擴充,,,B 擴充,,,,,
7471,persists,11,04｜擴充,,,B 擴充,,,,,
7472,peterson,11,04｜擴充,,,B 擴充,,,,,
7473,phalanges,11,04｜擴充,,,B 擴充,,,,,
7474,pinch,11,04｜擴充,,,B 擴充,,,,,
7475,pitched,11,04｜擴充,,,B 擴充,,,,,
7476,pleura,11,04｜擴充,,,B 擴充,,,,,
7477,poles,11,04｜擴充,,,B 擴充,,,,,
7478,pope,11,04｜擴充,,,B 擴充,,,,,
7479,popularly,11,04｜擴充,,,B 擴充,,,,,
7480,portfolio,11,04｜擴充,,,B 擴充,,,,,
7481,potato,11,04｜擴充,,,B 擴充,,,,,
7482,pouches,11,04｜擴充,,,B 擴充,,,,,
7483,precipitated,11,04｜擴充,,,B 擴充,,,,,
7484,preobrazhensk,11,04｜擴充,,,B 擴充,,,,,
7485,prepatellar,11,04｜擴充,,,B 擴充,,,,,
7486,preservation,11,04｜擴充,,,B 擴充,,,,,
7487,prime,11,04｜擴充,,,B 擴充,,,,,
7488,princes,11,04｜擴充,,,B 擴充,,,,,
7489,prophecy,11,04｜擴充,,,B 擴充,,,,,
7490,proportions,11,04｜擴充,,,B 擴充,,,,,
7491,prosecution,11,04｜擴充,,,B 擴充,,,,,
7492,pseudo,11,04｜擴充,,,B 擴充,,,,,
7493,psoas,11,04｜擴充,,,B 擴充,,,,,
7494,publican,11,04｜擴充,,,B 擴充,,,,,
7495,puff,11,04｜擴充,,,B 擴充,,,,,
7496,pustules,11,04｜擴充,,,B 擴充,,,,,
7497,qualification,11,04｜擴充,,,B 擴充,,,,,
7498,radicals,11,04｜擴充,,,B 擴充,,,,,
7499,radius,11,04｜擴充,,,B 擴充,,,,,
7500,rail,11,04｜擴充,,,B 擴充,,,,,
7501,ratio,11,04｜擴充,,,B 擴充,,,,,
7502,readers,11,04｜擴充,,,B 擴充,,,,,
7503,reckless,11,04｜擴充,,,B 擴充,,,,,
7504,reckoning,11,04｜擴充,,,B 擴充,,,,,
7505,reclamation,11,04｜擴充,,,B 擴充,,,,,
7506,regulars,11,04｜擴充,,,B 擴充,,,,,
7507,rein,11,04｜擴充,,,B 擴充,,,,,
7508,rely,11,04｜擴充,v.,依賴,B 中高級核心,動詞,relied,relied,否,
7509,reporting,11,04｜擴充,,,B 擴充,,,,,
7510,requiring,11,04｜擴充,,,B 擴充,,,,,
7511,resected,11,04｜擴充,,,B 擴充,,,,,
7512,residence,11,04｜擴充,,,B 擴充,,,,,
7513,resort,11,04｜擴充,,,B 擴充,,,,,
7514,resource,11,04｜擴充,n.,資源,B 中高級核心,名詞,—,—,—,
7515,restrained,11,04｜擴充,,,B 擴充,,,,,
7516,resume,11,04｜擴充,,,B 擴充,,,,,
7517,reverse,11,04｜擴充,,,B 擴充,,,,,
7518,revoir,11,04｜擴充,,,B 擴充,,,,,
7519,revolutions,11,04｜擴充,,,B 擴充,,,,,
7520,riot,11,04｜擴充,,,B 擴充,,,,,
7521,romantic,11,04｜擴充,,,B 擴充,,,,,
7522,ruinous,11,04｜擴充,,,B 擴充,,,,,
7523,rural,11,04｜擴充,,,B 擴充,,,,,
7524,safeguard,11,04｜擴充,,,B 擴充,,,,,
7525,safely,11,04｜擴充,,,B 擴充,,,,,
7526,sausage,11,04｜擴充,,,B 擴充,,,,,
7527,savannah,11,04｜擴充,,,B 擴充,,,,,
7528,scab,11,04｜擴充,,,B 擴充,,,,,
7529,screw,11,04｜擴充,,,B 擴充,,,,,
7530,secreting,11,04｜擴充,,,B 擴充,,,,,
7531,senses,11,04｜擴充,,,B 擴充,,,,,
7532,sets,11,04｜擴充,,,B 擴充,,,,,
7533,seward,11,04｜擴充,,,B 擴充,,,,,
7534,sex,11,04｜擴充,,,B 擴充,,,,,
7535,shaken,11,04｜擴充,,,B 擴充,,,,,
7536,sharpshooters,11,04｜擴充,,,B 擴充,,,,,
7537,shaved,11,04｜擴充,,,B 擴充,,,,,
7538,shoe,11,04｜擴充,,,B 擴充,,,,,
7539,shore,11,04｜擴充,,,B 擴充,,,,,
7540,shortening,11,04｜擴充,,,B 擴充,,,,,
7541,shorter,11,04｜擴充,,,B 擴充,,,,,
7542,shriveled,11,04｜擴充,,,B 擴充,,,,,
7543,sighted,11,04｜擴充,,,B 擴充,,,,,
7544,sixteenth,11,04｜擴充,,,B 擴充,,,,,
7545,slammed,11,04｜擴充,,,B 擴充,,,,,
7546,sleighs,11,04｜擴充,,,B 擴充,,,,,
7547,smoked,11,04｜擴充,,,B 擴充,,,,,
7548,smoothly,11,04｜擴充,,,B 擴充,,,,,
7549,snuff,11,04｜擴充,,,B 擴充,,,,,
7550,speaks,11,04｜擴充,,,B 擴充,,,,,
7551,spleen,11,04｜擴充,,,B 擴充,,,,,
7552,splendidly,11,04｜擴充,,,B 擴充,,,,,
7553,squeezed,11,04｜擴充,,,B 擴充,,,,,
7554,stair,11,04｜擴充,,,B 擴充,,,,,
7555,starvation,11,04｜擴充,,,B 擴充,,,,,
7556,sticking,11,04｜擴充,,,B 擴充,,,,,
7557,stitch,11,04｜擴充,,,B 擴充,,,,,
7558,stoke,11,04｜擴充,,,B 擴充,,,,,
7559,strains,11,04｜擴充,,,B 擴充,,,,,
7560,streams,11,04｜擴充,,,B 擴充,,,,,
7561,studying,11,04｜擴充,,,B 擴充,,,,,
7562,stuff,11,04｜擴充,,,B 擴充,,,,,
7563,stupidity,11,04｜擴充,,,B 擴充,,,,,
7564,subjacent,11,04｜擴充,,,B 擴充,,,,,
7565,subside,11,04｜擴充,,,B 擴充,,,,,
7566,subsided,11,04｜擴充,,,B 擴充,,,,,
7567,substituted,11,04｜擴充,,,B 擴充,,,,,
7568,suggestive,11,04｜擴充,,,B 擴充,,,,,
7569,summons,11,04｜擴充,,,B 擴充,,,,,
7570,supplying,11,04｜擴充,,,B 擴充,,,,,
7571,surplus,11,04｜擴充,,,B 擴充,,,,,
7572,suspicious,11,04｜擴充,,,B 擴充,,,,,
7573,sutherland,11,04｜擴充,,,B 擴充,,,,,
7574,sutured,11,04｜擴充,,,B 擴充,,,,,
7575,sway,11,04｜擴充,,,B 擴充,,,,,
7576,sympathies,11,04｜擴充,,,B 擴充,,,,,
7577,taylor,11,04｜擴充,,,B 擴充,,,,,
7578,thirteenth,11,04｜擴充,,,B 擴充,,,,,
7579,thoughtfully,11,04｜擴充,,,B 擴充,,,,,
7580,threat,11,04｜擴充,,,B 擴充,,,,,
7581,tint,11,04｜擴充,,,B 擴充,,,,,
7582,token,11,04｜擴充,,,B 擴充,,,,,
7583,topic,11,04｜擴充,n.,主題,B 中高級核心,名詞,—,—,—,
7584,tormenting,11,04｜擴充,,,B 擴充,,,,,
7585,trades,11,04｜擴充,,,B 擴充,,,,,
7586,transparent,11,04｜擴充,,,B 擴充,,,,,
7587,travelers,11,04｜擴充,,,B 擴充,,,,,
7588,trifle,11,04｜擴充,,,B 擴充,,,,,
7589,trustees,11,04｜擴充,,,B 擴充,,,,,
7590,tut,11,04｜擴充,,,B 擴充,,,,,
7591,twelfth,11,04｜擴充,,,B 擴充,,,,,
7592,ugly,11,04｜擴充,,,B 擴充,,,,,
7593,unduly,11,04｜擴充,,,B 擴充,,,,,
7594,uneasiness,11,04｜擴充,,,B 擴充,,,,,
7595,unfortunately,11,04｜擴充,,,B 擴充,,,,,
7596,universe,11,04｜擴充,,,B 擴充,,,,,
7597,unreasonable,11,04｜擴充,,,B 擴充,,,,,
7598,uterine,11,04｜擴充,,,B 擴充,,,,,
7599,valleys,11,04｜擴充,,,B 擴充,,,,,
7600,veiled,11,04｜擴充,,,B 擴充,,,,,
7601,verdict,11,04｜擴充,,,B 擴充,,,,,
7602,vestibule,11,04｜擴充,,,B 擴充,,,,,
7603,visits,11,04｜擴充,,,B 擴充,,,,,
7604,vivid,11,04｜擴充,,,B 擴充,,,,,
7605,von,11,04｜擴充,,,B 擴充,,,,,
7606,warn,11,04｜擴充,v.,警告,A 基礎必會,動詞,warned,warned,否,
7607,warrior,11,04｜擴充,,,B 擴充,,,,,
7608,watery,11,04｜擴充,,,B 擴充,,,,,
7609,wens,11,04｜擴充,,,B 擴充,,,,,
7610,whereas,11,04｜擴充,功能字,然而；反之,A 基礎必會,文法／連接／介系詞,—,—,—,
7611,winchester,11,04｜擴充,,,B 擴充,,,,,
7612,wink,11,04｜擴充,,,B 擴充,,,,,
7613,wolves,11,04｜擴充,,,B 擴充,,,,,
7614,worthless,11,04｜擴充,,,B 擴充,,,,,
7615,writs,11,04｜擴充,,,B 擴充,,,,,
7616,yakov,11,04｜擴充,,,B 擴充,,,,,
7617,yaroslavl,11,04｜擴充,,,B 擴充,,,,,
7618,zealous,11,04｜擴充,,,B 擴充,,,,,
7619,abduction,10,04｜擴充,,,B 擴充,,,,,
7620,abnormally,10,04｜擴充,,,B 擴充,,,,,
7621,aching,10,04｜擴充,,,B 擴充,,,,,
7622,acknowledged,10,04｜擴充,,,B 擴充,,,,,
7623,acre,10,04｜擴充,,,B 擴充,,,,,
7624,additions,10,04｜擴充,,,B 擴充,,,,,
7625,addresses,10,04｜擴充,,,B 擴充,,,,,
7626,advisers,10,04｜擴充,,,B 擴充,,,,,
7627,affectionately,10,04｜擴充,,,B 擴充,,,,,
7628,agony,10,04｜擴充,,,B 擴充,,,,,
7629,aliens,10,04｜擴充,,,B 擴充,,,,,
7630,allowance,10,04｜擴充,,,B 擴充,,,,,
7631,ally,10,04｜擴充,,,B 擴充,,,,,
7632,amazing,10,04｜擴充,adj.,令人驚訝的,A 基礎必會,形容詞,—,—,—,
7633,angles,10,04｜擴充,,,B 擴充,,,,,
7634,anne,10,04｜擴充,,,B 擴充,,,,,
7635,anticipated,10,04｜擴充,,,B 擴充,,,,,
7636,apposition,10,04｜擴充,,,B 擴充,,,,,
7637,arborescent,10,04｜擴充,,,B 擴充,,,,,
7638,arsenical,10,04｜擴充,,,B 擴充,,,,,
7639,ascertain,10,04｜擴充,,,B 擴充,,,,,
7640,ascribed,10,04｜擴充,,,B 擴充,,,,,
7641,assistants,10,04｜擴充,,,B 擴充,,,,,
7642,assuring,10,04｜擴充,,,B 擴充,,,,,
7643,attainment,10,04｜擴充,,,B 擴充,,,,,
7644,attribute,10,04｜擴充,,,B 擴充,,,,,
7645,auricular,10,04｜擴充,,,B 擴充,,,,,
7646,australia,10,04｜擴充,,,B 擴充,,,,,
7647,australian,10,04｜擴充,,,B 擴充,,,,,
7648,awfully,10,04｜擴充,,,B 擴充,,,,,
7649,bacon,10,04｜擴充,,,B 擴充,,,,,
7650,baseness,10,04｜擴充,,,B 擴充,,,,,
7651,bathed,10,04｜擴充,,,B 擴充,,,,,
7652,bazdeev,10,04｜擴充,,,B 擴充,,,,,
7653,beamed,10,04｜擴充,,,B 擴充,,,,,
7654,beef,10,04｜擴充,,,B 擴充,,,,,
7655,beggar,10,04｜擴充,,,B 擴充,,,,,
7656,believes,10,04｜擴充,,,B 擴充,,,,,
7657,belongings,10,04｜擴充,,,B 擴充,,,,,
7658,billion,10,04｜擴充,,,B 擴充,,,,,
7659,biscuit,10,04｜擴充,,,B 擴充,,,,,
7660,bites,10,04｜擴充,,,B 擴充,,,,,
7661,bless,10,04｜擴充,,,B 擴充,,,,,
7662,blessed,10,04｜擴充,,,B 擴充,,,,,
7663,bogdanovna,10,04｜擴充,,,B 擴充,,,,,
7664,boldness,10,04｜擴充,,,B 擴充,,,,,
7665,bolkonskaya,10,04｜擴充,,,B 擴充,,,,,
7666,bored,10,04｜擴充,,,B 擴充,,,,,
7667,bosses,10,04｜擴充,,,B 擴充,,,,,
7668,bounded,10,04｜擴充,,,B 擴充,,,,,
7669,bowels,10,04｜擴充,,,B 擴充,,,,,
7670,breathe,10,04｜擴充,,,B 擴充,,,,,
7671,bred,10,04｜擴充,,,B 擴充,,,,,
7672,brings,10,04｜擴充,,,B 擴充,,,,,
7673,brisk,10,04｜擴充,,,B 擴充,,,,,
7674,bruit,10,04｜擴充,,,B 擴充,,,,,
7675,buffoon,10,04｜擴充,,,B 擴充,,,,,
7676,buttoned,10,04｜擴充,,,B 擴充,,,,,
7677,buzzing,10,04｜擴充,,,B 擴充,,,,,
7678,caesar,10,04｜擴充,,,B 擴充,,,,,
7679,callus,10,04｜擴充,,,B 擴充,,,,,
7680,captivity,10,04｜擴充,,,B 擴充,,,,,
7681,carcinoma,10,04｜擴充,,,B 擴充,,,,,
7682,caressing,10,04｜擴充,,,B 擴充,,,,,
7683,carpenters,10,04｜擴充,,,B 擴充,,,,,
7684,cartilages,10,04｜擴充,,,B 擴充,,,,,
7685,casually,10,04｜擴充,,,B 擴充,,,,,
7686,cat,10,04｜擴充,n.,貓,A 基礎必會,名詞,—,—,—,
7687,catholic,10,04｜擴充,,,B 擴充,,,,,
7688,catiche,10,04｜擴充,,,B 擴充,,,,,
7689,cautious,10,04｜擴充,,,B 擴充,,,,,
7690,champagne,10,04｜擴充,,,B 擴充,,,,,
7691,charcoal,10,04｜擴充,,,B 擴充,,,,,
7692,cheered,10,04｜擴充,,,B 擴充,,,,,
7693,chichagov,10,04｜擴充,,,B 擴充,,,,,
7694,choking,10,04｜擴充,,,B 擴充,,,,,
7695,cited,10,04｜擴充,,,B 擴充,,,,,
7696,clamor,10,04｜擴充,,,B 擴充,,,,,
7697,clots,10,04｜擴充,,,B 擴充,,,,,
7698,cocci,10,04｜擴充,,,B 擴充,,,,,
7699,cocked,10,04｜擴充,,,B 擴充,,,,,
7700,colleagues,10,04｜擴充,,,B 擴充,,,,,
7701,combine,10,04｜擴充,v.,結合,B 中高級核心,動詞,combined,combined,否,
7702,comet,10,04｜擴充,,,B 擴充,,,,,
7703,comforted,10,04｜擴充,,,B 擴充,,,,,
7704,comment,10,04｜擴充,n.,評論,A 基礎必會,名詞,—,—,—,
7705,commodore,10,04｜擴充,,,B 擴充,,,,,
7706,composure,10,04｜擴充,,,B 擴充,,,,,
7707,compulsory,10,04｜擴充,,,B 擴充,,,,,
7708,concealing,10,04｜擴充,,,B 擴充,,,,,
7709,concentration,10,04｜擴充,n.,專心；濃度,A 基礎必會,名詞,—,—,—,
7710,congested,10,04｜擴充,,,B 擴充,,,,,
7711,conjecture,10,04｜擴充,,,B 擴充,,,,,
7712,connecting,10,04｜擴充,,,B 擴充,,,,,
7713,conservatory,10,04｜擴充,,,B 擴充,,,,,
7714,considers,10,04｜擴充,,,B 擴充,,,,,
7715,contemporary,10,04｜擴充,,,B 擴充,,,,,
7716,contests,10,04｜擴充,,,B 擴充,,,,,
7717,convert,10,04｜擴充,,,B 擴充,,,,,
7718,corns,10,04｜擴充,,,B 擴充,,,,,
7719,cornwallis,10,04｜擴充,,,B 擴充,,,,,
7720,corpus,10,04｜擴充,,,B 擴充,,,,,
7721,corrupt,10,04｜擴充,,,B 擴充,,,,,
7722,corruption,10,04｜擴充,,,B 擴充,,,,,
7723,costly,10,04｜擴充,,,B 擴充,,,,,
7724,counsel,10,04｜擴充,,,B 擴充,,,,,
7725,couples,10,04｜擴充,,,B 擴充,,,,,
7726,covers,10,04｜擴充,,,B 擴充,,,,,
7727,coveted,10,04｜擴充,,,B 擴充,,,,,
7728,crazy,10,04｜擴充,,,B 擴充,,,,,
7729,crowned,10,04｜擴充,,,B 擴充,,,,,
7730,crust,10,04｜擴充,,,B 擴充,,,,,
7731,cuban,10,04｜擴充,,,B 擴充,,,,,
7732,curls,10,04｜擴充,,,B 擴充,,,,,
7733,curving,10,04｜擴充,,,B 擴充,,,,,
7734,david,10,04｜擴充,,,B 擴充,,,,,
7735,deacon,10,04｜擴充,,,B 擴充,,,,,
7736,deaf,10,04｜擴充,,,B 擴充,,,,,
7737,debilitated,10,04｜擴充,,,B 擴充,,,,,
7738,deception,10,04｜擴充,,,B 擴充,,,,,
7739,defensive,10,04｜擴充,,,B 擴充,,,,,
7740,delicious,10,04｜擴充,,,B 擴充,,,,,
7741,deny,10,04｜擴充,,,B 擴充,,,,,
7742,des,10,04｜擴充,,,B 擴充,,,,,
7743,descend,10,04｜擴充,,,B 擴充,,,,,
7744,destination,10,04｜擴充,,,B 擴充,,,,,
7745,dew,10,04｜擴充,,,B 擴充,,,,,
7746,diam,10,04｜擴充,,,B 擴充,,,,,
7747,differed,10,04｜擴充,,,B 擴充,,,,,
7748,diminution,10,04｜擴充,,,B 擴充,,,,,
7749,disguise,10,04｜擴充,,,B 擴充,,,,,
7750,disinfection,10,04｜擴充,,,B 擴充,,,,,
7751,disk,10,04｜擴充,,,B 擴充,,,,,
7752,distressed,10,04｜擴充,,,B 擴充,,,,,
7753,distressing,10,04｜擴充,,,B 擴充,,,,,
7754,districts,10,04｜擴充,,,B 擴充,,,,,
7755,diverted,10,04｜擴充,,,B 擴充,,,,,
7756,dominance,10,04｜擴充,,,B 擴充,,,,,
7757,domingo,10,04｜擴充,,,B 擴充,,,,,
7758,donation,10,04｜擴充,,,B 擴充,,,,,
7759,doubted,10,04｜擴充,,,B 擴充,,,,,
7760,drag,10,04｜擴充,,,B 擴充,,,,,
7761,dramatic,10,04｜擴充,,,B 擴充,,,,,
7762,dreadfully,10,04｜擴充,,,B 擴充,,,,,
7763,dronushka,10,04｜擴充,,,B 擴充,,,,,
7764,drubetskaya,10,04｜擴充,,,B 擴充,,,,,
7765,ducts,10,04｜擴充,,,B 擴充,,,,,
7766,dusk,10,04｜擴充,,,B 擴充,,,,,
7767,earned,10,04｜擴充,,,B 擴充,,,,,
7768,earnest,10,04｜擴充,,,B 擴充,,,,,
7769,earnestly,10,04｜擴充,,,B 擴充,,,,,
7770,eczema,10,04｜擴充,,,B 擴充,,,,,
7771,ejaculated,10,04｜擴充,,,B 擴充,,,,,
7772,elders,10,04｜擴充,,,B 擴充,,,,,
7773,emancipated,10,04｜擴充,,,B 擴充,,,,,
7774,embassy,10,04｜擴充,,,B 擴充,,,,,
7775,embroidered,10,04｜擴充,,,B 擴充,,,,,
7776,emotions,10,04｜擴充,,,B 擴充,,,,,
7777,empyema,10,04｜擴充,,,B 擴充,,,,,
7778,enclosed,10,04｜擴充,,,B 擴充,,,,,
7779,encouraging,10,04｜擴充,,,B 擴充,,,,,
7780,endorsed,10,04｜擴充,,,B 擴充,,,,,
7781,enns,10,04｜擴充,,,B 擴充,,,,,
7782,entertaining,10,04｜擴充,,,B 擴充,,,,,
7783,entity,10,04｜擴充,,,B 擴充,,,,,
7784,equipped,10,04｜擴充,,,B 擴充,,,,,
7785,era,10,04｜擴充,,,B 擴充,,,,,
7786,eusol,10,04｜擴充,,,B 擴充,,,,,
7787,evenings,10,04｜擴充,,,B 擴充,,,,,
7788,excising,10,04｜擴充,,,B 擴充,,,,,
7789,exclamation,10,04｜擴充,,,B 擴充,,,,,
7790,exclusive,10,04｜擴充,,,B 擴充,,,,,
7791,exploring,10,04｜擴充,,,B 擴充,,,,,
7792,eyelids,10,04｜擴充,,,B 擴充,,,,,
7793,facility,10,04｜擴充,,,B 擴充,,,,,
7794,falsehood,10,04｜擴充,,,B 擴充,,,,,
7795,fateful,10,04｜擴充,,,B 擴充,,,,,
7796,favours,10,04｜擴充,,,B 擴充,,,,,
7797,feebly,10,04｜擴充,,,B 擴充,,,,,
7798,feed,10,04｜擴充,v.,餵食,A 基礎必會,動詞,fed,fed,是,
7799,flash,10,04｜擴充,,,B 擴充,,,,,
7800,foes,10,04｜擴充,,,B 擴充,,,,,
7801,folks,10,04｜擴充,,,B 擴充,,,,,
7802,follicles,10,04｜擴充,,,B 擴充,,,,,
7803,forcible,10,04｜擴充,,,B 擴充,,,,,
7804,format,10,04｜擴充,,,B 擴充,,,,,
7805,freeholders,10,04｜擴充,,,B 擴充,,,,,
7806,frieze,10,04｜擴充,,,B 擴充,,,,,
7807,frighten,10,04｜擴充,,,B 擴充,,,,,
7808,fugitive,10,04｜擴充,,,B 擴充,,,,,
7809,furs,10,04｜擴充,,,B 擴充,,,,,
7810,gang,10,04｜擴充,,,B 擴充,,,,,
7811,girth,10,04｜擴充,,,B 擴充,,,,,
7812,glitter,10,04｜擴充,,,B 擴充,,,,,
7813,gluteal,10,04｜擴充,,,B 擴充,,,,,
7814,grating,10,04｜擴充,,,B 擴充,,,,,
7815,greatcoats,10,04｜擴充,,,B 擴充,,,,,
7816,grenville,10,04｜擴充,,,B 擴充,,,,,
7817,guitar,10,04｜擴充,,,B 擴充,,,,,
7818,hardened,10,04｜擴充,,,B 擴充,,,,,
7819,hasten,10,04｜擴充,,,B 擴充,,,,,
7820,hats,10,04｜擴充,,,B 擴充,,,,,
7821,heading,10,04｜擴充,,,B 擴充,,,,,
7822,heir,10,04｜擴充,,,B 擴充,,,,,
7823,hey,10,04｜擴充,,,B 擴充,,,,,
7824,hideous,10,04｜擴充,,,B 擴充,,,,,
7825,hindered,10,04｜擴充,,,B 擴充,,,,,
7826,hm,10,04｜擴充,,,B 擴充,,,,,
7827,horace,10,04｜擴充,,,B 擴充,,,,,
7828,horseback,10,04｜擴充,,,B 擴充,,,,,
7829,horsham,10,04｜擴充,,,B 擴充,,,,,
7830,houston,10,04｜擴充,,,B 擴充,,,,,
7831,hydraulic,10,04｜擴充,,,B 擴充,,,,,
7832,hygroma,10,04｜擴充,,,B 擴充,,,,,
7833,hypertrophied,10,04｜擴充,,,B 擴充,,,,,
7834,hypodermic,10,04｜擴充,,,B 擴充,,,,,
7835,ichthyol,10,04｜擴充,,,B 擴充,,,,,
7836,idiot,10,04｜擴充,,,B 擴充,,,,,
7837,imperialism,10,04｜擴充,,,B 擴充,,,,,
7838,implies,10,04｜擴充,,,B 擴充,,,,,
7839,incoherent,10,04｜擴充,,,B 擴充,,,,,
7840,incurred,10,04｜擴充,,,B 擴充,,,,,
7841,inflammations,10,04｜擴充,,,B 擴充,,,,,
7842,initiated,10,04｜擴充,,,B 擴充,,,,,
7843,innocence,10,04｜擴充,,,B 擴充,,,,,
7844,insist,10,04｜擴充,,,B 擴充,,,,,
7845,insolent,10,04｜擴充,,,B 擴充,,,,,
7846,instructive,10,04｜擴充,,,B 擴充,,,,,
7847,interferes,10,04｜擴充,,,B 擴充,,,,,
7848,intermediate,10,04｜擴充,,,B 擴充,,,,,
7849,interrupting,10,04｜擴充,,,B 擴充,,,,,
7850,intima,10,04｜擴充,,,B 擴充,,,,,
7851,invent,10,04｜擴充,,,B 擴充,,,,,
7852,issuing,10,04｜擴充,,,B 擴充,,,,,
7853,jesting,10,04｜擴充,,,B 擴充,,,,,
7854,jolted,10,04｜擴充,,,B 擴充,,,,,
7855,judged,10,04｜擴充,,,B 擴充,,,,,
7856,karl,10,04｜擴充,,,B 擴充,,,,,
7857,kaysarov,10,04｜擴充,,,B 擴充,,,,,
7858,kindled,10,04｜擴充,,,B 擴充,,,,,
7859,knitting,10,04｜擴充,,,B 擴充,,,,,
7860,labour,10,04｜擴充,,,B 擴充,,,,,
7861,laden,10,04｜擴充,,,B 擴充,,,,,
7862,lasts,10,04｜擴充,,,B 擴充,,,,,
7863,leaped,10,04｜擴充,,,B 擴充,,,,,
7864,liberated,10,04｜擴充,,,B 擴充,,,,,
7865,ligatures,10,04｜擴充,,,B 擴充,,,,,
7866,liquid,10,04｜擴充,,,B 擴充,,,,,
7867,livelihood,10,04｜擴充,,,B 擴充,,,,,
7868,lloyd,10,04｜擴充,,,B 擴充,,,,,
7869,loan,10,04｜擴充,,,B 擴充,,,,,
7870,locomotive,10,04｜擴充,,,B 擴充,,,,,
7871,loops,10,04｜擴充,,,B 擴充,,,,,
7872,loosely,10,04｜擴充,,,B 擴充,,,,,
7873,loyalists,10,04｜擴充,,,B 擴充,,,,,
7874,lucrative,10,04｜擴充,,,B 擴充,,,,,
7875,macewen,10,04｜擴充,,,B 擴充,,,,,
7876,magic,10,04｜擴充,,,B 擴充,,,,,
7877,maintenance,10,04｜擴充,,,B 擴充,,,,,
7878,manifests,10,04｜擴充,,,B 擴充,,,,,
7879,marble,10,04｜擴充,,,B 擴充,,,,,
7880,marches,10,04｜擴充,,,B 擴充,,,,,
7881,masterly,10,04｜擴充,,,B 擴充,,,,,
7882,mcmaster,10,04｜擴充,,,B 擴充,,,,,
7883,meekly,10,04｜擴充,,,B 擴充,,,,,
7884,meningitis,10,04｜擴充,,,B 擴充,,,,,
7885,mess,10,04｜擴充,,,B 擴充,,,,,
7886,mirrors,10,04｜擴充,,,B 擴充,,,,,
7887,misty,10,04｜擴充,,,B 擴充,,,,,
7888,moan,10,04｜擴充,,,B 擴充,,,,,
7889,moderation,10,04｜擴充,,,B 擴充,,,,,
7890,modification,10,04｜擴充,,,B 擴充,,,,,
7891,moisture,10,04｜擴充,,,B 擴充,,,,,
7892,momentum,10,04｜擴充,,,B 擴充,,,,,
7893,monopolies,10,04｜擴充,,,B 擴充,,,,,
7894,mormons,10,04｜擴充,,,B 擴充,,,,,
7895,mounting,10,04｜擴充,,,B 擴充,,,,,
7896,murdered,10,04｜擴充,,,B 擴充,,,,,
7897,myxoma,10,04｜擴充,,,B 擴充,,,,,
7898,naevi,10,04｜擴充,,,B 擴充,,,,,
7899,nationality,10,04｜擴充,,,B 擴充,,,,,
7900,negligence,10,04｜擴充,,,B 擴充,,,,,
7901,ney,10,04｜擴充,,,B 擴充,,,,,
7902,nodule,10,04｜擴充,,,B 擴充,,,,,
7903,noisy,10,04｜擴充,,,B 擴充,,,,,
7904,noting,10,04｜擴充,,,B 擴充,,,,,
7905,nut,10,04｜擴充,,,B 擴充,,,,,
7906,obstructed,10,04｜擴充,,,B 擴充,,,,,
7907,offenders,10,04｜擴充,,,B 擴充,,,,,
7908,ominous,10,04｜擴充,,,B 擴充,,,,,
7909,onychia,10,04｜擴充,,,B 擴充,,,,,
7910,orator,10,04｜擴充,,,B 擴充,,,,,
7911,organised,10,04｜擴充,,,B 擴充,,,,,
7912,originated,10,04｜擴充,,,B 擴充,,,,,
7913,originating,10,04｜擴充,,,B 擴充,,,,,
7914,osteomalacia,10,04｜擴充,,,B 擴充,,,,,
7915,outlook,10,04｜擴充,,,B 擴充,,,,,
7916,outlying,10,04｜擴充,,,B 擴充,,,,,
7917,outstretched,10,04｜擴充,,,B 擴充,,,,,
7918,ovary,10,04｜擴充,,,B 擴充,,,,,
7919,paint,10,04｜擴充,,,B 擴充,,,,,
7920,palmar,10,04｜擴充,,,B 擴充,,,,,
7921,palpable,10,04｜擴充,,,B 擴充,,,,,
7922,paragraphs,10,04｜擴充,,,B 擴充,,,,,
7923,partially,10,04｜擴充,,,B 擴充,,,,,
7924,particles,10,04｜擴充,,,B 擴充,,,,,
7925,patrick,10,04｜擴充,,,B 擴充,,,,,
7926,pectoral,10,04｜擴充,,,B 擴充,,,,,
7927,penalties,10,04｜擴充,,,B 擴充,,,,,
7928,pencil,10,04｜擴充,,,B 擴充,,,,,
7929,penetrated,10,04｜擴充,,,B 擴充,,,,,
7930,peritoneum,10,04｜擴充,,,B 擴充,,,,,
7931,peroxide,10,04｜擴充,,,B 擴充,,,,,
7932,perplexing,10,04｜擴充,,,B 擴充,,,,,
7933,persian,10,04｜擴充,,,B 擴充,,,,,
7934,pittsburgh,10,04｜擴充,,,B 擴充,,,,,
7935,plants,10,04｜擴充,,,B 擴充,,,,,
7936,platforms,10,04｜擴充,,,B 擴充,,,,,
7937,pledge,10,04｜擴充,,,B 擴充,,,,,
7938,plunder,10,04｜擴充,,,B 擴充,,,,,
7939,poetry,10,04｜擴充,,,B 擴充,,,,,
7940,polished,10,04｜擴充,,,B 擴充,,,,,
7941,polls,10,04｜擴充,,,B 擴充,,,,,
7942,porous,10,04｜擴充,,,B 擴充,,,,,
7943,porridge,10,04｜擴充,,,B 擴充,,,,,
7944,postmaster,10,04｜擴充,,,B 擴充,,,,,
7945,preached,10,04｜擴充,,,B 擴充,,,,,
7946,predominate,10,04｜擴充,,,B 擴充,,,,,
7947,preference,10,04｜擴充,,,B 擴充,,,,,
7948,prize,10,04｜擴充,,,B 擴充,,,,,
7949,projected,10,04｜擴充,,,B 擴充,,,,,
7950,prominence,10,04｜擴充,,,B 擴充,,,,,
7951,protopathic,10,04｜擴充,,,B 擴充,,,,,
7952,protoplasm,10,04｜擴充,,,B 擴充,,,,,
7953,puckering,10,04｜擴充,,,B 擴充,,,,,
7954,puritan,10,04｜擴充,,,B 擴充,,,,,
7955,pursuing,10,04｜擴充,,,B 擴充,,,,,
7956,quarreled,10,04｜擴充,,,B 擴充,,,,,
7957,quarrels,10,04｜擴充,,,B 擴充,,,,,
7958,quebec,10,04｜擴充,,,B 擴充,,,,,
7959,rapp,10,04｜擴充,,,B 擴充,,,,,
7960,rapturously,10,04｜擴充,,,B 擴充,,,,,
7961,rd,10,04｜擴充,,,B 擴充,,,,,
7962,reactionary,10,04｜擴充,,,B 擴充,,,,,
7963,rearguard,10,04｜擴充,,,B 擴充,,,,,
7964,reassure,10,04｜擴充,,,B 擴充,,,,,
7965,recommends,10,04｜擴充,,,B 擴充,,,,,
7966,regime,10,04｜擴充,,,B 擴充,,,,,
7967,registered,10,04｜擴充,,,B 擴充,,,,,
7968,reinforcements,10,04｜擴充,,,B 擴充,,,,,
7969,rejoice,10,04｜擴充,,,B 擴充,,,,,
7970,relatives,10,04｜擴充,,,B 擴充,,,,,
7971,relentless,10,04｜擴充,,,B 擴充,,,,,
7972,renewal,10,04｜擴充,,,B 擴充,,,,,
7973,renounce,10,04｜擴充,,,B 擴充,,,,,
7974,repay,10,04｜擴充,,,B 擴充,,,,,
7975,repealed,10,04｜擴充,,,B 擴充,,,,,
7976,repetition,10,04｜擴充,,,B 擴充,,,,,
7977,requisite,10,04｜擴充,,,B 擴充,,,,,
7978,reserves,10,04｜擴充,,,B 擴充,,,,,
7979,resignation,10,04｜擴充,,,B 擴充,,,,,
7980,respectively,10,04｜擴充,,,B 擴充,,,,,
7981,restlessness,10,04｜擴充,,,B 擴充,,,,,
7982,restoring,10,04｜擴充,,,B 擴充,,,,,
7983,resultant,10,04｜擴充,,,B 擴充,,,,,
7984,resumption,10,04｜擴充,,,B 擴充,,,,,
7985,retention,10,04｜擴充,,,B 擴充,,,,,
7986,retiring,10,04｜擴充,,,B 擴充,,,,,
7987,ribbons,10,04｜擴充,,,B 擴充,,,,,
7988,riches,10,04｜擴充,,,B 擴充,,,,,
7989,richest,10,04｜擴充,,,B 擴充,,,,,
7990,rivals,10,04｜擴充,,,B 擴充,,,,,
7991,rod,10,04｜擴充,,,B 擴充,,,,,
7992,ropes,10,04｜擴充,,,B 擴充,,,,,
7993,rug,10,04｜擴充,,,B 擴充,,,,,
7994,rumor,10,04｜擴充,,,B 擴充,,,,,
7995,saddled,10,04｜擴充,,,B 擴充,,,,,
7996,saddles,10,04｜擴充,,,B 擴充,,,,,
7997,sales,10,04｜擴充,,,B 擴充,,,,,
7998,salesman,10,04｜擴充,,,B 擴充,,,,,
7999,santo,10,04｜擴充,,,B 擴充,,,,,
8000,satin,10,04｜擴充,,,B 擴充,,,,,
8001,saturday,10,04｜擴充,,,B 擴充,,,,,
8002,saviour,10,04｜擴充,,,B 擴充,,,,,
8003,scanty,10,04｜擴充,,,B 擴充,,,,,
8004,screwing,10,04｜擴充,,,B 擴充,,,,,
8005,secretly,10,04｜擴充,,,B 擴充,,,,,
8006,sepsis,10,04｜擴充,,,B 擴充,,,,,
8007,seventeen,10,04｜擴充,,,B 擴充,,,,,
8008,severed,10,04｜擴充,,,B 擴充,,,,,
8009,shallow,10,04｜擴充,,,B 擴充,,,,,
8010,shameful,10,04｜擴充,,,B 擴充,,,,,
8011,shamshevo,10,04｜擴充,,,B 擴充,,,,,
8012,shells,10,04｜擴充,,,B 擴充,,,,,
8013,shrank,10,04｜擴充,,,B 擴充,,,,,
8014,shudder,10,04｜擴充,,,B 擴充,,,,,
8015,shuddered,10,04｜擴充,,,B 擴充,,,,,
8016,simpler,10,04｜擴充,,,B 擴充,,,,,
8017,sins,10,04｜擴充,,,B 擴充,,,,,
8018,skiagram,10,04｜擴充,,,B 擴充,,,,,
8019,slippers,10,04｜擴充,,,B 擴充,,,,,
8020,smashed,10,04｜擴充,,,B 擴充,,,,,
8021,smoothed,10,04｜擴充,,,B 擴充,,,,,
8022,softer,10,04｜擴充,,,B 擴充,,,,,
8023,sparks,10,04｜擴充,,,B 擴充,,,,,
8024,spindle,10,04｜擴充,,,B 擴充,,,,,
8025,spoil,10,04｜擴充,,,B 擴充,,,,,
8026,staples,10,04｜擴充,,,B 擴充,,,,,
8027,stark,10,04｜擴充,,,B 擴充,,,,,
8028,statehood,10,04｜擴充,,,B 擴充,,,,,
8029,statesman,10,04｜擴充,,,B 擴充,,,,,
8030,stations,10,04｜擴充,,,B 擴充,,,,,
8031,stimulus,10,04｜擴充,,,B 擴充,,,,,
8032,stress,10,04｜擴充,n.,壓力,B 中高級核心,名詞,—,—,—,
8033,stricken,10,04｜擴充,,,B 擴充,,,,,
8034,strode,10,04｜擴充,,,B 擴充,,,,,
8035,structural,10,04｜擴充,,,B 擴充,,,,,
8036,strychnin,10,04｜擴充,,,B 擴充,,,,,
8037,sturdy,10,04｜擴充,,,B 擴充,,,,,
8038,subdued,10,04｜擴充,,,B 擴充,,,,,
8039,submissive,10,04｜擴充,,,B 擴充,,,,,
8040,subordinate,10,04｜擴充,,,B 擴充,,,,,
8041,subsides,10,04｜擴充,,,B 擴充,,,,,
8042,successes,10,04｜擴充,,,B 擴充,,,,,
8043,suggests,10,04｜擴充,,,B 擴充,,,,,
8044,suicide,10,04｜擴充,,,B 擴充,,,,,
8045,sunken,10,04｜擴充,,,B 擴充,,,,,
8046,sunlight,10,04｜擴充,,,B 擴充,,,,,
8047,superfluous,10,04｜擴充,,,B 擴充,,,,,
8048,supporters,10,04｜擴充,,,B 擴充,,,,,
8049,survey,10,04｜擴充,,,B 擴充,,,,,
8050,swallowed,10,04｜擴充,,,B 擴充,,,,,
8051,swords,10,04｜擴充,,,B 擴充,,,,,
8052,syringe,10,04｜擴充,,,B 擴充,,,,,
8053,tap,10,04｜擴充,,,B 擴充,,,,,
8054,tapped,10,04｜擴充,,,B 擴充,,,,,
8055,tartar,10,04｜擴充,,,B 擴充,,,,,
8056,teacher,10,04｜擴充,n.,老師,B 中高級核心,名詞,—,—,—,
8057,temptation,10,04｜擴充,,,B 擴充,,,,,
8058,textile,10,04｜擴充,,,B 擴充,,,,,
8059,thence,10,04｜擴充,,,B 擴充,,,,,
8060,thinner,10,04｜擴充,,,B 擴充,,,,,
8061,threaten,10,04｜擴充,,,B 擴充,,,,,
8062,threateningly,10,04｜擴充,,,B 擴充,,,,,
8063,thud,10,04｜擴充,,,B 擴充,,,,,
8064,tibial,10,04｜擴充,,,B 擴充,,,,,
8065,tortured,10,04｜擴充,,,B 擴充,,,,,
8066,trampled,10,04｜擴充,,,B 擴充,,,,,
8067,transference,10,04｜擴充,,,B 擴充,,,,,
8068,trauma,10,04｜擴充,,,B 擴充,,,,,
8069,tremendous,10,04｜擴充,,,B 擴充,,,,,
8070,tropical,10,04｜擴充,,,B 擴充,,,,,
8071,troublesome,10,04｜擴充,,,B 擴充,,,,,
8072,turmoil,10,04｜擴充,,,B 擴充,,,,,
8073,twisting,10,04｜擴充,,,B 擴充,,,,,
8074,ulcerate,10,04｜擴充,,,B 擴充,,,,,
8075,unanimous,10,04｜擴充,,,B 擴充,,,,,
8076,unavoidable,10,04｜擴充,,,B 擴充,,,,,
8077,undoubted,10,04｜擴充,,,B 擴充,,,,,
8078,unfair,10,04｜擴充,,,B 擴充,,,,,
8079,unit,10,04｜擴充,n.,單位；單元,B 中高級核心,名詞,—,—,—,
8080,unjust,10,04｜擴充,,,B 擴充,,,,,
8081,unlawful,10,04｜擴充,,,B 擴充,,,,,
8082,unsatisfactory,10,04｜擴充,,,B 擴充,,,,,
8083,urge,10,04｜擴充,,,B 擴充,,,,,
8084,usage,10,04｜擴充,,,B 擴充,,,,,
8085,utilities,10,04｜擴充,,,B 擴充,,,,,
8086,vacancy,10,04｜擴充,,,B 擴充,,,,,
8087,vacant,10,04｜擴充,,,B 擴充,,,,,
8088,valid,10,04｜擴充,,,B 擴充,,,,,
8089,vanquished,10,04｜擴充,,,B 擴充,,,,,
8090,vasilich,10,04｜擴充,,,B 擴充,,,,,
8091,version,10,04｜擴充,n.,版本,B 中高級核心,名詞,—,—,—,
8092,vincent,10,04｜擴充,,,B 擴充,,,,,
8093,vladimirovich,10,04｜擴充,,,B 擴充,,,,,
8094,walks,10,04｜擴充,,,B 擴充,,,,,
8095,wander,10,04｜擴充,,,B 擴充,,,,,
8096,warlike,10,04｜擴充,,,B 擴充,,,,,
8097,weighed,10,04｜擴充,,,B 擴充,,,,,
8098,whitney,10,04｜擴充,,,B 擴充,,,,,
8099,widow,10,04｜擴充,,,B 擴充,,,,,
8100,wings,10,04｜擴充,,,B 擴充,,,,,
8101,winking,10,04｜擴充,,,B 擴充,,,,,
8102,wont,10,04｜擴充,,,B 擴充,,,,,
8103,worry,10,04｜擴充,n.,擔心,B 中高級核心,名詞,—,—,—,
8104,xxii,10,04｜擴充,,,B 擴充,,,,,
8105,yourselves,10,04｜擴充,,,B 擴充,,,,,
8106,abolish,9,04｜擴充,,,B 擴充,,,,,
8107,abominable,9,04｜擴充,,,B 擴充,,,,,
8108,abrupt,9,04｜擴充,,,B 擴充,,,,,
8109,achieved,9,04｜擴充,,,B 擴充,,,,,
8110,actinomyces,9,04｜擴充,,,B 擴充,,,,,
8111,adapted,9,04｜擴充,,,B 擴充,,,,,
8112,adds,9,04｜擴充,,,B 擴充,,,,,
8113,adequate,9,04｜擴充,adj.,足夠的；適當的,A 基礎必會,形容詞,—,—,—,
8114,administrations,9,04｜擴充,,,B 擴充,,,,,
8115,admits,9,04｜擴充,,,B 擴充,,,,,
8116,adverse,9,04｜擴充,,,B 擴充,,,,,
8117,afferent,9,04｜擴充,,,B 擴充,,,,,
8118,affords,9,04｜擴充,,,B 擴充,,,,,
8119,aggressive,9,04｜擴充,,,B 擴充,,,,,
8120,alexis,9,04｜擴充,,,B 擴充,,,,,
8121,allows,9,04｜擴充,,,B 擴充,,,,,
8122,amongst,9,04｜擴充,,,B 擴充,,,,,
8123,ample,9,04｜擴充,,,B 擴充,,,,,
8124,annoyed,9,04｜擴充,,,B 擴充,,,,,
8125,annually,9,04｜擴充,,,B 擴充,,,,,
8126,anus,9,04｜擴充,,,B 擴充,,,,,
8127,appalachians,9,04｜擴充,,,B 擴充,,,,,
8128,appliances,9,04｜擴充,,,B 擴充,,,,,
8129,arousing,9,04｜擴充,,,B 擴充,,,,,
8130,arteritis,9,04｜擴充,,,B 擴充,,,,,
8131,assent,9,04｜擴充,,,B 擴充,,,,,
8132,astronomy,9,04｜擴充,,,B 擴充,,,,,
8133,attains,9,04｜擴充,,,B 擴充,,,,,
8134,attentions,9,04｜擴充,,,B 擴充,,,,,
8135,attenuated,9,04｜擴充,,,B 擴充,,,,,
8136,avulsion,9,04｜擴充,,,B 擴充,,,,,
8137,awkwardness,9,04｜擴充,,,B 擴充,,,,,
8138,backs,9,04｜擴充,,,B 擴充,,,,,
8139,balloon,9,04｜擴充,,,B 擴充,,,,,
8140,bankers,9,04｜擴充,,,B 擴充,,,,,
8141,banner,9,04｜擴充,,,B 擴充,,,,,
8142,bark,9,04｜擴充,,,B 擴充,,,,,
8143,beams,9,04｜擴充,,,B 擴充,,,,,
8144,bearers,9,04｜擴充,,,B 擴充,,,,,
8145,bedstead,9,04｜擴充,,,B 擴充,,,,,
8146,beer,9,04｜擴充,,,B 擴充,,,,,
8147,bilateral,9,04｜擴充,,,B 擴充,,,,,
8148,birches,9,04｜擴充,,,B 擴充,,,,,
8149,biting,9,04｜擴充,,,B 擴充,,,,,
8150,blandly,9,04｜擴充,,,B 擴充,,,,,
8151,blissful,9,04｜擴充,,,B 擴充,,,,,
8152,blonde,9,04｜擴充,,,B 擴充,,,,,
8153,bloodless,9,04｜擴充,,,B 擴充,,,,,
8154,blush,9,04｜擴充,,,B 擴充,,,,,
8155,boasted,9,04｜擴充,,,B 擴充,,,,,
8156,booty,9,04｜擴充,,,B 擴充,,,,,
8157,breathed,9,04｜擴充,,,B 擴充,,,,,
8158,bristol,9,04｜擴充,,,B 擴充,,,,,
8159,brittle,9,04｜擴充,,,B 擴充,,,,,
8160,bruising,9,04｜擴充,,,B 擴充,,,,,
8161,bubo,9,04｜擴充,,,B 擴充,,,,,
8162,bulk,9,04｜擴充,,,B 擴充,,,,,
8163,burdened,9,04｜擴充,,,B 擴充,,,,,
8164,burdens,9,04｜擴充,,,B 擴充,,,,,
8165,bursts,9,04｜擴充,,,B 擴充,,,,,
8166,bushy,9,04｜擴充,,,B 擴充,,,,,
8167,cabin,9,04｜擴充,,,B 擴充,,,,,
8168,calcified,9,04｜擴充,,,B 擴充,,,,,
8169,camps,9,04｜擴充,,,B 擴充,,,,,
8170,carious,9,04｜擴充,,,B 擴充,,,,,
8171,carries,9,04｜擴充,,,B 擴充,,,,,
8172,casual,9,04｜擴充,,,B 擴充,,,,,
8173,category,9,04｜擴充,n.,類別,A 基礎必會,名詞,—,—,—,
8174,catholics,9,04｜擴充,,,B 擴充,,,,,
8175,caucus,9,04｜擴充,,,B 擴充,,,,,
8176,censure,9,04｜擴充,,,B 擴充,,,,,
8177,champion,9,04｜擴充,,,B 擴充,,,,,
8178,chap,9,04｜擴充,,,B 擴充,,,,,
8179,charred,9,04｜擴充,,,B 擴充,,,,,
8180,chartered,9,04｜擴充,,,B 擴充,,,,,
8181,chat,9,04｜擴充,,,B 擴充,,,,,
8182,chere,9,04｜擴充,,,B 擴充,,,,,
8183,cherry,9,04｜擴充,,,B 擴充,,,,,
8184,cirsoid,9,04｜擴充,,,B 擴充,,,,,
8185,clavicular,9,04｜擴充,,,B 擴充,,,,,
8186,clergyman,9,04｜擴充,,,B 擴充,,,,,
8187,clinging,9,04｜擴充,,,B 擴充,,,,,
8188,cloaks,9,04｜擴充,,,B 擴充,,,,,
8189,coburg,9,04｜擴充,,,B 擴充,,,,,
8190,cock,9,04｜擴充,,,B 擴充,,,,,
8191,codes,9,04｜擴充,,,B 擴充,,,,,
8192,colloid,9,04｜擴充,,,B 擴充,,,,,
8193,colon,9,04｜擴充,,,B 擴充,,,,,
8194,communities,9,04｜擴充,,,B 擴充,,,,,
8195,compel,9,04｜擴充,,,B 擴充,,,,,
8196,comprehend,9,04｜擴充,,,B 擴充,,,,,
8197,conclude,9,04｜擴充,,,B 擴充,,,,,
8198,conclusive,9,04｜擴充,,,B 擴充,,,,,
8199,confidential,9,04｜擴充,,,B 擴充,,,,,
8200,conflicting,9,04｜擴充,,,B 擴充,,,,,
8201,congregation,9,04｜擴充,,,B 擴充,,,,,
8202,conjunction,9,04｜擴充,,,B 擴充,,,,,
8203,conquer,9,04｜擴充,,,B 擴充,,,,,
8204,conqueror,9,04｜擴充,,,B 擴充,,,,,
8205,consolidated,9,04｜擴充,,,B 擴充,,,,,
8206,contemplate,9,04｜擴充,,,B 擴充,,,,,
8207,contemptible,9,04｜擴充,,,B 擴充,,,,,
8208,contended,9,04｜擴充,,,B 擴充,,,,,
8209,contingencies,9,04｜擴充,,,B 擴充,,,,,
8210,contribute,9,04｜擴充,v.,貢獻,B 中高級核心,動詞,contributed,contributed,否,
8211,contusions,9,04｜擴充,,,B 擴充,,,,,
8212,convenience,9,04｜擴充,,,B 擴充,,,,,
8213,cooperative,9,04｜擴充,,,B 擴充,,,,,
8214,copied,9,04｜擴充,,,B 擴充,,,,,
8215,copious,9,04｜擴充,,,B 擴充,,,,,
8216,copse,9,04｜擴充,,,B 擴充,,,,,
8217,cork,9,04｜擴充,,,B 擴充,,,,,
8218,corpses,9,04｜擴充,,,B 擴充,,,,,
8219,countenance,9,04｜擴充,,,B 擴充,,,,,
8220,countryside,9,04｜擴充,,,B 擴充,,,,,
8221,courses,9,04｜擴充,,,B 擴充,,,,,
8222,cowboy,9,04｜擴充,,,B 擴充,,,,,
8223,creak,9,04｜擴充,,,B 擴充,,,,,
8224,crept,9,04｜擴充,,,B 擴充,,,,,
8225,crippled,9,04｜擴充,,,B 擴充,,,,,
8226,cruelly,9,04｜擴充,,,B 擴充,,,,,
8227,crumpled,9,04｜擴充,,,B 擴充,,,,,
8228,cupboard,9,04｜擴充,,,B 擴充,,,,,
8229,curling,9,04｜擴充,,,B 擴充,,,,,
8230,curve,9,04｜擴充,,,B 擴充,,,,,
8231,darted,9,04｜擴充,,,B 擴充,,,,,
8232,dash,9,04｜擴充,,,B 擴充,,,,,
8233,dates,9,04｜擴充,,,B 擴充,,,,,
8234,decent,9,04｜擴充,,,B 擴充,,,,,
8235,decidedly,9,04｜擴充,,,B 擴充,,,,,
8236,decreed,9,04｜擴充,,,B 擴充,,,,,
8237,deductible,9,04｜擴充,,,B 擴充,,,,,
8238,deference,9,04｜擴充,,,B 擴充,,,,,
8239,defiance,9,04｜擴充,,,B 擴充,,,,,
8240,dejected,9,04｜擴充,,,B 擴充,,,,,
8241,delegate,9,04｜擴充,,,B 擴充,,,,,
8242,demonstration,9,04｜擴充,,,B 擴充,,,,,
8243,departments,9,04｜擴充,,,B 擴充,,,,,
8244,depending,9,04｜擴充,,,B 擴充,,,,,
8245,deposits,9,04｜擴充,,,B 擴充,,,,,
8246,depriving,9,04｜擴充,,,B 擴充,,,,,
8247,deputation,9,04｜擴充,,,B 擴充,,,,,
8248,detective,9,04｜擴充,,,B 擴充,,,,,
8249,devise,9,04｜擴充,,,B 擴充,,,,,
8250,diamond,9,04｜擴充,,,B 擴充,,,,,
8251,dilate,9,04｜擴充,,,B 擴充,,,,,
8252,dip,9,04｜擴充,,,B 擴充,,,,,
8253,diplomat,9,04｜擴充,,,B 擴充,,,,,
8254,diplomatist,9,04｜擴充,,,B 擴充,,,,,
8255,diplomatists,9,04｜擴充,,,B 擴充,,,,,
8256,disabilities,9,04｜擴充,,,B 擴充,,,,,
8257,disclaimer,9,04｜擴充,,,B 擴充,,,,,
8258,discrimination,9,04｜擴充,,,B 擴充,,,,,
8259,disfigurement,9,04｜擴充,,,B 擴充,,,,,
8260,disgraceful,9,04｜擴充,,,B 擴充,,,,,
8261,dishonorable,9,04｜擴充,,,B 擴充,,,,,
8262,dislike,9,04｜擴充,,,B 擴充,,,,,
8263,dislocated,9,04｜擴充,,,B 擴充,,,,,
8264,distension,9,04｜擴充,,,B 擴充,,,,,
8265,disturbing,9,04｜擴充,,,B 擴充,,,,,
8266,ditch,9,04｜擴充,,,B 擴充,,,,,
8267,dorogomilov,9,04｜擴充,,,B 擴充,,,,,
8268,doubly,9,04｜擴充,,,B 擴充,,,,,
8269,dozens,9,04｜擴充,,,B 擴充,,,,,
8270,drown,9,04｜擴充,,,B 擴充,,,,,
8271,drunkard,9,04｜擴充,,,B 擴充,,,,,
8272,duncan,9,04｜擴充,,,B 擴充,,,,,
8273,dusky,9,04｜擴充,,,B 擴充,,,,,
8274,dwelt,9,04｜擴充,,,B 擴充,,,,,
8275,eagle,9,04｜擴充,,,B 擴充,,,,,
8276,efficacious,9,04｜擴充,,,B 擴充,,,,,
8277,elegant,9,04｜擴充,,,B 擴充,,,,,
8278,elizabeth,9,04｜擴充,,,B 擴充,,,,,
8279,emaciated,9,04｜擴充,,,B 擴充,,,,,
8280,emotional,9,04｜擴充,,,B 擴充,,,,,
8281,enactment,9,04｜擴充,,,B 擴充,,,,,
8282,endothelial,9,04｜擴充,,,B 擴充,,,,,
8283,endured,9,04｜擴充,,,B 擴充,,,,,
8284,engage,9,04｜擴充,,,B 擴充,,,,,
8285,enlisted,9,04｜擴充,,,B 擴充,,,,,
8286,enraptured,9,04｜擴充,,,B 擴充,,,,,
8287,entangled,9,04｜擴充,,,B 擴充,,,,,
8288,entertained,9,04｜擴充,,,B 擴充,,,,,
8289,entreaty,9,04｜擴充,,,B 擴充,,,,,
8290,envious,9,04｜擴充,,,B 擴充,,,,,
8291,envoy,9,04｜擴充,,,B 擴充,,,,,
8292,epiphyses,9,04｜擴充,,,B 擴充,,,,,
8293,erratic,9,04｜擴充,,,B 擴充,,,,,
8294,eruptions,9,04｜擴充,,,B 擴充,,,,,
8295,erza,9,04｜擴充,,,B 擴充,,,,,
8296,eternity,9,04｜擴充,,,B 擴充,,,,,
8297,evacuation,9,04｜擴充,,,B 擴充,,,,,
8298,evanescent,9,04｜擴充,,,B 擴充,,,,,
8299,everted,9,04｜擴充,,,B 擴充,,,,,
8300,exceeding,9,04｜擴充,,,B 擴充,,,,,
8301,excluding,9,04｜擴充,,,B 擴充,,,,,
8302,executing,9,04｜擴充,,,B 擴充,,,,,
8303,exempt,9,04｜擴充,,,B 擴充,,,,,
8304,experiencing,9,04｜擴充,,,B 擴充,,,,,
8305,expresses,9,04｜擴充,,,B 擴充,,,,,
8306,eyford,9,04｜擴充,,,B 擴充,,,,,
8307,facial,9,04｜擴充,,,B 擴充,,,,,
8308,facilitate,9,04｜擴充,,,B 擴充,,,,,
8309,facilities,9,04｜擴充,,,B 擴充,,,,,
8310,faction,9,04｜擴充,,,B 擴充,,,,,
8311,faded,9,04｜擴充,,,B 擴充,,,,,
8312,faithfully,9,04｜擴充,,,B 擴充,,,,,
8313,favoring,9,04｜擴充,,,B 擴充,,,,,
8314,ferdinand,9,04｜擴充,,,B 擴充,,,,,
8315,fetched,9,04｜擴充,,,B 擴充,,,,,
8316,filaments,9,04｜擴充,,,B 擴充,,,,,
8317,fili,9,04｜擴充,,,B 擴充,,,,,
8318,fists,9,04｜擴充,,,B 擴充,,,,,
8319,flora,9,04｜擴充,,,B 擴充,,,,,
8320,fools,9,04｜擴充,,,B 擴充,,,,,
8321,foresaw,9,04｜擴充,,,B 擴充,,,,,
8322,foresee,9,04｜擴充,,,B 擴充,,,,,
8323,forfeit,9,04｜擴充,,,B 擴充,,,,,
8324,forgiven,9,04｜擴充,,,B 擴充,,,,,
8325,forthcoming,9,04｜擴充,,,B 擴充,,,,,
8326,fractured,9,04｜擴充,,,B 擴充,,,,,
8327,framing,9,04｜擴充,,,B 擴充,,,,,
8328,frankness,9,04｜擴充,,,B 擴充,,,,,
8329,freshness,9,04｜擴充,,,B 擴充,,,,,
8330,fulfillment,9,04｜擴充,,,B 擴充,,,,,
8331,functional,9,04｜擴充,,,B 擴充,,,,,
8332,fungating,9,04｜擴充,,,B 擴充,,,,,
8333,furious,9,04｜擴充,,,B 擴充,,,,,
8334,garfield,9,04｜擴充,,,B 擴充,,,,,
8335,geographical,9,04｜擴充,,,B 擴充,,,,,
8336,glycerin,9,04｜擴充,,,B 擴充,,,,,
8337,gorki,9,04｜擴充,,,B 擴充,,,,,
8338,graciously,9,04｜擴充,,,B 擴充,,,,,
8339,greeley,9,04｜擴充,,,B 擴充,,,,,
8340,greet,9,04｜擴充,,,B 擴充,,,,,
8341,grizzled,9,04｜擴充,,,B 擴充,,,,,
8342,guessing,9,04｜擴充,,,B 擴充,,,,,
8343,gypsy,9,04｜擴充,,,B 擴充,,,,,
8344,harbor,9,04｜擴充,,,B 擴充,,,,,
8345,harriet,9,04｜擴充,,,B 擴充,,,,,
8346,hasn,9,04｜擴充,,,B 擴充,,,,,
8347,headlong,9,04｜擴充,,,B 擴充,,,,,
8348,hind,9,04｜擴充,,,B 擴充,,,,,
8349,ho,9,04｜擴充,,,B 擴充,,,,,
8350,hopelessly,9,04｜擴充,,,B 擴充,,,,,
8351,horseflesh,9,04｜擴充,,,B 擴充,,,,,
8352,housemaid,9,04｜擴充,,,B 擴充,,,,,
8353,huddled,9,04｜擴充,,,B 擴充,,,,,
8354,humored,9,04｜擴充,,,B 擴充,,,,,
8355,hyaline,9,04｜擴充,,,B 擴充,,,,,
8356,identify,9,04｜擴充,v.,辨認,B 中高級核心,動詞,identified,identified,否,
8357,illegal,9,04｜擴充,,,B 擴充,,,,,
8358,illegitimate,9,04｜擴充,,,B 擴充,,,,,
8359,illustrate,9,04｜擴充,,,B 擴充,,,,,
8360,impaction,9,04｜擴充,,,B 擴充,,,,,
8361,impeachment,9,04｜擴充,,,B 擴充,,,,,
8362,impetus,9,04｜擴充,,,B 擴充,,,,,
8363,implication,9,04｜擴充,,,B 擴充,,,,,
8364,imploring,9,04｜擴充,,,B 擴充,,,,,
8365,imported,9,04｜擴充,,,B 擴充,,,,,
8366,improper,9,04｜擴充,,,B 擴充,,,,,
8367,inclination,9,04｜擴充,,,B 擴充,,,,,
8368,incline,9,04｜擴充,,,B 擴充,,,,,
8369,indefinitely,9,04｜擴充,,,B 擴充,,,,,
8370,indispensable,9,04｜擴充,,,B 擴充,,,,,
8371,indulgence,9,04｜擴充,,,B 擴充,,,,,
8372,industrious,9,04｜擴充,,,B 擴充,,,,,
8373,infamous,9,04｜擴充,,,B 擴充,,,,,
8374,infect,9,04｜擴充,,,B 擴充,,,,,
8375,ingenious,9,04｜擴充,,,B 擴充,,,,,
8376,insoluble,9,04｜擴充,,,B 擴充,,,,,
8377,integrity,9,04｜擴充,,,B 擴充,,,,,
8378,integument,9,04｜擴充,,,B 擴充,,,,,
8379,interrupt,9,04｜擴充,,,B 擴充,,,,,
8380,interstitial,9,04｜擴充,,,B 擴充,,,,,
8381,intervening,9,04｜擴充,,,B 擴充,,,,,
8382,invention,9,04｜擴充,,,B 擴充,,,,,
8383,invite,9,04｜擴充,v.,邀請,A 基礎必會,動詞,invited,invited,否,
8384,iritis,9,04｜擴充,,,B 擴充,,,,,
8385,ivan,9,04｜擴充,,,B 擴充,,,,,
8386,ivanych,9,04｜擴充,,,B 擴充,,,,,
8387,jabez,9,04｜擴充,,,B 擴充,,,,,
8388,jail,9,04｜擴充,,,B 擴充,,,,,
8389,jamestown,9,04｜擴充,,,B 擴充,,,,,
8390,jealousies,9,04｜擴充,,,B 擴充,,,,,
8391,jews,9,04｜擴充,,,B 擴充,,,,,
8392,jingling,9,04｜擴充,,,B 擴充,,,,,
8393,jurisprudence,9,04｜擴充,,,B 擴充,,,,,
8394,karagins,9,04｜擴充,,,B 擴充,,,,,
8395,knelt,9,04｜擴充,,,B 擴充,,,,,
8396,laceration,9,04｜擴充,,,B 擴充,,,,,
8397,laterally,9,04｜擴充,,,B 擴充,,,,,
8398,lathe,9,04｜擴充,,,B 擴充,,,,,
8399,latterly,9,04｜擴充,,,B 擴充,,,,,
8400,leaps,9,04｜擴充,,,B 擴充,,,,,
8401,legally,9,04｜擴充,,,B 擴充,,,,,
8402,leisurely,9,04｜擴充,,,B 擴充,,,,,
8403,lighter,9,04｜擴充,,,B 擴充,,,,,
8404,liking,9,04｜擴充,,,B 擴充,,,,,
8405,lists,9,04｜擴充,,,B 擴充,,,,,
8406,lone,9,04｜擴充,,,B 擴充,,,,,
8407,lovers,9,04｜擴充,,,B 擴充,,,,,
8408,lymphadenoma,9,04｜擴充,,,B 擴充,,,,,
8409,lympho,9,04｜擴充,,,B 擴充,,,,,
8410,magistrate,9,04｜擴充,,,B 擴充,,,,,
8411,magnanimous,9,04｜擴充,,,B 擴充,,,,,
8412,mail,9,04｜擴充,,,B 擴充,,,,,
8413,makers,9,04｜擴充,,,B 擴充,,,,,
8414,malleolus,9,04｜擴充,,,B 擴充,,,,,
8415,mane,9,04｜擴充,,,B 擴充,,,,,
8416,manila,9,04｜擴充,,,B 擴充,,,,,
8417,marauders,9,04｜擴充,,,B 擴充,,,,,
8418,marine,9,04｜擴充,,,B 擴充,,,,,
8419,masculine,9,04｜擴充,,,B 擴充,,,,,
8420,masons,9,04｜擴充,,,B 擴充,,,,,
8421,materially,9,04｜擴充,,,B 擴充,,,,,
8422,memorandum,9,04｜擴充,,,B 擴充,,,,,
8423,mentioning,9,04｜擴充,,,B 擴充,,,,,
8424,metacarpal,9,04｜擴充,,,B 擴充,,,,,
8425,milder,9,04｜擴充,,,B 擴充,,,,,
8426,mindedly,9,04｜擴充,,,B 擴充,,,,,
8427,mindedness,9,04｜擴充,,,B 擴充,,,,,
8428,minutely,9,04｜擴充,,,B 擴充,,,,,
8429,moles,9,04｜擴充,,,B 擴充,,,,,
8430,monastery,9,04｜擴充,,,B 擴充,,,,,
8431,morally,9,04｜擴充,,,B 擴充,,,,,
8432,morphin,9,04｜擴充,,,B 擴充,,,,,
8433,mortemart,9,04｜擴充,,,B 擴充,,,,,
8434,musical,9,04｜擴充,,,B 擴充,,,,,
8435,mysteries,9,04｜擴充,,,B 擴充,,,,,
8436,nationalities,9,04｜擴充,,,B 擴充,,,,,
8437,nicely,9,04｜擴充,,,B 擴充,,,,,
8438,ninth,9,04｜擴充,,,B 擴充,,,,,
8439,nobles,9,04｜擴充,,,B 擴充,,,,,
8440,nodes,9,04｜擴充,,,B 擴充,,,,,
8441,nominating,9,04｜擴充,,,B 擴充,,,,,
8442,notebook,9,04｜擴充,,,B 擴充,,,,,
8443,notwithstanding,9,04｜擴充,,,B 擴充,,,,,
8444,novelty,9,04｜擴充,,,B 擴充,,,,,
8445,nurses,9,04｜擴充,,,B 擴充,,,,,
8446,obeyed,9,04｜擴充,,,B 擴充,,,,,
8447,occluded,9,04｜擴充,,,B 擴充,,,,,
8448,occlusion,9,04｜擴充,,,B 擴充,,,,,
8449,odd,9,04｜擴充,,,B 擴充,,,,,
8450,officially,9,04｜擴充,,,B 擴充,,,,,
8451,omitted,9,04｜擴充,,,B 擴充,,,,,
8452,oo,9,04｜擴充,,,B 擴充,,,,,
8453,orators,9,04｜擴充,,,B 擴充,,,,,
8454,organizing,9,04｜擴充,,,B 擴充,,,,,
8455,orifice,9,04｜擴充,,,B 擴充,,,,,
8456,orthodox,9,04｜擴充,,,B 擴充,,,,,
8457,otis,9,04｜擴充,,,B 擴充,,,,,
8458,outward,9,04｜擴充,,,B 擴充,,,,,
8459,overflowing,9,04｜擴充,,,B 擴充,,,,,
8460,overland,9,04｜擴充,,,B 擴充,,,,,
8461,overthrown,9,04｜擴充,,,B 擴充,,,,,
8462,overwhelmed,9,04｜擴充,,,B 擴充,,,,,
8463,papules,9,04｜擴充,,,B 擴充,,,,,
8464,parliamentary,9,04｜擴充,,,B 擴充,,,,,
8465,parotid,9,04｜擴充,,,B 擴充,,,,,
8466,paths,9,04｜擴充,,,B 擴充,,,,,
8467,patronage,9,04｜擴充,,,B 擴充,,,,,
8468,pausing,9,04｜擴充,,,B 擴充,,,,,
8469,pavlograds,9,04｜擴充,,,B 擴充,,,,,
8470,pearls,9,04｜擴充,,,B 擴充,,,,,
8471,peculiarity,9,04｜擴充,,,B 擴充,,,,,
8472,pensions,9,04｜擴充,,,B 擴充,,,,,
8473,periphery,9,04｜擴充,,,B 擴充,,,,,
8474,perishing,9,04｜擴充,,,B 擴充,,,,,
8475,permeated,9,04｜擴充,,,B 擴充,,,,,
8476,peroneal,9,04｜擴充,,,B 擴充,,,,,
8477,perturbed,9,04｜擴充,,,B 擴充,,,,,
8478,phases,9,04｜擴充,,,B 擴充,,,,,
8479,pierced,9,04｜擴充,,,B 擴充,,,,,
8480,pig,9,04｜擴充,,,B 擴充,,,,,
8481,pile,9,04｜擴充,,,B 擴充,,,,,
8482,pilgrim,9,04｜擴充,,,B 擴充,,,,,
8483,pine,9,04｜擴充,,,B 擴充,,,,,
8484,pistols,9,04｜擴充,,,B 擴充,,,,,
8485,platt,9,04｜擴充,,,B 擴充,,,,,
8486,pleasing,9,04｜擴充,,,B 擴充,,,,,
8487,plow,9,04｜擴充,,,B 擴充,,,,,
8488,plymouth,9,04｜擴充,,,B 擴充,,,,,
8489,politician,9,04｜擴充,,,B 擴充,,,,,
8490,polled,9,04｜擴充,,,B 擴充,,,,,
8491,popularity,9,04｜擴充,,,B 擴充,,,,,
8492,possesses,9,04｜擴充,,,B 擴充,,,,,
8493,possessor,9,04｜擴充,,,B 擴充,,,,,
8494,pouring,9,04｜擴充,,,B 擴充,,,,,
8495,practised,9,04｜擴充,,,B 擴充,,,,,
8496,precaution,9,04｜擴充,,,B 擴充,,,,,
8497,predestined,9,04｜擴充,,,B 擴充,,,,,
8498,preferably,9,04｜擴充,,,B 擴充,,,,,
8499,prestige,9,04｜擴充,,,B 擴充,,,,,
8500,prevail,9,04｜擴充,,,B 擴充,,,,,
8501,primarily,9,04｜擴充,,,B 擴充,,,,,
8502,prior,9,04｜擴充,,,B 擴充,,,,,
8503,procession,9,04｜擴充,,,B 擴充,,,,,
8504,professor,9,04｜擴充,,,B 擴充,,,,,
8505,projection,9,04｜擴充,,,B 擴充,,,,,
8506,prompted,9,04｜擴充,,,B 擴充,,,,,
8507,pronounce,9,04｜擴充,,,B 擴充,,,,,
8508,proposing,9,04｜擴充,,,B 擴充,,,,,
8509,propriety,9,04｜擴充,,,B 擴充,,,,,
8510,proudly,9,04｜擴充,,,B 擴充,,,,,
8511,pulmonary,9,04｜擴充,,,B 擴充,,,,,
8512,punch,9,04｜擴充,,,B 擴充,,,,,
8513,purchases,9,04｜擴充,,,B 擴充,,,,,
8514,races,9,04｜擴充,,,B 擴充,,,,,
8515,raft,9,04｜擴充,,,B 擴充,,,,,
8516,rags,9,04｜擴充,,,B 擴充,,,,,
8517,railroads,9,04｜擴充,,,B 擴充,,,,,
8518,ravine,9,04｜擴充,,,B 擴充,,,,,
8519,reads,9,04｜擴充,,,B 擴充,,,,,
8520,reappeared,9,04｜擴充,,,B 擴充,,,,,
8521,reared,9,04｜擴充,,,B 擴充,,,,,
8522,reasonably,9,04｜擴充,,,B 擴充,,,,,
8523,rebels,9,04｜擴充,,,B 擴充,,,,,
8524,recommend,9,04｜擴充,v.,推薦；建議,B 中高級核心,動詞,recommended,recommended,否,
8525,recommendation,9,04｜擴充,,,B 擴充,,,,,
8526,recurred,9,04｜擴充,,,B 擴充,,,,,
8527,reducing,9,04｜擴充,,,B 擴充,,,,,
8528,refer,9,04｜擴充,v.,提到；參考,B 中高級核心,動詞,refered,refered,否,
8529,regularly,9,04｜擴充,,,B 擴充,,,,,
8530,reined,9,04｜擴充,,,B 擴充,,,,,
8531,rejoiced,9,04｜擴充,,,B 擴充,,,,,
8532,relationship,9,04｜擴充,n.,關係,B 中高級核心,名詞,—,—,—,
8533,reluctance,9,04｜擴充,,,B 擴充,,,,,
8534,remind,9,04｜擴充,,,B 擴充,,,,,
8535,reminiscences,9,04｜擴充,,,B 擴充,,,,,
8536,reproduced,9,04｜擴充,,,B 擴充,,,,,
8537,repudiated,9,04｜擴充,,,B 擴充,,,,,
8538,rescued,9,04｜擴充,,,B 擴充,,,,,
8539,respond,9,04｜擴充,v.,回應,B 中高級核心,動詞,responded,responded,否,
8540,restraining,9,04｜擴充,,,B 擴充,,,,,
8541,restraints,9,04｜擴充,,,B 擴充,,,,,
8542,retaining,9,04｜擴充,,,B 擴充,,,,,
8543,reticule,9,04｜擴充,,,B 擴充,,,,,
8544,retraction,9,04｜擴充,,,B 擴充,,,,,
8545,revenues,9,04｜擴充,,,B 擴充,,,,,
8546,roared,9,04｜擴充,,,B 擴充,,,,,
8547,roi,9,04｜擴充,,,B 擴充,,,,,
8548,roughly,9,04｜擴充,,,B 擴充,,,,,
8549,ruptures,9,04｜擴充,,,B 擴充,,,,,
8550,russe,9,04｜擴充,,,B 擴充,,,,,
8551,sable,9,04｜擴充,,,B 擴充,,,,,
8552,sabre,9,04｜擴充,,,B 擴充,,,,,
8553,sacrament,9,04｜擴充,,,B 擴充,,,,,
8554,sacrificing,9,04｜擴充,,,B 擴充,,,,,
8555,sacrum,9,04｜擴充,,,B 擴充,,,,,
8556,saints,9,04｜擴充,,,B 擴充,,,,,
8557,salon,9,04｜擴充,,,B 擴充,,,,,
8558,salute,9,04｜擴充,,,B 擴充,,,,,
8559,sanction,9,04｜擴充,,,B 擴充,,,,,
8560,saphenous,9,04｜擴充,,,B 擴充,,,,,
8561,savings,9,04｜擴充,,,B 擴充,,,,,
8562,scanning,9,04｜擴充,,,B 擴充,,,,,
8563,scoundrels,9,04｜擴充,,,B 擴充,,,,,
8564,scouts,9,04｜擴充,,,B 擴充,,,,,
8565,scrutiny,9,04｜擴充,,,B 擴充,,,,,
8566,seamen,9,04｜擴充,,,B 擴充,,,,,
8567,seekers,9,04｜擴充,,,B 擴充,,,,,
8568,selecting,9,04｜擴充,,,B 擴充,,,,,
8569,selfish,9,04｜擴充,,,B 擴充,,,,,
8570,sensations,9,04｜擴充,,,B 擴充,,,,,
8571,sensory,9,04｜擴充,,,B 擴充,,,,,
8572,sentinels,9,04｜擴充,,,B 擴充,,,,,
8573,sera,9,04｜擴充,,,B 擴充,,,,,
8574,servile,9,04｜擴充,,,B 擴充,,,,,
8575,sessions,9,04｜擴充,,,B 擴充,,,,,
8576,shabby,9,04｜擴充,,,B 擴充,,,,,
8577,shiny,9,04｜擴充,,,B 擴充,,,,,
8578,shocked,9,04｜擴充,,,B 擴充,,,,,
8579,shores,9,04｜擴充,,,B 擴充,,,,,
8580,shouldered,9,04｜擴充,,,B 擴充,,,,,
8581,siberia,9,04｜擴充,,,B 擴充,,,,,
8582,signature,9,04｜擴充,,,B 擴充,,,,,
8583,sincerity,9,04｜擴充,,,B 擴充,,,,,
8584,sites,9,04｜擴充,,,B 擴充,,,,,
8585,sketch,9,04｜擴充,,,B 擴充,,,,,
8586,smoothing,9,04｜擴充,,,B 擴充,,,,,
8587,snap,9,04｜擴充,,,B 擴充,,,,,
8588,snorted,9,04｜擴充,,,B 擴充,,,,,
8589,socialist,9,04｜擴充,,,B 擴充,,,,,
8590,sorrowful,9,04｜擴充,,,B 擴充,,,,,
8591,specified,9,04｜擴充,,,B 擴充,,,,,
8592,speedy,9,04｜擴充,,,B 擴充,,,,,
8593,spell,9,04｜擴充,,,B 擴充,,,,,
8594,spies,9,04｜擴充,,,B 擴充,,,,,
8595,spontaneously,9,04｜擴充,,,B 擴充,,,,,
8596,spun,9,04｜擴充,,,B 擴充,,,,,
8597,squamous,9,04｜擴充,,,B 擴充,,,,,
8598,stamped,9,04｜擴充,,,B 擴充,,,,,
8599,staphylococci,9,04｜擴充,,,B 擴充,,,,,
8600,starving,9,04｜擴充,,,B 擴充,,,,,
8601,stately,9,04｜擴充,,,B 擴充,,,,,
8602,statements,9,04｜擴充,,,B 擴充,,,,,
8603,sterile,9,04｜擴充,,,B 擴充,,,,,
8604,sterilisation,9,04｜擴充,,,B 擴充,,,,,
8605,sting,9,04｜擴充,,,B 擴充,,,,,
8606,stinging,9,04｜擴充,,,B 擴充,,,,,
8607,stocking,9,04｜擴充,,,B 擴充,,,,,
8608,stormed,9,04｜擴充,,,B 擴充,,,,,
8609,straightened,9,04｜擴充,,,B 擴充,,,,,
8610,stretches,9,04｜擴充,,,B 擴充,,,,,
8611,strife,9,04｜擴充,,,B 擴充,,,,,
8612,striped,9,04｜擴充,,,B 擴充,,,,,
8613,stripes,9,04｜擴充,,,B 擴充,,,,,
8614,stroking,9,04｜擴充,,,B 擴充,,,,,
8615,stumbling,9,04｜擴充,,,B 擴充,,,,,
8616,submitting,9,04｜擴充,,,B 擴充,,,,,
8617,substantial,9,04｜擴充,,,B 擴充,,,,,
8618,suffragists,9,04｜擴充,,,B 擴充,,,,,
8619,superseded,9,04｜擴充,,,B 擴充,,,,,
8620,swallowing,9,04｜擴充,,,B 擴充,,,,,
8621,sympathized,9,04｜擴充,,,B 擴充,,,,,
8622,tabes,9,04｜擴充,,,B 擴充,,,,,
8623,talents,9,04｜擴充,,,B 擴充,,,,,
8624,tallow,9,04｜擴充,,,B 擴充,,,,,
8625,tents,9,04｜擴充,,,B 擴充,,,,,
8626,tete,9,04｜擴充,,,B 擴充,,,,,
8627,therapeutic,9,04｜擴充,,,B 擴充,,,,,
8628,thomson,9,04｜擴充,,,B 擴充,,,,,
8629,threads,9,04｜擴充,,,B 擴充,,,,,
8630,throbbing,9,04｜擴充,,,B 擴充,,,,,
8631,thunder,9,04｜擴充,,,B 擴充,,,,,
8632,ticket,9,04｜擴充,,,B 擴充,,,,,
8633,tinted,9,04｜擴充,,,B 擴充,,,,,
8634,toast,9,04｜擴充,,,B 擴充,,,,,
8635,tons,9,04｜擴充,,,B 擴充,,,,,
8636,totally,9,04｜擴充,adv.,完全地,B 中高級核心,副詞,—,—,—,
8637,tower,9,04｜擴充,,,B 擴充,,,,,
8638,tract,9,04｜擴充,,,B 擴充,,,,,
8639,tradesman,9,04｜擴充,,,B 擴充,,,,,
8640,tragedy,9,04｜擴充,,,B 擴充,,,,,
8641,tragic,9,04｜擴充,,,B 擴充,,,,,
8642,transplanted,9,04｜擴充,,,B 擴充,,,,,
8643,tribunal,9,04｜擴充,,,B 擴充,,,,,
8644,triumphantly,9,04｜擴充,,,B 擴充,,,,,
8645,tugged,9,04｜擴充,,,B 擴充,,,,,
8646,tutors,9,04｜擴充,,,B 擴充,,,,,
8647,tyranny,9,04｜擴充,,,B 擴充,,,,,
8648,undergone,9,04｜擴充,,,B 擴充,,,,,
8649,underneath,9,04｜擴充,,,B 擴充,,,,,
8650,undertook,9,04｜擴充,,,B 擴充,,,,,
8651,undress,9,04｜擴充,,,B 擴充,,,,,
8652,unfinished,9,04｜擴充,,,B 擴充,,,,,
8653,unmarried,9,04｜擴充,,,B 擴充,,,,,
8654,unreasoning,9,04｜擴充,,,B 擴充,,,,,
8655,unsightly,9,04｜擴充,,,B 擴充,,,,,
8656,unwell,9,04｜擴充,,,B 擴充,,,,,
8657,urethra,9,04｜擴充,,,B 擴充,,,,,
8658,urinary,9,04｜擴充,,,B 擴充,,,,,
8659,uses,9,04｜擴充,,,B 擴充,,,,,
8660,uvarov,9,04｜擴充,,,B 擴充,,,,,
8661,valor,9,04｜擴充,,,B 擴充,,,,,
8662,velocity,9,04｜擴充,,,B 擴充,,,,,
8663,veto,9,04｜擴充,,,B 擴充,,,,,
8664,victims,9,04｜擴充,,,B 擴充,,,,,
8665,violated,9,04｜擴充,,,B 擴充,,,,,
8666,vs,9,04｜擴充,,,B 擴充,,,,,
8667,wail,9,04｜擴充,,,B 擴充,,,,,
8668,warmed,9,04｜擴充,,,B 擴充,,,,,
8669,warranty,9,04｜擴充,,,B 擴充,,,,,
8670,wassermann,9,04｜擴充,,,B 擴充,,,,,
8671,watchman,9,04｜擴充,,,B 擴充,,,,,
8672,waterloo,9,04｜擴充,,,B 擴充,,,,,
8673,widened,9,04｜擴充,,,B 擴充,,,,,
8674,wintzingerode,9,04｜擴充,,,B 擴充,,,,,
8675,withstand,9,04｜擴充,,,B 擴充,,,,,
8676,witnesses,9,04｜擴充,,,B 擴充,,,,,
8677,worlds,9,04｜擴充,,,B 擴充,,,,,
8678,worm,9,04｜擴充,,,B 擴充,,,,,
8679,wostov,9,04｜擴充,,,B 擴充,,,,,
8680,yellowish,9,04｜擴充,,,B 擴充,,,,,
8681,yorktown,9,04｜擴充,,,B 擴充,,,,,
8682,zakhar,9,04｜擴充,,,B 擴充,,,,,
8683,ze,9,04｜擴充,,,B 擴充,,,,,
8684,abrasion,8,04｜擴充,,,B 擴充,,,,,
8685,acceptance,8,04｜擴充,,,B 擴充,,,,,
8686,accompaniment,8,04｜擴充,,,B 擴充,,,,,
8687,accounted,8,04｜擴充,,,B 擴充,,,,,
8688,accuracy,8,04｜擴充,,,B 擴充,,,,,
8689,actor,8,04｜擴充,,,B 擴充,,,,,
8690,adhere,8,04｜擴充,,,B 擴充,,,,,
8691,adjustment,8,04｜擴充,,,B 擴充,,,,,
8692,administer,8,04｜擴充,,,B 擴充,,,,,
8693,admiring,8,04｜擴充,,,B 擴充,,,,,
8694,adventitious,8,04｜擴充,,,B 擴充,,,,,
8695,affinity,8,04｜擴充,,,B 擴充,,,,,
8696,almighty,8,04｜擴充,,,B 擴充,,,,,
8697,alternate,8,04｜擴充,,,B 擴充,,,,,
8698,ambitious,8,04｜擴充,,,B 擴充,,,,,
8699,amiably,8,04｜擴充,,,B 擴充,,,,,
8700,amounted,8,04｜擴充,,,B 擴充,,,,,
8701,amounting,8,04｜擴充,,,B 擴充,,,,,
8702,andreevich,8,04｜擴充,,,B 擴充,,,,,
8703,angio,8,04｜擴充,,,B 擴充,,,,,
8704,anglo,8,04｜擴充,,,B 擴充,,,,,
8705,announcing,8,04｜擴充,,,B 擴充,,,,,
8706,anthony,8,04｜擴充,,,B 擴充,,,,,
8707,antipathy,8,04｜擴充,,,B 擴充,,,,,
8708,appoint,8,04｜擴充,,,B 擴充,,,,,
8709,appreciation,8,04｜擴充,,,B 擴充,,,,,
8710,arbat,8,04｜擴充,,,B 擴充,,,,,
8711,ardor,8,04｜擴充,,,B 擴充,,,,,
8712,argue,8,04｜擴充,v.,爭論；主張,A 基礎必會,動詞,argued,argued,否,
8713,arguing,8,04｜擴充,,,B 擴充,,,,,
8714,armistice,8,04｜擴充,,,B 擴充,,,,,
8715,arthropathy,8,04｜擴充,,,B 擴充,,,,,
8716,artillerymen,8,04｜擴充,,,B 擴充,,,,,
8717,assemble,8,04｜擴充,,,B 擴充,,,,,
8718,assert,8,04｜擴充,,,B 擴充,,,,,
8719,attends,8,04｜擴充,,,B 擴充,,,,,
8720,availing,8,04｜擴充,,,B 擴充,,,,,
8721,avowed,8,04｜擴充,,,B 擴充,,,,,
8722,backed,8,04｜擴充,,,B 擴充,,,,,
8723,baffled,8,04｜擴充,,,B 擴充,,,,,
8724,barriers,8,04｜擴充,,,B 擴充,,,,,
8725,bars,8,04｜擴充,,,B 擴充,,,,,
8726,basket,8,04｜擴充,n.,籃子,A 基礎必會,名詞,—,—,—,
8727,beekeeper,8,04｜擴充,,,B 擴充,,,,,
8728,behavior,8,04｜擴充,n.,行為,A 基礎必會,名詞,—,—,—,
8729,bewilderment,8,04｜擴充,,,B 擴充,,,,,
8730,bifurcation,8,04｜擴充,,,B 擴充,,,,,
8731,biscuits,8,04｜擴充,,,B 擴充,,,,,
8732,bishop,8,04｜擴充,,,B 擴充,,,,,
8733,bits,8,04｜擴充,,,B 擴充,,,,,
8734,bohemian,8,04｜擴充,,,B 擴充,,,,,
8735,bonnet,8,04｜擴充,,,B 擴充,,,,,
8736,bounties,8,04｜擴充,,,B 擴充,,,,,
8737,bourbons,8,04｜擴充,,,B 擴充,,,,,
8738,bows,8,04｜擴充,,,B 擴充,,,,,
8739,brains,8,04｜擴充,,,B 擴充,,,,,
8740,brass,8,04｜擴充,,,B 擴充,,,,,
8741,bridegroom,8,04｜擴充,,,B 擴充,,,,,
8742,bronchial,8,04｜擴充,,,B 擴充,,,,,
8743,builders,8,04｜擴充,,,B 擴充,,,,,
8744,bulky,8,04｜擴充,,,B 擴充,,,,,
8745,burnt,8,04｜擴充,,,B 擴充,,,,,
8746,bury,8,04｜擴充,,,B 擴充,,,,,
8747,bush,8,04｜擴充,,,B 擴充,,,,,
8748,buttoning,8,04｜擴充,,,B 擴充,,,,,
8749,buttons,8,04｜擴充,,,B 擴充,,,,,
8750,cabman,8,04｜擴充,,,B 擴充,,,,,
8751,campan,8,04｜擴充,,,B 擴充,,,,,
8752,cannula,8,04｜擴充,,,B 擴充,,,,,
8753,caprice,8,04｜擴充,,,B 擴充,,,,,
8754,cardboard,8,04｜擴充,,,B 擴充,,,,,
8755,carpal,8,04｜擴充,,,B 擴充,,,,,
8756,catastrophe,8,04｜擴充,,,B 擴充,,,,,
8757,ceded,8,04｜擴充,,,B 擴充,,,,,
8758,census,8,04｜擴充,,,B 擴充,,,,,
8759,cerebral,8,04｜擴充,,,B 擴充,,,,,
8760,chanced,8,04｜擴充,,,B 擴充,,,,,
8761,chancres,8,04｜擴充,,,B 擴充,,,,,
8762,chaos,8,04｜擴充,,,B 擴充,,,,,
8763,chapel,8,04｜擴充,,,B 擴充,,,,,
8764,chatter,8,04｜擴充,,,B 擴充,,,,,
8765,chernyshev,8,04｜擴充,,,B 擴充,,,,,
8766,chimed,8,04｜擴充,,,B 擴充,,,,,
8767,choir,8,04｜擴充,,,B 擴充,,,,,
8768,chyle,8,04｜擴充,,,B 擴充,,,,,
8769,clerical,8,04｜擴充,,,B 擴充,,,,,
8770,clerks,8,04｜擴充,,,B 擴充,,,,,
8771,climax,8,04｜擴充,,,B 擴充,,,,,
8772,clumsy,8,04｜擴充,,,B 擴充,,,,,
8773,commissioner,8,04｜擴充,,,B 擴充,,,,,
8774,communion,8,04｜擴充,,,B 擴充,,,,,
8775,communis,8,04｜擴充,,,B 擴充,,,,,
8776,competent,8,04｜擴充,,,B 擴充,,,,,
8777,complaints,8,04｜擴充,,,B 擴充,,,,,
8778,complying,8,04｜擴充,,,B 擴充,,,,,
8779,compressible,8,04｜擴充,,,B 擴充,,,,,
8780,conceptions,8,04｜擴充,,,B 擴充,,,,,
8781,confidently,8,04｜擴充,,,B 擴充,,,,,
8782,conjectures,8,04｜擴充,,,B 擴充,,,,,
8783,consequent,8,04｜擴充,,,B 擴充,,,,,
8784,consequential,8,04｜擴充,,,B 擴充,,,,,
8785,consistently,8,04｜擴充,,,B 擴充,,,,,
8786,constraint,8,04｜擴充,,,B 擴充,,,,,
8787,construed,8,04｜擴充,,,B 擴充,,,,,
8788,contra,8,04｜擴充,,,B 擴充,,,,,
8789,controlling,8,04｜擴充,,,B 擴充,,,,,
8790,convictions,8,04｜擴充,,,B 擴充,,,,,
8791,convicts,8,04｜擴充,,,B 擴充,,,,,
8792,cornet,8,04｜擴充,,,B 擴充,,,,,
8793,corpse,8,04｜擴充,,,B 擴充,,,,,
8794,corradi,8,04｜擴充,,,B 擴充,,,,,
8795,corresponds,8,04｜擴充,,,B 擴充,,,,,
8796,costs,8,04｜擴充,,,B 擴充,,,,,
8797,coughing,8,04｜擴充,,,B 擴充,,,,,
8798,counteract,8,04｜擴充,,,B 擴充,,,,,
8799,countless,8,04｜擴充,,,B 擴充,,,,,
8800,courteous,8,04｜擴充,,,B 擴充,,,,,
8801,courtier,8,04｜擴充,,,B 擴充,,,,,
8802,coward,8,04｜擴充,,,B 擴充,,,,,
8803,craniotabes,8,04｜擴充,,,B 擴充,,,,,
8804,cripple,8,04｜擴充,,,B 擴充,,,,,
8805,cudgel,8,04｜擴充,,,B 擴充,,,,,
8806,cured,8,04｜擴充,,,B 擴充,,,,,
8807,curtis,8,04｜擴充,,,B 擴充,,,,,
8808,cylinder,8,04｜擴充,,,B 擴充,,,,,
8809,dancers,8,04｜擴充,,,B 擴充,,,,,
8810,dances,8,04｜擴充,,,B 擴充,,,,,
8811,darkened,8,04｜擴充,,,B 擴充,,,,,
8812,dazed,8,04｜擴充,,,B 擴充,,,,,
8813,deadlock,8,04｜擴充,,,B 擴充,,,,,
8814,dearly,8,04｜擴充,,,B 擴充,,,,,
8815,deciding,8,04｜擴充,,,B 擴充,,,,,
8816,deformed,8,04｜擴充,,,B 擴充,,,,,
8817,degenerative,8,04｜擴充,,,B 擴充,,,,,
8818,dem,8,04｜擴充,,,B 擴充,,,,,
8819,demonstrate,8,04｜擴充,,,B 擴充,,,,,
8820,demonstrations,8,04｜擴充,,,B 擴充,,,,,
8821,density,8,04｜擴充,,,B 擴充,,,,,
8822,deplored,8,04｜擴充,,,B 擴充,,,,,
8823,dermatitis,8,04｜擴充,,,B 擴充,,,,,
8824,dermoid,8,04｜擴充,,,B 擴充,,,,,
8825,descriptions,8,04｜擴充,,,B 擴充,,,,,
8826,detain,8,04｜擴充,,,B 擴充,,,,,
8827,determines,8,04｜擴充,,,B 擴充,,,,,
8828,diabetic,8,04｜擴充,,,B 擴充,,,,,
8829,diameter,8,04｜擴充,,,B 擴充,,,,,
8830,diamonds,8,04｜擴充,,,B 擴充,,,,,
8831,diarrhoea,8,04｜擴充,,,B 擴充,,,,,
8832,digestion,8,04｜擴充,,,B 擴充,,,,,
8833,dioxide,8,04｜擴充,,,B 擴充,,,,,
8834,directors,8,04｜擴充,,,B 擴充,,,,,
8835,disappoint,8,04｜擴充,,,B 擴充,,,,,
8836,disapproval,8,04｜擴充,,,B 擴充,,,,,
8837,disapprovingly,8,04｜擴充,,,B 擴充,,,,,
8838,disconnected,8,04｜擴充,,,B 擴充,,,,,
8839,discouraged,8,04｜擴充,,,B 擴充,,,,,
8840,dislocations,8,04｜擴充,,,B 擴充,,,,,
8841,disorderly,8,04｜擴充,,,B 擴充,,,,,
8842,disorganized,8,04｜擴充,,,B 擴充,,,,,
8843,displeasure,8,04｜擴充,,,B 擴充,,,,,
8844,dissent,8,04｜擴充,,,B 擴充,,,,,
8845,dissenters,8,04｜擴充,,,B 擴充,,,,,
8846,dissenting,8,04｜擴充,,,B 擴充,,,,,
8847,distinguishing,8,04｜擴充,,,B 擴充,,,,,
8848,distrust,8,04｜擴充,,,B 擴充,,,,,
8849,divorce,8,04｜擴充,,,B 擴充,,,,,
8850,dock,8,04｜擴充,,,B 擴充,,,,,
8851,dominant,8,04｜擴充,,,B 擴充,,,,,
8852,dotted,8,04｜擴充,,,B 擴充,,,,,
8853,downy,8,04｜擴充,,,B 擴充,,,,,
8854,dragoon,8,04｜擴充,,,B 擴充,,,,,
8855,drill,8,04｜擴充,,,B 擴充,,,,,
8856,duport,8,04｜擴充,,,B 擴充,,,,,
8857,dwell,8,04｜擴充,,,B 擴充,,,,,
8858,eagerness,8,04｜擴充,,,B 擴充,,,,,
8859,earners,8,04｜擴充,,,B 擴充,,,,,
8860,earnings,8,04｜擴充,,,B 擴充,,,,,
8861,eats,8,04｜擴充,,,B 擴充,,,,,
8862,ecossaise,8,04｜擴充,,,B 擴充,,,,,
8863,ecstasy,8,04｜擴充,,,B 擴充,,,,,
8864,edited,8,04｜擴充,,,B 擴充,,,,,
8865,efficiency,8,04｜擴充,,,B 擴充,,,,,
8866,eggs,8,04｜擴充,,,B 擴充,,,,,
8867,egotism,8,04｜擴充,,,B 擴充,,,,,
8868,elasticity,8,04｜擴充,,,B 擴充,,,,,
8869,elective,8,04｜擴充,,,B 擴充,,,,,
8870,elongated,8,04｜擴充,,,B 擴充,,,,,
8871,emerge,8,04｜擴充,,,B 擴充,,,,,
8872,emerging,8,04｜擴充,,,B 擴充,,,,,
8873,employee,8,04｜擴充,n.,員工,A 基礎必會,名詞,—,—,—,
8874,enchanted,8,04｜擴充,,,B 擴充,,,,,
8875,encouragement,8,04｜擴充,,,B 擴充,,,,,
8876,endanger,8,04｜擴充,,,B 擴充,,,,,
8877,endarteritis,8,04｜擴充,,,B 擴充,,,,,
8878,endeavouring,8,04｜擴充,,,B 擴充,,,,,
8879,endurance,8,04｜擴充,,,B 擴充,,,,,
8880,energetically,8,04｜擴充,,,B 擴充,,,,,
8881,enfranchised,8,04｜擴充,,,B 擴充,,,,,
8882,enlightenment,8,04｜擴充,,,B 擴充,,,,,
8883,entrenchments,8,04｜擴充,,,B 擴充,,,,,
8884,ether,8,04｜擴充,,,B 擴充,,,,,
8885,etiology,8,04｜擴充,,,B 擴充,,,,,
8886,evenly,8,04｜擴充,,,B 擴充,,,,,
8887,evolved,8,04｜擴充,,,B 擴充,,,,,
8888,exceed,8,04｜擴充,,,B 擴充,,,,,
8889,excitedly,8,04｜擴充,,,B 擴充,,,,,
8890,exert,8,04｜擴充,,,B 擴充,,,,,
8891,expanse,8,04｜擴充,,,B 擴充,,,,,
8892,expansile,8,04｜擴充,,,B 擴充,,,,,
8893,expedient,8,04｜擴充,,,B 擴充,,,,,
8894,expenditures,8,04｜擴充,,,B 擴充,,,,,
8895,experimental,8,04｜擴充,,,B 擴充,,,,,
8896,explored,8,04｜擴充,,,B 擴充,,,,,
8897,exposition,8,04｜擴充,,,B 擴充,,,,,
8898,extensively,8,04｜擴充,,,B 擴充,,,,,
8899,extract,8,04｜擴充,,,B 擴充,,,,,
8900,extravasation,8,04｜擴充,,,B 擴充,,,,,
8901,faculties,8,04｜擴充,,,B 擴充,,,,,
8902,faire,8,04｜擴充,,,B 擴充,,,,,
8903,familiarity,8,04｜擴充,,,B 擴充,,,,,
8904,fan,8,04｜擴充,,,B 擴充,,,,,
8905,fathom,8,04｜擴充,,,B 擴充,,,,,
8906,fe,8,04｜擴充,,,B 擴充,,,,,
8907,feast,8,04｜擴充,,,B 擴充,,,,,
8908,fencing,8,04｜擴充,,,B 擴充,,,,,
8909,ferment,8,04｜擴充,,,B 擴充,,,,,
8910,ferry,8,04｜擴充,,,B 擴充,,,,,
8911,fibroid,8,04｜擴充,,,B 擴充,,,,,
8912,fiery,8,04｜擴充,,,B 擴充,,,,,
8913,files,8,04｜擴充,,,B 擴充,,,,,
8914,film,8,04｜擴充,n.,電影,A 基礎必會,名詞,—,—,—,
8915,fist,8,04｜擴充,,,B 擴充,,,,,
8916,fitness,8,04｜擴充,,,B 擴充,,,,,
8917,fixation,8,04｜擴充,,,B 擴充,,,,,
8918,flags,8,04｜擴充,,,B 擴充,,,,,
8919,flaming,8,04｜擴充,,,B 擴充,,,,,
8920,flaps,8,04｜擴充,,,B 擴充,,,,,
8921,flies,8,04｜擴充,,,B 擴充,,,,,
8922,flitted,8,04｜擴充,,,B 擴充,,,,,
8923,floated,8,04｜擴充,,,B 擴充,,,,,
8924,flooded,8,04｜擴充,,,B 擴充,,,,,
8925,fluttering,8,04｜擴充,,,B 擴充,,,,,
8926,folding,8,04｜擴充,,,B 擴充,,,,,
8927,forgets,8,04｜擴充,,,B 擴充,,,,,
8928,forminsk,8,04｜擴充,,,B 擴充,,,,,
8929,formulated,8,04｜擴充,,,B 擴充,,,,,
8930,forts,8,04｜擴充,,,B 擴充,,,,,
8931,founding,8,04｜擴充,,,B 擴充,,,,,
8932,frederick,8,04｜擴充,,,B 擴充,,,,,
8933,freezing,8,04｜擴充,,,B 擴充,,,,,
8934,frenzy,8,04｜擴充,,,B 擴充,,,,,
8935,frightful,8,04｜擴充,,,B 擴充,,,,,
8936,fuel,8,04｜擴充,,,B 擴充,,,,,
8937,furthermore,8,04｜擴充,,,B 擴充,,,,,
8938,gait,8,04｜擴充,,,B 擴充,,,,,
8939,gardener,8,04｜擴充,,,B 擴充,,,,,
8940,gases,8,04｜擴充,,,B 擴充,,,,,
8941,gelatinous,8,04｜擴充,,,B 擴充,,,,,
8942,genital,8,04｜擴充,,,B 擴充,,,,,
8943,gesticulating,8,04｜擴充,,,B 擴充,,,,,
8944,gestures,8,04｜擴充,,,B 擴充,,,,,
8945,gifted,8,04｜擴充,,,B 擴充,,,,,
8946,gilt,8,04｜擴充,,,B 擴充,,,,,
8947,girlish,8,04｜擴充,,,B 擴充,,,,,
8948,glistening,8,04｜擴充,,,B 擴充,,,,,
8949,gompers,8,04｜擴充,,,B 擴充,,,,,
8950,grandson,8,04｜擴充,,,B 擴充,,,,,
8951,gravel,8,04｜擴充,,,B 擴充,,,,,
8952,greasy,8,04｜擴充,,,B 擴充,,,,,
8953,grenadiers,8,04｜擴充,,,B 擴充,,,,,
8954,grimesby,8,04｜擴充,,,B 擴充,,,,,
8955,grin,8,04｜擴充,,,B 擴充,,,,,
8956,guardsman,8,04｜擴充,,,B 擴充,,,,,
8957,guise,8,04｜擴充,,,B 擴充,,,,,
8958,gully,8,04｜擴充,,,B 擴充,,,,,
8959,gums,8,04｜擴充,,,B 擴充,,,,,
8960,gunner,8,04｜擴充,,,B 擴充,,,,,
8961,habeas,8,04｜擴充,,,B 擴充,,,,,
8962,hague,8,04｜擴充,,,B 擴充,,,,,
8963,hardy,8,04｜擴充,,,B 擴充,,,,,
8964,harp,8,04｜擴充,,,B 擴充,,,,,
8965,hast,8,04｜擴充,,,B 擴充,,,,,
8966,haversian,8,04｜擴充,,,B 擴充,,,,,
8967,hectic,8,04｜擴充,,,B 擴充,,,,,
8968,heeding,8,04｜擴充,,,B 擴充,,,,,
8969,heirs,8,04｜擴充,,,B 擴充,,,,,
8970,helpful,8,04｜擴充,adj.,有幫助的,B 中高級核心,形容詞,—,—,—,
8971,hemisphere,8,04｜擴充,,,B 擴充,,,,,
8972,hilton,8,04｜擴充,,,B 擴充,,,,,
8973,hoarsely,8,04｜擴充,,,B 擴充,,,,,
8974,homely,8,04｜擴充,,,B 擴充,,,,,
8975,horny,8,04｜擴充,,,B 擴充,,,,,
8976,hospitality,8,04｜擴充,,,B 擴充,,,,,
8977,housekeeper,8,04｜擴充,,,B 擴充,,,,,
8978,hurts,8,04｜擴充,,,B 擴充,,,,,
8979,huts,8,04｜擴充,,,B 擴充,,,,,
8980,hypothesis,8,04｜擴充,,,B 擴充,,,,,
8981,idaho,8,04｜擴充,,,B 擴充,,,,,
8982,identification,8,04｜擴充,,,B 擴充,,,,,
8983,identified,8,04｜擴充,,,B 擴充,,,,,
8984,illuminated,8,04｜擴充,,,B 擴充,,,,,
8985,implored,8,04｜擴充,,,B 擴充,,,,,
8986,impose,8,04｜擴充,,,B 擴充,,,,,
8987,incidence,8,04｜擴充,,,B 擴充,,,,,
8988,indebted,8,04｜擴充,,,B 擴充,,,,,
8989,infiltrated,8,04｜擴充,,,B 擴充,,,,,
8990,ingenuity,8,04｜擴充,,,B 擴充,,,,,
8991,insects,8,04｜擴充,,,B 擴充,,,,,
8992,insight,8,04｜擴充,,,B 擴充,,,,,
8993,insistence,8,04｜擴充,,,B 擴充,,,,,
8994,inspire,8,04｜擴充,,,B 擴充,,,,,
8995,intend,8,04｜擴充,v.,打算,B 中高級核心,動詞,intended,intended,否,
8996,intensified,8,04｜擴充,,,B 擴充,,,,,
8997,intermittent,8,04｜擴充,,,B 擴充,,,,,
8998,interpreted,8,04｜擴充,,,B 擴充,,,,,
8999,intervene,8,04｜擴充,,,B 擴充,,,,,
9000,intimidation,8,04｜擴充,,,B 擴充,,,,,
9001,invaluable,8,04｜擴充,,,B 擴充,,,,,
9002,inward,8,04｜擴充,,,B 擴充,,,,,
9003,irritants,8,04｜擴充,,,B 擴充,,,,,
9004,isolation,8,04｜擴充,,,B 擴充,,,,,
9005,itching,8,04｜擴充,,,B 擴充,,,,,
9006,jack,8,04｜擴充,,,B 擴充,,,,,
9007,jelly,8,04｜擴充,,,B 擴充,,,,,
9008,journal,8,04｜擴充,,,B 擴充,,,,,
9009,kirilych,8,04｜擴充,,,B 擴充,,,,,
9010,knapsacks,8,04｜擴充,,,B 擴充,,,,,
9011,kneeling,8,04｜擴充,,,B 擴充,,,,,
9012,knitted,8,04｜擴充,,,B 擴充,,,,,
9013,knocking,8,04｜擴充,,,B 擴充,,,,,
9014,lamps,8,04｜擴充,,,B 擴充,,,,,
9015,languages,8,04｜擴充,,,B 擴充,,,,,
9016,lapse,8,04｜擴充,,,B 擴充,,,,,
9017,lash,8,04｜擴充,,,B 擴充,,,,,
9018,leakage,8,04｜擴充,,,B 擴充,,,,,
9019,lexington,8,04｜擴充,,,B 擴充,,,,,
9020,lids,8,04｜擴充,,,B 擴充,,,,,
9021,likes,8,04｜擴充,,,B 擴充,,,,,
9022,limp,8,04｜擴充,,,B 擴充,,,,,
9023,lingered,8,04｜擴充,,,B 擴充,,,,,
9024,lister,8,04｜擴充,,,B 擴充,,,,,
9025,load,8,04｜擴充,,,B 擴充,,,,,
9026,lobulated,8,04｜擴充,,,B 擴充,,,,,
9027,location,8,04｜擴充,n.,位置；地點,B 中高級核心,名詞,—,—,—,
9028,lodging,8,04｜擴充,,,B 擴充,,,,,
9029,logs,8,04｜擴充,,,B 擴充,,,,,
9030,lotions,8,04｜擴充,,,B 擴充,,,,,
9031,lots,8,04｜擴充,,,B 擴充,,,,,
9032,lumbago,8,04｜擴充,,,B 擴充,,,,,
9033,lunatic,8,04｜擴充,,,B 擴充,,,,,
9034,lung,8,04｜擴充,,,B 擴充,,,,,
9035,lure,8,04｜擴充,,,B 擴充,,,,,
9036,luxurious,8,04｜擴充,,,B 擴充,,,,,
9037,luxury,8,04｜擴充,,,B 擴充,,,,,
9038,lymphocytes,8,04｜擴充,,,B 擴充,,,,,
9039,macerated,8,04｜擴充,,,B 擴充,,,,,
9040,madrid,8,04｜擴充,,,B 擴充,,,,,
9041,magnates,8,04｜擴充,,,B 擴充,,,,,
9042,makarin,8,04｜擴充,,,B 擴充,,,,,
9043,malo,8,04｜擴充,,,B 擴充,,,,,
9044,manors,8,04｜擴充,,,B 擴充,,,,,
9045,mantle,8,04｜擴充,,,B 擴充,,,,,
9046,manufacturer,8,04｜擴充,,,B 擴充,,,,,
9047,markedly,8,04｜擴充,,,B 擴充,,,,,
9048,masha,8,04｜擴充,,,B 擴充,,,,,
9049,matas,8,04｜擴充,,,B 擴充,,,,,
9050,matrena,8,04｜擴充,,,B 擴充,,,,,
9051,maybe,8,04｜擴充,adv.,也許,B 中高級核心,副詞,—,—,—,
9052,meadows,8,04｜擴充,,,B 擴充,,,,,
9053,meek,8,04｜擴充,,,B 擴充,,,,,
9054,melon,8,04｜擴充,,,B 擴充,,,,,
9055,metatarsal,8,04｜擴充,,,B 擴充,,,,,
9056,miner,8,04｜擴充,,,B 擴充,,,,,
9057,minerals,8,04｜擴充,,,B 擴充,,,,,
9058,modesty,8,04｜擴充,,,B 擴充,,,,,
9059,modifications,8,04｜擴充,,,B 擴充,,,,,
9060,monk,8,04｜擴充,,,B 擴充,,,,,
9061,monthly,8,04｜擴充,,,B 擴充,,,,,
9062,mortgage,8,04｜擴充,,,B 擴充,,,,,
9063,moskva,8,04｜擴充,,,B 擴充,,,,,
9064,mourning,8,04｜擴充,,,B 擴充,,,,,
9065,multiplied,8,04｜擴充,,,B 擴充,,,,,
9066,multiply,8,04｜擴充,,,B 擴充,,,,,
9067,multitude,8,04｜擴充,,,B 擴充,,,,,
9068,murphy,8,04｜擴充,,,B 擴充,,,,,
9069,musculo,8,04｜擴充,,,B 擴充,,,,,
9070,muzzle,8,04｜擴充,,,B 擴充,,,,,
9071,myoma,8,04｜擴充,,,B 擴充,,,,,
9072,myxomatous,8,04｜擴充,,,B 擴充,,,,,
9073,naively,8,04｜擴充,,,B 擴充,,,,,
9074,nap,8,04｜擴充,,,B 擴充,,,,,
9075,narrowed,8,04｜擴充,,,B 擴充,,,,,
9076,nearing,8,04｜擴充,,,B 擴充,,,,,
9077,neat,8,04｜擴充,,,B 擴充,,,,,
9078,necks,8,04｜擴充,,,B 擴充,,,,,
9079,necrosed,8,04｜擴充,,,B 擴充,,,,,
9080,nervously,8,04｜擴充,,,B 擴充,,,,,
9081,newcomers,8,04｜擴充,,,B 擴充,,,,,
9082,nizhni,8,04｜擴充,,,B 擴充,,,,,
9083,nod,8,04｜擴充,,,B 擴充,,,,,
9084,noisily,8,04｜擴充,,,B 擴充,,,,,
9085,nominal,8,04｜擴充,,,B 擴充,,,,,
9086,noon,8,04｜擴充,,,B 擴充,,,,,
9087,norton,8,04｜擴充,,,B 擴充,,,,,
9088,notices,8,04｜擴充,,,B 擴充,,,,,
9089,notions,8,04｜擴充,,,B 擴充,,,,,
9090,notorious,8,04｜擴充,,,B 擴充,,,,,
9091,nous,8,04｜擴充,,,B 擴充,,,,,
9092,nuisance,8,04｜擴充,,,B 擴充,,,,,
9093,numbered,8,04｜擴充,,,B 擴充,,,,,
9094,oblige,8,04｜擴充,,,B 擴充,,,,,
9095,occludes,8,04｜擴充,,,B 擴充,,,,,
9096,offspring,8,04｜擴充,,,B 擴充,,,,,
9097,olecranon,8,04｜擴充,,,B 擴充,,,,,
9098,op,8,04｜擴充,,,B 擴充,,,,,
9099,operated,8,04｜擴充,,,B 擴充,,,,,
9100,oppressive,8,04｜擴充,,,B 擴充,,,,,
9101,ostermann,8,04｜擴充,,,B 擴充,,,,,
9102,overgrown,8,04｜擴充,,,B 擴充,,,,,
9103,overheard,8,04｜擴充,,,B 擴充,,,,,
9104,overtaken,8,04｜擴充,,,B 擴充,,,,,
9105,pairs,8,04｜擴充,,,B 擴充,,,,,
9106,palpation,8,04｜擴充,,,B 擴充,,,,,
9107,parish,8,04｜擴充,,,B 擴充,,,,,
9108,parting,8,04｜擴充,,,B 擴充,,,,,
9109,passenger,8,04｜擴充,n.,乘客,B 中高級核心,名詞,—,—,—,
9110,pathology,8,04｜擴充,,,B 擴充,,,,,
9111,patrol,8,04｜擴充,,,B 擴充,,,,,
9112,peacefully,8,04｜擴充,,,B 擴充,,,,,
9113,pellets,8,04｜擴充,,,B 擴充,,,,,
9114,perforation,8,04｜擴充,,,B 擴充,,,,,
9115,phalangeal,8,04｜擴充,,,B 擴充,,,,,
9116,pharyngeal,8,04｜擴充,,,B 擴充,,,,,
9117,philip,8,04｜擴充,,,B 擴充,,,,,
9118,piled,8,04｜擴充,,,B 擴充,,,,,
9119,pillage,8,04｜擴充,,,B 擴充,,,,,
9120,player,8,04｜擴充,n.,玩家；選手,B 中高級核心,名詞,—,—,—,
9121,pledged,8,04｜擴充,,,B 擴充,,,,,
9122,populist,8,04｜擴充,,,B 擴充,,,,,
9123,populous,8,04｜擴充,,,B 擴充,,,,,
9124,pot,8,04｜擴充,,,B 擴充,,,,,
9125,practices,8,04｜擴充,,,B 擴充,,,,,
9126,pregnancy,8,04｜擴充,,,B 擴充,,,,,
9127,presentiment,8,04｜擴充,,,B 擴充,,,,,
9128,presses,8,04｜擴充,,,B 擴充,,,,,
9129,presumably,8,04｜擴充,,,B 擴充,,,,,
9130,pretend,8,04｜擴充,,,B 擴充,,,,,
9131,pretensions,8,04｜擴充,,,B 擴充,,,,,
9132,proceeds,8,04｜擴充,,,B 擴充,,,,,
9133,procured,8,04｜擴充,,,B 擴充,,,,,
9134,professions,8,04｜擴充,,,B 擴充,,,,,
9135,progresses,8,04｜擴充,,,B 擴充,,,,,
9136,projectiles,8,04｜擴充,,,B 擴充,,,,,
9137,promising,8,04｜擴充,,,B 擴充,,,,,
9138,prophylaxis,8,04｜擴充,,,B 擴充,,,,,
9139,prostate,8,04｜擴充,,,B 擴充,,,,,
9140,prostrate,8,04｜擴充,,,B 擴充,,,,,
9141,protesting,8,04｜擴充,,,B 擴充,,,,,
9142,publication,8,04｜擴充,,,B 擴充,,,,,
9143,punctures,8,04｜擴充,,,B 擴充,,,,,
9144,pyaemic,8,04｜擴充,,,B 擴充,,,,,
9145,qu,8,04｜擴充,,,B 擴充,,,,,
9146,quartering,8,04｜擴充,,,B 擴充,,,,,
9147,qui,8,04｜擴充,,,B 擴充,,,,,
9148,rabbit,8,04｜擴充,,,B 擴充,,,,,
9149,random,8,04｜擴充,,,B 擴充,,,,,
9150,rational,8,04｜擴充,,,B 擴充,,,,,
9151,realise,8,04｜擴充,,,B 擴充,,,,,
9152,receptions,8,04｜擴充,,,B 擴充,,,,,
9153,recesses,8,04｜擴充,,,B 擴充,,,,,
9154,reckon,8,04｜擴充,,,B 擴充,,,,,
9155,recollections,8,04｜擴充,,,B 擴充,,,,,
9156,reconciliation,8,04｜擴充,,,B 擴充,,,,,
9157,recurs,8,04｜擴充,,,B 擴充,,,,,
9158,redress,8,04｜擴充,,,B 擴充,,,,,
9159,reflecting,8,04｜擴充,,,B 擴充,,,,,
9160,reflex,8,04｜擴充,,,B 擴充,,,,,
9161,reigned,8,04｜擴充,,,B 擴充,,,,,
9162,rejoin,8,04｜擴充,,,B 擴充,,,,,
9163,rejoinder,8,04｜擴充,,,B 擴充,,,,,
9164,relapses,8,04｜擴充,,,B 擴充,,,,,
9165,relics,8,04｜擴充,,,B 擴充,,,,,
9166,rents,8,04｜擴充,,,B 擴充,,,,,
9167,represents,8,04｜擴充,,,B 擴充,,,,,
9168,repress,8,04｜擴充,,,B 擴充,,,,,
9169,reproaches,8,04｜擴充,,,B 擴充,,,,,
9170,resecting,8,04｜擴充,,,B 擴充,,,,,
9171,resembled,8,04｜擴充,,,B 擴充,,,,,
9172,residents,8,04｜擴充,,,B 擴充,,,,,
9173,resorted,8,04｜擴充,,,B 擴充,,,,,
9174,restrictive,8,04｜擴充,,,B 擴充,,,,,
9175,retaliation,8,04｜擴充,,,B 擴充,,,,,
9176,revealing,8,04｜擴充,,,B 擴充,,,,,
9177,revelation,8,04｜擴充,,,B 擴充,,,,,
9178,revenge,8,04｜擴充,,,B 擴充,,,,,
9179,revolver,8,04｜擴充,,,B 擴充,,,,,
9180,rewarded,8,04｜擴充,,,B 擴充,,,,,
9181,rib,8,04｜擴充,,,B 擴充,,,,,
9182,richmond,8,04｜擴充,,,B 擴充,,,,,
9183,riders,8,04｜擴充,,,B 擴充,,,,,
9184,roast,8,04｜擴充,,,B 擴充,,,,,
9185,roman,8,04｜擴充,,,B 擴充,,,,,
9186,rook,8,04｜擴充,,,B 擴充,,,,,
9187,rotten,8,04｜擴充,,,B 擴充,,,,,
9188,rouse,8,04｜擴充,,,B 擴充,,,,,
9189,royalties,8,04｜擴充,,,B 擴充,,,,,
9190,rugay,8,04｜擴充,,,B 擴充,,,,,
9191,rumyantsev,8,04｜擴充,,,B 擴充,,,,,
9192,sack,8,04｜擴充,,,B 擴充,,,,,
9193,sail,8,04｜擴充,,,B 擴充,,,,,
9194,salicylic,8,04｜擴充,,,B 擴充,,,,,
9195,saliva,8,04｜擴充,,,B 擴充,,,,,
9196,sample,8,04｜擴充,,,B 擴充,,,,,
9197,sarcomas,8,04｜擴充,,,B 擴充,,,,,
9198,satisfactorily,8,04｜擴充,,,B 擴充,,,,,
9199,scanned,8,04｜擴充,,,B 擴充,,,,,
9200,schmidt,8,04｜擴充,,,B 擴充,,,,,
9201,schoolboy,8,04｜擴充,,,B 擴充,,,,,
9202,sciatica,8,04｜擴充,,,B 擴充,,,,,
9203,sclerosed,8,04｜擴充,,,B 擴充,,,,,
9204,scratching,8,04｜擴充,,,B 擴充,,,,,
9205,screaming,8,04｜擴充,,,B 擴充,,,,,
9206,sealing,8,04｜擴充,,,B 擴充,,,,,
9207,sect,8,04｜擴充,,,B 擴充,,,,,
9208,seeming,8,04｜擴充,,,B 擴充,,,,,
9209,seemingly,8,04｜擴充,,,B 擴充,,,,,
9210,semenov,8,04｜擴充,,,B 擴充,,,,,
9211,semilunar,8,04｜擴充,,,B 擴充,,,,,
9212,sends,8,04｜擴充,,,B 擴充,,,,,
9213,sequestra,8,04｜擴充,,,B 擴充,,,,,
9214,serpentine,8,04｜擴充,,,B 擴充,,,,,
9215,shakos,8,04｜擴充,,,B 擴充,,,,,
9216,sheepskin,8,04｜擴充,,,B 擴充,,,,,
9217,sheer,8,04｜擴充,,,B 擴充,,,,,
9218,sheets,8,04｜擴充,,,B 擴充,,,,,
9219,shelf,8,04｜擴充,,,B 擴充,,,,,
9220,shield,8,04｜擴充,,,B 擴充,,,,,
9221,shirts,8,04｜擴充,,,B 擴充,,,,,
9222,shiver,8,04｜擴充,,,B 擴充,,,,,
9223,siege,8,04｜擴充,,,B 擴充,,,,,
9224,skillfully,8,04｜擴充,,,B 擴充,,,,,
9225,skirts,8,04｜擴充,,,B 擴充,,,,,
9226,slanting,8,04｜擴充,,,B 擴充,,,,,
9227,snatch,8,04｜擴充,,,B 擴充,,,,,
9228,socialism,8,04｜擴充,,,B 擴充,,,,,
9229,software,8,04｜擴充,n.,軟體,B 中高級核心,名詞,—,—,—,
9230,sokolniki,8,04｜擴充,,,B 擴充,,,,,
9231,solicit,8,04｜擴充,,,B 擴充,,,,,
9232,spaulding,8,04｜擴充,,,B 擴充,,,,,
9233,specialist,8,04｜擴充,,,B 擴充,,,,,
9234,spokesmen,8,04｜擴充,,,B 擴充,,,,,
9235,spurred,8,04｜擴充,,,B 擴充,,,,,
9236,squatting,8,04｜擴充,,,B 擴充,,,,,
9237,stab,8,04｜擴充,,,B 擴充,,,,,
9238,stains,8,04｜擴充,,,B 擴充,,,,,
9239,starry,8,04｜擴充,,,B 擴充,,,,,
9240,statue,8,04｜擴充,,,B 擴充,,,,,
9241,stein,8,04｜擴充,,,B 擴充,,,,,
9242,stimulation,8,04｜擴充,,,B 擴充,,,,,
9243,stirrup,8,04｜擴充,,,B 擴充,,,,,
9244,stormy,8,04｜擴充,,,B 擴充,,,,,
9245,stragglers,8,04｜擴充,,,B 擴充,,,,,
9246,strenuous,8,04｜擴充,,,B 擴充,,,,,
9247,strides,8,04｜擴充,,,B 擴充,,,,,
9248,stroma,8,04｜擴充,,,B 擴充,,,,,
9249,subjection,8,04｜擴充,,,B 擴充,,,,,
9250,sublimate,8,04｜擴充,,,B 擴充,,,,,
9251,sublime,8,04｜擴充,,,B 擴充,,,,,
9252,subungual,8,04｜擴充,,,B 擴充,,,,,
9253,suitor,8,04｜擴充,,,B 擴充,,,,,
9254,suits,8,04｜擴充,,,B 擴充,,,,,
9255,sulphur,8,04｜擴充,,,B 擴充,,,,,
9256,sundays,8,04｜擴充,,,B 擴充,,,,,
9257,superb,8,04｜擴充,,,B 擴充,,,,,
9258,supposition,8,04｜擴充,,,B 擴充,,,,,
9259,survived,8,04｜擴充,,,B 擴充,,,,,
9260,swandam,8,04｜擴充,,,B 擴充,,,,,
9261,switzerland,8,04｜擴充,,,B 擴充,,,,,
9262,tangled,8,04｜擴充,,,B 擴充,,,,,
9263,tastes,8,04｜擴充,,,B 擴充,,,,,
9264,team,8,04｜擴充,n.,團隊,B 中高級核心,名詞,—,—,—,
9265,telegraph,8,04｜擴充,,,B 擴充,,,,,
9266,temporal,8,04｜擴充,,,B 擴充,,,,,
9267,temptations,8,04｜擴充,,,B 擴充,,,,,
9268,theme,8,04｜擴充,,,B 擴充,,,,,
9269,theology,8,04｜擴充,,,B 擴充,,,,,
9270,thickly,8,04｜擴充,,,B 擴充,,,,,
9271,thieves,8,04｜擴充,,,B 擴充,,,,,
9272,thirdly,8,04｜擴充,,,B 擴充,,,,,
9273,thither,8,04｜擴充,,,B 擴充,,,,,
9274,thrice,8,04｜擴充,,,B 擴充,,,,,
9275,thrusting,8,04｜擴充,,,B 擴充,,,,,
9276,tip,8,04｜擴充,,,B 擴充,,,,,
9277,tolerated,8,04｜擴充,,,B 擴充,,,,,
9278,topical,8,04｜擴充,,,B 擴充,,,,,
9279,torture,8,04｜擴充,,,B 擴充,,,,,
9280,tough,8,04｜擴充,,,B 擴充,,,,,
9281,traction,8,04｜擴充,,,B 擴充,,,,,
9282,transient,8,04｜擴充,,,B 擴充,,,,,
9283,translated,8,04｜擴充,,,B 擴充,,,,,
9284,transmission,8,04｜擴充,,,B 擴充,,,,,
9285,travelled,8,04｜擴充,,,B 擴充,,,,,
9286,tray,8,04｜擴充,,,B 擴充,,,,,
9287,tremulous,8,04｜擴充,,,B 擴充,,,,,
9288,trend,8,04｜擴充,n.,趨勢,B 中高級核心,名詞,—,—,—,
9289,trimmed,8,04｜擴充,,,B 擴充,,,,,
9290,troitsa,8,04｜擴充,,,B 擴充,,,,,
9291,tuberculin,8,04｜擴充,,,B 擴充,,,,,
9292,tula,8,04｜擴充,,,B 擴充,,,,,
9293,txt,8,04｜擴充,,,B 擴充,,,,,
9294,tying,8,04｜擴充,,,B 擴充,,,,,
9295,unaware,8,04｜擴充,,,B 擴充,,,,,
9296,underground,8,04｜擴充,,,B 擴充,,,,,
9297,undesirable,8,04｜擴充,,,B 擴充,,,,,
9298,undue,8,04｜擴充,,,B 擴充,,,,,
9299,une,8,04｜擴充,,,B 擴充,,,,,
9300,unfavorable,8,04｜擴充,,,B 擴充,,,,,
9301,unlikely,8,04｜擴充,,,B 擴充,,,,,
9302,unlimited,8,04｜擴充,,,B 擴充,,,,,
9303,unlocked,8,04｜擴充,,,B 擴充,,,,,
9304,unrest,8,04｜擴充,,,B 擴充,,,,,
9305,unsuccessful,8,04｜擴充,,,B 擴充,,,,,
9306,unsuitable,8,04｜擴充,,,B 擴充,,,,,
9307,upright,8,04｜擴充,,,B 擴充,,,,,
9308,uselessly,8,04｜擴充,,,B 擴充,,,,,
9309,user,8,04｜擴充,n.,使用者,B 中高級核心,名詞,—,—,—,
9310,ushered,8,04｜擴充,,,B 擴充,,,,,
9311,valiant,8,04｜擴充,,,B 擴充,,,,,
9312,vanish,8,04｜擴充,,,B 擴充,,,,,
9313,variation,8,04｜擴充,,,B 擴充,,,,,
9314,variously,8,04｜擴充,,,B 擴充,,,,,
9315,vault,8,04｜擴充,,,B 擴充,,,,,
9316,venezuelan,8,04｜擴充,,,B 擴充,,,,,
9317,vengeance,8,04｜擴充,,,B 擴充,,,,,
9318,veranda,8,04｜擴充,,,B 擴充,,,,,
9319,verge,8,04｜擴充,,,B 擴充,,,,,
9320,verse,8,04｜擴充,,,B 擴充,,,,,
9321,veterans,8,04｜擴充,,,B 擴充,,,,,
9322,vewy,8,04｜擴充,,,B 擴充,,,,,
9323,victor,8,04｜擴充,,,B 擴充,,,,,
9324,villa,8,04｜擴充,,,B 擴充,,,,,
9325,violet,8,04｜擴充,,,B 擴充,,,,,
9326,violin,8,04｜擴充,,,B 擴充,,,,,
9327,vitebsk,8,04｜擴充,,,B 擴充,,,,,
9328,vocation,8,04｜擴充,,,B 擴充,,,,,
9329,wavering,8,04｜擴充,,,B 擴充,,,,,
9330,weren,8,04｜擴充,,,B 擴充,,,,,
9331,whatsoever,8,04｜擴充,,,B 擴充,,,,,
9332,whereby,8,04｜擴充,,,B 擴充,,,,,
9333,whips,8,04｜擴充,,,B 擴充,,,,,
9334,whither,8,04｜擴充,,,B 擴充,,,,,
9335,wildly,8,04｜擴充,,,B 擴充,,,,,
9336,willingly,8,04｜擴充,,,B 擴充,,,,,
9337,winds,8,04｜擴充,,,B 擴充,,,,,
9338,winked,8,04｜擴充,,,B 擴充,,,,,
9339,withheld,8,04｜擴充,,,B 擴充,,,,,
9340,wooded,8,04｜擴充,,,B 擴充,,,,,
9341,worker,8,04｜擴充,n.,工作者,B 中高級核心,名詞,—,—,—,
9342,workman,8,04｜擴充,,,B 擴充,,,,,
9343,worrying,8,04｜擴充,,,B 擴充,,,,,
9344,wrought,8,04｜擴充,,,B 擴充,,,,,
9345,xxiii,8,04｜擴充,,,B 擴充,,,,,
9346,xxiv,8,04｜擴充,,,B 擴充,,,,,
9347,yaroslavets,8,04｜擴充,,,B 擴充,,,,,
9348,ye,8,04｜擴充,,,B 擴充,,,,,
9349,yelled,8,04｜擴充,,,B 擴充,,,,,
9350,z,8,04｜擴充,,,B 擴充,,,,,
9351,zhilinski,8,04｜擴充,,,B 擴充,,,,,
9352,abraham,7,04｜擴充,,,B 擴充,,,,,
9353,abstraction,7,04｜擴充,,,B 擴充,,,,,
9354,accessory,7,04｜擴充,,,B 擴充,,,,,
9355,accompanies,7,04｜擴充,,,B 擴充,,,,,
9356,accumulate,7,04｜擴充,,,B 擴充,,,,,
9357,achieve,7,04｜擴充,v.,達成；實現,A 基礎必會,動詞,achieved,achieved,否,
9358,achilles,7,04｜擴充,,,B 擴充,,,,,
9359,actress,7,04｜擴充,,,B 擴充,,,,,
9360,acutely,7,04｜擴充,,,B 擴充,,,,,
9361,adherents,7,04｜擴充,,,B 擴充,,,,,
9362,adjusting,7,04｜擴充,,,B 擴充,,,,,
9363,admirably,7,04｜擴充,,,B 擴充,,,,,
9364,admire,7,04｜擴充,,,B 擴充,,,,,
9365,adopting,7,04｜擴充,,,B 擴充,,,,,
9366,agility,7,04｜擴充,,,B 擴充,,,,,
9367,albert,7,04｜擴充,,,B 擴充,,,,,
9368,alcoholic,7,04｜擴充,,,B 擴充,,,,,
9369,alluding,7,04｜擴充,,,B 擴充,,,,,
9370,allusion,7,04｜擴充,,,B 擴充,,,,,
9371,alpha,7,04｜擴充,,,B 擴充,,,,,
9372,alternately,7,04｜擴充,,,B 擴充,,,,,
9373,alveoli,7,04｜擴充,,,B 擴充,,,,,
9374,ambassadors,7,04｜擴充,,,B 擴充,,,,,
9375,ambulance,7,04｜擴充,,,B 擴充,,,,,
9376,ambush,7,04｜擴充,,,B 擴充,,,,,
9377,anaemia,7,04｜擴充,,,B 擴充,,,,,
9378,anaemic,7,04｜擴充,,,B 擴充,,,,,
9379,anarchy,7,04｜擴充,,,B 擴充,,,,,
9380,anastomosis,7,04｜擴充,,,B 擴充,,,,,
9381,ancestors,7,04｜擴充,,,B 擴充,,,,,
9382,annulled,7,04｜擴充,,,B 擴充,,,,,
9383,apiece,7,04｜擴充,,,B 擴充,,,,,
9384,appalling,7,04｜擴充,,,B 擴充,,,,,
9385,applause,7,04｜擴充,,,B 擴充,,,,,
9386,approvingly,7,04｜擴充,,,B 擴充,,,,,
9387,arbitrarily,7,04｜擴充,,,B 擴充,,,,,
9388,arched,7,04｜擴充,,,B 擴充,,,,,
9389,arduous,7,04｜擴充,,,B 擴充,,,,,
9390,arena,7,04｜擴充,,,B 擴充,,,,,
9391,arnold,7,04｜擴充,,,B 擴充,,,,,
9392,array,7,04｜擴充,,,B 擴充,,,,,
9393,arrivals,7,04｜擴充,,,B 擴充,,,,,
9394,artificially,7,04｜擴充,,,B 擴充,,,,,
9395,artistic,7,04｜擴充,,,B 擴充,,,,,
9396,ascites,7,04｜擴充,,,B 擴充,,,,,
9397,asepsis,7,04｜擴充,,,B 擴充,,,,,
9398,assizes,7,04｜擴充,,,B 擴充,,,,,
9399,associations,7,04｜擴充,,,B 擴充,,,,,
9400,atone,7,04｜擴充,,,B 擴充,,,,,
9401,attach,7,04｜擴充,v.,附上；連接,B 中高級核心,動詞,attached,attached,否,
9402,autonomy,7,04｜擴充,,,B 擴充,,,,,
9403,averse,7,04｜擴充,,,B 擴充,,,,,
9404,averted,7,04｜擴充,,,B 擴充,,,,,
9405,awaits,7,04｜擴充,,,B 擴充,,,,,
9406,award,7,04｜擴充,,,B 擴充,,,,,
9407,awarded,7,04｜擴充,,,B 擴充,,,,,
9408,bacteriology,7,04｜擴充,,,B 擴充,,,,,
9409,bang,7,04｜擴充,,,B 擴充,,,,,
9410,banished,7,04｜擴充,,,B 擴充,,,,,
9411,banquet,7,04｜擴充,,,B 擴充,,,,,
9412,barefoot,7,04｜擴充,,,B 擴充,,,,,
9413,barefooted,7,04｜擴充,,,B 擴充,,,,,
9414,barque,7,04｜擴充,,,B 擴充,,,,,
9415,barrel,7,04｜擴充,,,B 擴充,,,,,
9416,basin,7,04｜擴充,,,B 擴充,,,,,
9417,battleships,7,04｜擴充,,,B 擴充,,,,,
9418,beautifully,7,04｜擴充,,,B 擴充,,,,,
9419,belgium,7,04｜擴充,,,B 擴充,,,,,
9420,belligerents,7,04｜擴充,,,B 擴充,,,,,
9421,beneficent,7,04｜擴充,,,B 擴充,,,,,
9422,beset,7,04｜擴充,,,B 擴充,,,,,
9423,bid,7,04｜擴充,,,B 擴充,,,,,
9424,bigger,7,04｜擴充,,,B 擴充,,,,,
9425,blast,7,04｜擴充,,,B 擴充,,,,,
9426,blazing,7,04｜擴充,,,B 擴充,,,,,
9427,blessedness,7,04｜擴充,,,B 擴充,,,,,
9428,blinds,7,04｜擴充,,,B 擴充,,,,,
9429,boxer,7,04｜擴充,,,B 擴充,,,,,
9430,boyars,7,04｜擴充,,,B 擴充,,,,,
9431,bricks,7,04｜擴充,,,B 擴充,,,,,
9432,brigade,7,04｜擴充,,,B 擴充,,,,,
9433,brigand,7,04｜擴充,,,B 擴充,,,,,
9434,brightness,7,04｜擴充,,,B 擴充,,,,,
9435,brook,7,04｜擴充,,,B 擴充,,,,,
9436,brotherly,7,04｜擴充,,,B 擴充,,,,,
9437,brute,7,04｜擴充,,,B 擴充,,,,,
9438,buchanan,7,04｜擴充,,,B 擴充,,,,,
9439,burgoyne,7,04｜擴充,,,B 擴充,,,,,
9440,burnwell,7,04｜擴充,,,B 擴充,,,,,
9441,bustling,7,04｜擴充,,,B 擴充,,,,,
9442,butt,7,04｜擴充,,,B 擴充,,,,,
9443,bye,7,04｜擴充,,,B 擴充,,,,,
9444,calculate,7,04｜擴充,v.,計算,B 中高級核心,動詞,calculated,calculated,否,
9445,calculation,7,04｜擴充,,,B 擴充,,,,,
9446,callosities,7,04｜擴充,,,B 擴充,,,,,
9447,calomel,7,04｜擴充,,,B 擴充,,,,,
9448,cambridge,7,04｜擴充,,,B 擴充,,,,,
9449,cancrum,7,04｜擴充,,,B 擴充,,,,,
9450,captive,7,04｜擴充,,,B 擴充,,,,,
9451,car,7,04｜擴充,n.,汽車,A 基礎必會,名詞,—,—,—,
9452,cars,7,04｜擴充,,,B 擴充,,,,,
9453,carved,7,04｜擴充,,,B 擴充,,,,,
9454,cauliflower,7,04｜擴充,,,B 擴充,,,,,
9455,cauterised,7,04｜擴充,,,B 擴充,,,,,
9456,celled,7,04｜擴充,,,B 擴充,,,,,
9457,centres,7,04｜擴充,,,B 擴充,,,,,
9458,chairman,7,04｜擴充,,,B 擴充,,,,,
9459,chancellor,7,04｜擴充,,,B 擴充,,,,,
9460,charitable,7,04｜擴充,,,B 擴充,,,,,
9461,charity,7,04｜擴充,,,B 擴充,,,,,
9462,chasseurs,7,04｜擴充,,,B 擴充,,,,,
9463,chilblains,7,04｜擴充,,,B 擴充,,,,,
9464,chloride,7,04｜擴充,,,B 擴充,,,,,
9465,christians,7,04｜擴充,,,B 擴充,,,,,
9466,chronicle,7,04｜擴充,,,B 擴充,,,,,
9467,chuckled,7,04｜擴充,,,B 擴充,,,,,
9468,cicatrisation,7,04｜擴充,,,B 擴充,,,,,
9469,cigars,7,04｜擴充,,,B 擴充,,,,,
9470,circumstance,7,04｜擴充,n.,情況；環境,A 基礎必會,名詞,—,—,—,
9471,clapped,7,04｜擴充,,,B 擴充,,,,,
9472,clubs,7,04｜擴充,,,B 擴充,,,,,
9473,coiffure,7,04｜擴充,,,B 擴充,,,,,
9474,coli,7,04｜擴充,,,B 擴充,,,,,
9475,colleague,7,04｜擴充,,,B 擴充,,,,,
9476,collections,7,04｜擴充,,,B 擴充,,,,,
9477,coloration,7,04｜擴充,,,B 擴充,,,,,
9478,commenced,7,04｜擴充,,,B 擴充,,,,,
9479,commune,7,04｜擴充,,,B 擴充,,,,,
9480,compliment,7,04｜擴充,,,B 擴充,,,,,
9481,computers,7,04｜擴充,,,B 擴充,,,,,
9482,conceived,7,04｜擴充,,,B 擴充,,,,,
9483,concept,7,04｜擴充,n.,概念,A 基礎必會,名詞,—,—,—,
9484,concession,7,04｜擴充,,,B 擴充,,,,,
9485,condyle,7,04｜擴充,,,B 擴充,,,,,
9486,condylomata,7,04｜擴充,,,B 擴充,,,,,
9487,confiscation,7,04｜擴充,,,B 擴充,,,,,
9488,conflagration,7,04｜擴充,,,B 擴充,,,,,
9489,congratulated,7,04｜擴充,,,B 擴充,,,,,
9490,conquering,7,04｜擴充,,,B 擴充,,,,,
9491,conquerors,7,04｜擴充,,,B 擴充,,,,,
9492,consented,7,04｜擴充,,,B 擴充,,,,,
9493,console,7,04｜擴充,,,B 擴充,,,,,
9494,consolidation,7,04｜擴充,,,B 擴充,,,,,
9495,consternation,7,04｜擴充,,,B 擴充,,,,,
9496,constrained,7,04｜擴充,,,B 擴充,,,,,
9497,constriction,7,04｜擴充,,,B 擴充,,,,,
9498,contemplation,7,04｜擴充,,,B 擴充,,,,,
9499,contradictions,7,04｜擴充,,,B 擴充,,,,,
9500,contributing,7,04｜擴充,,,B 擴充,,,,,
9501,conveniently,7,04｜擴充,,,B 擴充,,,,,
9502,converse,7,04｜擴充,,,B 擴充,,,,,
9503,conversion,7,04｜擴充,,,B 擴充,,,,,
9504,conveyance,7,04｜擴充,,,B 擴充,,,,,
9505,conveying,7,04｜擴充,,,B 擴充,,,,,
9506,convict,7,04｜擴充,,,B 擴充,,,,,
9507,cooee,7,04｜擴充,,,B 擴充,,,,,
9508,cooper,7,04｜擴充,,,B 擴充,,,,,
9509,core,7,04｜擴充,,,B 擴充,,,,,
9510,cornea,7,04｜擴充,,,B 擴充,,,,,
9511,counsels,7,04｜擴充,,,B 擴充,,,,,
9512,covenant,7,04｜擴充,,,B 擴充,,,,,
9513,cow,7,04｜擴充,,,B 擴充,,,,,
9514,cowardice,7,04｜擴充,,,B 擴充,,,,,
9515,cranial,7,04｜擴充,,,B 擴充,,,,,
9516,crawl,7,04｜擴充,,,B 擴充,,,,,
9517,creatures,7,04｜擴充,,,B 擴充,,,,,
9518,creeping,7,04｜擴充,,,B 擴充,,,,,
9519,crest,7,04｜擴充,,,B 擴充,,,,,
9520,criticisms,7,04｜擴充,,,B 擴充,,,,,
9521,criticize,7,04｜擴充,,,B 擴充,,,,,
9522,criticized,7,04｜擴充,,,B 擴充,,,,,
9523,crutch,7,04｜擴充,,,B 擴充,,,,,
9524,curses,7,04｜擴充,,,B 擴充,,,,,
9525,cushion,7,04｜擴充,,,B 擴充,,,,,
9526,cushions,7,04｜擴充,,,B 擴充,,,,,
9527,dad,7,04｜擴充,,,B 擴充,,,,,
9528,damned,7,04｜擴充,,,B 擴充,,,,,
9529,danish,7,04｜擴充,,,B 擴充,,,,,
9530,dealer,7,04｜擴充,,,B 擴充,,,,,
9531,debtors,7,04｜擴充,,,B 擴充,,,,,
9532,decomposition,7,04｜擴充,,,B 擴充,,,,,
9533,decrees,7,04｜擴充,,,B 擴充,,,,,
9534,deductions,7,04｜擴充,,,B 擴充,,,,,
9535,degraded,7,04｜擴充,,,B 擴充,,,,,
9536,deliberation,7,04｜擴充,,,B 擴充,,,,,
9537,denial,7,04｜擴充,,,B 擴充,,,,,
9538,denote,7,04｜擴充,,,B 擴充,,,,,
9539,depicted,7,04｜擴充,,,B 擴充,,,,,
9540,depraved,7,04｜擴充,,,B 擴充,,,,,
9541,derivative,7,04｜擴充,,,B 擴充,,,,,
9542,deserve,7,04｜擴充,,,B 擴充,,,,,
9543,despotism,7,04｜擴充,,,B 擴充,,,,,
9544,devastated,7,04｜擴充,,,B 擴充,,,,,
9545,diligent,7,04｜擴充,,,B 擴充,,,,,
9546,diphtheritic,7,04｜擴充,,,B 擴充,,,,,
9547,disadvantage,7,04｜擴充,,,B 擴充,,,,,
9548,disappointing,7,04｜擴充,,,B 擴充,,,,,
9549,disclaimers,7,04｜擴充,,,B 擴充,,,,,
9550,disclose,7,04｜擴充,,,B 擴充,,,,,
9551,discontented,7,04｜擴充,,,B 擴充,,,,,
9552,discord,7,04｜擴充,,,B 擴充,,,,,
9553,discovering,7,04｜擴充,,,B 擴充,,,,,
9554,discriminations,7,04｜擴充,,,B 擴充,,,,,
9555,disgraced,7,04｜擴充,,,B 擴充,,,,,
9556,disheveled,7,04｜擴充,,,B 擴充,,,,,
9557,disorganisation,7,04｜擴充,,,B 擴充,,,,,
9558,dispense,7,04｜擴充,,,B 擴充,,,,,
9559,dispersing,7,04｜擴充,,,B 擴充,,,,,
9560,dissipated,7,04｜擴充,,,B 擴充,,,,,
9561,distinctive,7,04｜擴充,,,B 擴充,,,,,
9562,dnieper,7,04｜擴充,,,B 擴充,,,,,
9563,donned,7,04｜擴充,,,B 擴充,,,,,
9564,dozed,7,04｜擴充,,,B 擴充,,,,,
9565,drama,7,04｜擴充,,,B 擴充,,,,,
9566,draught,7,04｜擴充,,,B 擴充,,,,,
9567,drawers,7,04｜擴充,,,B 擴充,,,,,
9568,dreaming,7,04｜擴充,,,B 擴充,,,,,
9569,drifting,7,04｜擴充,,,B 擴充,,,,,
9570,drivers,7,04｜擴充,,,B 擴充,,,,,
9571,drowning,7,04｜擴充,,,B 擴充,,,,,
9572,drum,7,04｜擴充,,,B 擴充,,,,,
9573,drunkenness,7,04｜擴充,,,B 擴充,,,,,
9574,dusting,7,04｜擴充,,,B 擴充,,,,,
9575,eastward,7,04｜擴充,,,B 擴充,,,,,
9576,echo,7,04｜擴充,,,B 擴充,,,,,
9577,edward,7,04｜擴充,,,B 擴充,,,,,
9578,effused,7,04｜擴充,,,B 擴充,,,,,
9579,eleventh,7,04｜擴充,,,B 擴充,,,,,
9580,eligible,7,04｜擴充,,,B 擴充,,,,,
9581,eliminated,7,04｜擴充,,,B 擴充,,,,,
9582,embargo,7,04｜擴充,,,B 擴充,,,,,
9583,embroidery,7,04｜擴充,,,B 擴充,,,,,
9584,emigration,7,04｜擴充,,,B 擴充,,,,,
9585,employing,7,04｜擴充,,,B 擴充,,,,,
9586,enclosure,7,04｜擴充,,,B 擴充,,,,,
9587,enduring,7,04｜擴充,,,B 擴充,,,,,
9588,engaging,7,04｜擴充,,,B 擴充,,,,,
9589,entertainment,7,04｜擴充,,,B 擴充,,,,,
9590,entirety,7,04｜擴充,,,B 擴充,,,,,
9591,entreaties,7,04｜擴充,,,B 擴充,,,,,
9592,epicritic,7,04｜擴充,,,B 擴充,,,,,
9593,errand,7,04｜擴充,,,B 擴充,,,,,
9594,erroneous,7,04｜擴充,,,B 擴充,,,,,
9595,erupts,7,04｜擴充,,,B 擴充,,,,,
9596,erythema,7,04｜擴充,,,B 擴充,,,,,
9597,establishments,7,04｜擴充,,,B 擴充,,,,,
9598,exasperated,7,04｜擴充,,,B 擴充,,,,,
9599,excepting,7,04｜擴充,,,B 擴充,,,,,
9600,exceptionally,7,04｜擴充,,,B 擴充,,,,,
9601,excitability,7,04｜擴充,,,B 擴充,,,,,
9602,excite,7,04｜擴充,,,B 擴充,,,,,
9603,expeditions,7,04｜擴充,,,B 擴充,,,,,
9604,expert,7,04｜擴充,n.,專家,A 基礎必會,名詞,—,—,—,
9605,expiration,7,04｜擴充,,,B 擴充,,,,,
9606,extraordinarily,7,04｜擴充,,,B 擴充,,,,,
9607,eyelid,7,04｜擴充,,,B 擴充,,,,,
9608,faculty,7,04｜擴充,,,B 擴充,,,,,
9609,fainting,7,04｜擴充,,,B 擴充,,,,,
9610,fairy,7,04｜擴充,,,B 擴充,,,,,
9611,farcy,7,04｜擴充,,,B 擴充,,,,,
9612,fare,7,04｜擴充,,,B 擴充,,,,,
9613,fated,7,04｜擴充,,,B 擴充,,,,,
9614,faults,7,04｜擴充,,,B 擴充,,,,,
9615,favourite,7,04｜擴充,,,B 擴充,,,,,
9616,fearful,7,04｜擴充,,,B 擴充,,,,,
9617,feasible,7,04｜擴充,,,B 擴充,,,,,
9618,feverishly,7,04｜擴充,,,B 擴充,,,,,
9619,fibrosum,7,04｜擴充,,,B 擴充,,,,,
9620,financier,7,04｜擴充,,,B 擴充,,,,,
9621,financiers,7,04｜擴充,,,B 擴充,,,,,
9622,flatter,7,04｜擴充,,,B 擴充,,,,,
9623,fodder,7,04｜擴充,,,B 擴充,,,,,
9624,footpace,7,04｜擴充,,,B 擴充,,,,,
9625,forage,7,04｜擴充,,,B 擴充,,,,,
9626,ford,7,04｜擴充,,,B 擴充,,,,,
9627,forefinger,7,04｜擴充,,,B 擴充,,,,,
9628,foretold,7,04｜擴充,,,B 擴充,,,,,
9629,freemason,7,04｜擴充,,,B 擴充,,,,,
9630,fremont,7,04｜擴充,,,B 擴充,,,,,
9631,frosty,7,04｜擴充,,,B 擴充,,,,,
9632,fungus,7,04｜擴充,,,B 擴充,,,,,
9633,furnishes,7,04｜擴充,,,B 擴充,,,,,
9634,games,7,04｜擴充,,,B 擴充,,,,,
9635,gape,7,04｜擴充,,,B 擴充,,,,,
9636,genial,7,04｜擴充,,,B 擴充,,,,,
9637,gerard,7,04｜擴充,,,B 擴充,,,,,
9638,germ,7,04｜擴充,,,B 擴充,,,,,
9639,gettysburg,7,04｜擴充,,,B 擴充,,,,,
9640,ghost,7,04｜擴充,,,B 擴充,,,,,
9641,gipsies,7,04｜擴充,,,B 擴充,,,,,
9642,glazed,7,04｜擴充,,,B 擴充,,,,,
9643,glided,7,04｜擴充,,,B 擴充,,,,,
9644,gliding,7,04｜擴充,,,B 擴充,,,,,
9645,globular,7,04｜擴充,,,B 擴充,,,,,
9646,glossy,7,04｜擴充,,,B 擴充,,,,,
9647,gonococcal,7,04｜擴充,,,B 擴充,,,,,
9648,grades,7,04｜擴充,,,B 擴充,,,,,
9649,granular,7,04｜擴充,,,B 擴充,,,,,
9650,grazing,7,04｜擴充,,,B 擴充,,,,,
9651,grieve,7,04｜擴充,,,B 擴充,,,,,
9652,grm,7,04｜擴充,,,B 擴充,,,,,
9653,guarded,7,04｜擴充,,,B 擴充,,,,,
9654,gypsies,7,04｜擴充,,,B 擴充,,,,,
9655,haemophilic,7,04｜擴充,,,B 擴充,,,,,
9656,hailed,7,04｜擴充,,,B 擴充,,,,,
9657,haiti,7,04｜擴充,,,B 擴充,,,,,
9658,happiest,7,04｜擴充,,,B 擴充,,,,,
9659,hardship,7,04｜擴充,,,B 擴充,,,,,
9660,hardware,7,04｜擴充,,,B 擴充,,,,,
9661,harmless,7,04｜擴充,,,B 擴充,,,,,
9662,hasty,7,04｜擴充,,,B 擴充,,,,,
9663,hath,7,04｜擴充,,,B 擴充,,,,,
9664,hayne,7,04｜擴充,,,B 擴充,,,,,
9665,hazel,7,04｜擴充,,,B 擴充,,,,,
9666,header,7,04｜擴充,,,B 擴充,,,,,
9667,heaved,7,04｜擴充,,,B 擴充,,,,,
9668,heavenly,7,04｜擴充,,,B 擴充,,,,,
9669,helplessly,7,04｜擴充,,,B 擴充,,,,,
9670,hemmed,7,04｜擴充,,,B 擴充,,,,,
9671,hired,7,04｜擴充,,,B 擴充,,,,,
9672,hofkriegsrath,7,04｜擴充,,,B 擴充,,,,,
9673,holes,7,04｜擴充,,,B 擴充,,,,,
9674,honestly,7,04｜擴充,,,B 擴充,,,,,
9675,hook,7,04｜擴充,,,B 擴充,,,,,
9676,hostilities,7,04｜擴充,,,B 擴充,,,,,
9677,hound,7,04｜擴充,,,B 擴充,,,,,
9678,hugh,7,04｜擴充,,,B 擴充,,,,,
9679,hullo,7,04｜擴充,,,B 擴充,,,,,
9680,humane,7,04｜擴充,,,B 擴充,,,,,
9681,humming,7,04｜擴充,,,B 擴充,,,,,
9682,hungarian,7,04｜擴充,,,B 擴充,,,,,
9683,hunted,7,04｜擴充,,,B 擴充,,,,,
9684,hydatids,7,04｜擴充,,,B 擴充,,,,,
9685,hyperaemic,7,04｜擴充,,,B 擴充,,,,,
9686,hypertext,7,04｜擴充,,,B 擴充,,,,,
9687,illustrations,7,04｜擴充,,,B 擴充,,,,,
9688,image,7,04｜擴充,n.,影像；形象,B 中高級核心,名詞,—,—,—,
9689,imaginary,7,04｜擴充,,,B 擴充,,,,,
9690,imitate,7,04｜擴充,,,B 擴充,,,,,
9691,imitation,7,04｜擴充,,,B 擴充,,,,,
9692,imminent,7,04｜擴充,,,B 擴充,,,,,
9693,immortal,7,04｜擴充,,,B 擴充,,,,,
9694,impassable,7,04｜擴充,,,B 擴充,,,,,
9695,impelled,7,04｜擴充,,,B 擴充,,,,,
9696,imperceptibly,7,04｜擴充,,,B 擴充,,,,,
9697,impressive,7,04｜擴充,,,B 擴充,,,,,
9698,inadequate,7,04｜擴充,,,B 擴充,,,,,
9699,incapacity,7,04｜擴充,,,B 擴充,,,,,
9700,indictment,7,04｜擴充,,,B 擴充,,,,,
9701,indulge,7,04｜擴充,,,B 擴充,,,,,
9702,inflict,7,04｜擴充,,,B 擴充,,,,,
9703,infringement,7,04｜擴充,,,B 擴充,,,,,
9704,inhabitant,7,04｜擴充,,,B 擴充,,,,,
9705,inherit,7,04｜擴充,,,B 擴充,,,,,
9706,initials,7,04｜擴充,,,B 擴充,,,,,
9707,inland,7,04｜擴充,,,B 擴充,,,,,
9708,innkeeper,7,04｜擴充,,,B 擴充,,,,,
9709,inquisitive,7,04｜擴充,,,B 擴充,,,,,
9710,insanity,7,04｜擴充,,,B 擴充,,,,,
9711,insensibility,7,04｜擴充,,,B 擴充,,,,,
9712,insisting,7,04｜擴充,,,B 擴充,,,,,
9713,insurance,7,04｜擴充,n.,保險,B 中高級核心,名詞,—,—,—,
9714,inter,7,04｜擴充,,,B 擴充,,,,,
9715,interposed,7,04｜擴充,,,B 擴充,,,,,
9716,intoxicated,7,04｜擴充,,,B 擴充,,,,,
9717,intrusion,7,04｜擴充,,,B 擴充,,,,,
9718,intrusted,7,04｜擴充,,,B 擴充,,,,,
9719,investigations,7,04｜擴充,,,B 擴充,,,,,
9720,issuance,7,04｜擴充,,,B 擴充,,,,,
9721,jerusalem,7,04｜擴充,,,B 擴充,,,,,
9722,journeys,7,04｜擴充,,,B 擴充,,,,,
9723,kamenski,7,04｜擴充,,,B 擴充,,,,,
9724,kitten,7,04｜擴充,,,B 擴充,,,,,
9725,klux,7,04｜擴充,,,B 擴充,,,,,
9726,knapsack,7,04｜擴充,,,B 擴充,,,,,
9727,knight,7,04｜擴充,,,B 擴充,,,,,
9728,knives,7,04｜擴充,,,B 擴充,,,,,
9729,ku,7,04｜擴充,,,B 擴充,,,,,
9730,laborious,7,04｜擴充,,,B 擴充,,,,,
9731,ladder,7,04｜擴充,,,B 擴充,,,,,
9732,lagged,7,04｜擴充,,,B 擴充,,,,,
9733,lamented,7,04｜擴充,,,B 擴充,,,,,
9734,languid,7,04｜擴充,,,B 擴充,,,,,
9735,leaf,7,04｜擴充,,,B 擴充,,,,,
9736,lengthening,7,04｜擴充,,,B 擴充,,,,,
9737,lets,7,04｜擴充,,,B 擴充,,,,,
9738,lieu,7,04｜擴充,,,B 擴充,,,,,
9739,ligated,7,04｜擴充,,,B 擴充,,,,,
9740,likhachev,7,04｜擴充,,,B 擴充,,,,,
9741,lilac,7,04｜擴充,,,B 擴充,,,,,
9742,lipomatosis,7,04｜擴充,,,B 擴充,,,,,
9743,literally,7,04｜擴充,,,B 擴充,,,,,
9744,livingston,7,04｜擴充,,,B 擴充,,,,,
9745,lodgment,7,04｜擴充,,,B 擴充,,,,,
9746,longing,7,04｜擴充,,,B 擴充,,,,,
9747,lookout,7,04｜擴充,,,B 擴充,,,,,
9748,luggage,7,04｜擴充,,,B 擴充,,,,,
9749,lysander,7,04｜擴充,,,B 擴充,,,,,
9750,madly,7,04｜擴充,,,B 擴充,,,,,
9751,malasha,7,04｜擴充,,,B 擴充,,,,,
9752,malvintseva,7,04｜擴充,,,B 擴充,,,,,
9753,mamonov,7,04｜擴充,,,B 擴充,,,,,
9754,maneuver,7,04｜擴充,,,B 擴充,,,,,
9755,manufactured,7,04｜擴充,,,B 擴充,,,,,
9756,maps,7,04｜擴充,,,B 擴充,,,,,
9757,markov,7,04｜擴充,,,B 擴充,,,,,
9758,martin,7,04｜擴充,,,B 擴充,,,,,
9759,massaged,7,04｜擴充,,,B 擴充,,,,,
9760,mastery,7,04｜擴充,,,B 擴充,,,,,
9761,matches,7,04｜擴充,,,B 擴充,,,,,
9762,measuring,7,04｜擴充,,,B 擴充,,,,,
9763,media,7,04｜擴充,n.,媒體,B 中高級核心,名詞,—,—,—,
9764,melyukovs,7,04｜擴充,,,B 擴充,,,,,
9765,merriment,7,04｜擴充,,,B 擴充,,,,,
9766,microscopical,7,04｜擴充,,,B 擴充,,,,,
9767,misunderstanding,7,04｜擴充,,,B 擴充,,,,,
9768,molluscum,7,04｜擴充,,,B 擴充,,,,,
9769,momentous,7,04｜擴充,,,B 擴充,,,,,
9770,monstrous,7,04｜擴充,,,B 擴充,,,,,
9771,monuments,7,04｜擴充,,,B 擴充,,,,,
9772,morosely,7,04｜擴充,,,B 擴充,,,,,
9773,mortgages,7,04｜擴充,,,B 擴充,,,,,
9774,mortified,7,04｜擴充,,,B 擴充,,,,,
9775,mot,7,04｜擴充,,,B 擴充,,,,,
9776,mummy,7,04｜擴充,,,B 擴充,,,,,
9777,munching,7,04｜擴充,,,B 擴充,,,,,
9778,mustered,7,04｜擴充,,,B 擴充,,,,,
9779,mutually,7,04｜擴充,,,B 擴充,,,,,
9780,mycetoma,7,04｜擴充,,,B 擴充,,,,,
9781,mystic,7,04｜擴充,,,B 擴充,,,,,
9782,nastasya,7,04｜擴充,,,B 擴充,,,,,
9783,negotiated,7,04｜擴充,,,B 擴充,,,,,
9784,nest,7,04｜擴充,,,B 擴充,,,,,
9785,newsletter,7,04｜擴充,,,B 擴充,,,,,
9786,ninety,7,04｜擴充,,,B 擴充,,,,,
9787,nitrate,7,04｜擴充,,,B 擴充,,,,,
9788,noblest,7,04｜擴充,,,B 擴充,,,,,
9789,nourish,7,04｜擴充,,,B 擴充,,,,,
9790,nourishing,7,04｜擴充,,,B 擴充,,,,,
9791,numbness,7,04｜擴充,,,B 擴充,,,,,
9792,nursed,7,04｜擴充,,,B 擴充,,,,,
9793,oakshott,7,04｜擴充,,,B 擴充,,,,,
9794,obeying,7,04｜擴充,,,B 擴充,,,,,
9795,objection,7,04｜擴充,,,B 擴充,,,,,
9796,obnoxious,7,04｜擴充,,,B 擴充,,,,,
9797,obscurity,7,04｜擴充,,,B 擴充,,,,,
9798,obstinacy,7,04｜擴充,,,B 擴充,,,,,
9799,occasioned,7,04｜擴充,,,B 擴充,,,,,
9800,occurrences,7,04｜擴充,,,B 擴充,,,,,
9801,olive,7,04｜擴充,,,B 擴充,,,,,
9802,opens,7,04｜擴充,,,B 擴充,,,,,
9803,ordering,7,04｜擴充,,,B 擴充,,,,,
9804,organisation,7,04｜擴充,,,B 擴充,,,,,
9805,organize,7,04｜擴充,v.,組織；整理,A 基礎必會,動詞,organized,organized,否,
9806,orient,7,04｜擴充,,,B 擴充,,,,,
9807,oris,7,04｜擴充,,,B 擴充,,,,,
9808,ounces,7,04｜擴充,,,B 擴充,,,,,
9809,outflank,7,04｜擴充,,,B 擴充,,,,,
9810,outskirts,7,04｜擴充,,,B 擴充,,,,,
9811,oven,7,04｜擴充,,,B 擴充,,,,,
9812,overcame,7,04｜擴充,,,B 擴充,,,,,
9813,overcoats,7,04｜擴充,,,B 擴充,,,,,
9814,overtaking,7,04｜擴充,,,B 擴充,,,,,
9815,owning,7,04｜擴充,,,B 擴充,,,,,
9816,owns,7,04｜擴充,,,B 擴充,,,,,
9817,packs,7,04｜擴充,,,B 擴充,,,,,
9818,paddington,7,04｜擴充,,,B 擴充,,,,,
9819,pads,7,04｜擴充,,,B 擴充,,,,,
9820,pained,7,04｜擴充,,,B 擴充,,,,,
9821,paler,7,04｜擴充,,,B 擴充,,,,,
9822,parasitic,7,04｜擴充,,,B 擴充,,,,,
9823,parchment,7,04｜擴充,,,B 擴充,,,,,
9824,paring,7,04｜擴充,,,B 擴充,,,,,
9825,partition,7,04｜擴充,,,B 擴充,,,,,
9826,partners,7,04｜擴充,,,B 擴充,,,,,
9827,patent,7,04｜擴充,,,B 擴充,,,,,
9828,paternal,7,04｜擴充,,,B 擴充,,,,,
9829,pattern,7,04｜擴充,n.,模式；圖案,B 中高級核心,名詞,—,—,—,
9830,patting,7,04｜擴充,,,B 擴充,,,,,
9831,peeped,7,04｜擴充,,,B 擴充,,,,,
9832,pending,7,04｜擴充,,,B 擴充,,,,,
9833,penny,7,04｜擴充,,,B 擴充,,,,,
9834,perforates,7,04｜擴充,,,B 擴充,,,,,
9835,peril,7,04｜擴充,,,B 擴充,,,,,
9836,perils,7,04｜擴充,,,B 擴充,,,,,
9837,periostitis,7,04｜擴充,,,B 擴充,,,,,
9838,permeation,7,04｜擴充,,,B 擴充,,,,,
9839,persistently,7,04｜擴充,,,B 擴充,,,,,
9840,pew,7,04｜擴充,,,B 擴充,,,,,
9841,philanthropy,7,04｜擴充,,,B 擴充,,,,,
9842,phillips,7,04｜擴充,,,B 擴充,,,,,
9843,philosopher,7,04｜擴充,,,B 擴充,,,,,
9844,picturesque,7,04｜擴充,,,B 擴充,,,,,
9845,picturing,7,04｜擴充,,,B 擴充,,,,,
9846,piteously,7,04｜擴充,,,B 擴充,,,,,
9847,pitiable,7,04｜擴充,,,B 擴充,,,,,
9848,plainness,7,04｜擴充,,,B 擴充,,,,,
9849,plait,7,04｜擴充,,,B 擴充,,,,,
9850,pleas,7,04｜擴充,,,B 擴充,,,,,
9851,pleases,7,04｜擴充,,,B 擴充,,,,,
9852,plentiful,7,04｜擴充,,,B 擴充,,,,,
9853,pneumococcal,7,04｜擴充,,,B 擴充,,,,,
9854,pockmarked,7,04｜擴充,,,B 擴充,,,,,
9855,poorer,7,04｜擴充,,,B 擴充,,,,,
9856,populations,7,04｜擴充,,,B 擴充,,,,,
9857,possibilities,7,04｜擴充,,,B 擴充,,,,,
9858,potash,7,04｜擴充,,,B 擴充,,,,,
9859,potent,7,04｜擴充,,,B 擴充,,,,,
9860,pound,7,04｜擴充,,,B 擴充,,,,,
9861,praying,7,04｜擴充,,,B 擴充,,,,,
9862,preach,7,04｜擴充,,,B 擴充,,,,,
9863,precede,7,04｜擴充,,,B 擴充,,,,,
9864,precedent,7,04｜擴充,,,B 擴充,,,,,
9865,predominance,7,04｜擴充,,,B 擴充,,,,,
9866,prejudices,7,04｜擴充,,,B 擴充,,,,,
9867,presentation,7,04｜擴充,,,B 擴充,,,,,
9868,pretense,7,04｜擴充,,,B 擴充,,,,,
9869,prettier,7,04｜擴充,,,B 擴充,,,,,
9870,primitive,7,04｜擴充,,,B 擴充,,,,,
9871,printers,7,04｜擴充,,,B 擴充,,,,,
9872,privateers,7,04｜擴充,,,B 擴充,,,,,
9873,pro,7,04｜擴充,,,B 擴充,,,,,
9874,profitable,7,04｜擴充,,,B 擴充,,,,,
9875,promoters,7,04｜擴充,,,B 擴充,,,,,
9876,proofread,7,04｜擴充,,,B 擴充,,,,,
9877,properties,7,04｜擴充,,,B 擴充,,,,,
9878,protectorate,7,04｜擴充,,,B 擴充,,,,,
9879,protruding,7,04｜擴充,,,B 擴充,,,,,
9880,provincials,7,04｜擴充,,,B 擴充,,,,,
9881,provoked,7,04｜擴充,,,B 擴充,,,,,
9882,pullman,7,04｜擴充,,,B 擴充,,,,,
9883,punitive,7,04｜擴充,,,B 擴充,,,,,
9884,purify,7,04｜擴充,,,B 擴充,,,,,
9885,pursuits,7,04｜擴充,,,B 擴充,,,,,
9886,quiescent,7,04｜擴充,,,B 擴充,,,,,
9887,quitted,7,04｜擴充,,,B 擴充,,,,,
9888,rabble,7,04｜擴充,,,B 擴充,,,,,
9889,raid,7,04｜擴充,,,B 擴充,,,,,
9890,rails,7,04｜擴充,,,B 擴充,,,,,
9891,ram,7,04｜擴充,,,B 擴充,,,,,
9892,ranch,7,04｜擴充,,,B 擴充,,,,,
9893,ranged,7,04｜擴充,,,B 擴充,,,,,
9894,rascal,7,04｜擴充,,,B 擴充,,,,,
9895,rascals,7,04｜擴充,,,B 擴充,,,,,
9896,rash,7,04｜擴充,,,B 擴充,,,,,
9897,ratify,7,04｜擴充,,,B 擴充,,,,,
9898,reactive,7,04｜擴充,,,B 擴充,,,,,
9899,recompense,7,04｜擴充,,,B 擴充,,,,,
9900,reconciled,7,04｜擴充,,,B 擴充,,,,,
9901,rectal,7,04｜擴充,,,B 擴充,,,,,
9902,redistributing,7,04｜擴充,,,B 擴充,,,,,
9903,refers,7,04｜擴充,,,B 擴充,,,,,
9904,refreshed,7,04｜擴充,,,B 擴充,,,,,
9905,regained,7,04｜擴充,,,B 擴充,,,,,
9906,regional,7,04｜擴充,,,B 擴充,,,,,
9907,register,7,04｜擴充,,,B 擴充,,,,,
9908,registration,7,04｜擴充,,,B 擴充,,,,,
9909,rejection,7,04｜擴充,,,B 擴充,,,,,
9910,renounced,7,04｜擴充,,,B 擴充,,,,,
9911,repose,7,04｜擴充,,,B 擴充,,,,,
9912,repulsion,7,04｜擴充,,,B 擴充,,,,,
9913,repulsive,7,04｜擴充,,,B 擴充,,,,,
9914,resident,7,04｜擴充,,,B 擴充,,,,,
9915,resigned,7,04｜擴充,,,B 擴充,,,,,
9916,resisted,7,04｜擴充,,,B 擴充,,,,,
9917,resisting,7,04｜擴充,,,B 擴充,,,,,
9918,reunion,7,04｜擴充,,,B 擴充,,,,,
9919,reverie,7,04｜擴充,,,B 擴充,,,,,
9920,revival,7,04｜擴充,,,B 擴充,,,,,
9921,revived,7,04｜擴充,,,B 擴充,,,,,
9922,revolutionists,7,04｜擴充,,,B 擴充,,,,,
9923,rightly,7,04｜擴充,,,B 擴充,,,,,
9924,rioting,7,04｜擴充,,,B 擴充,,,,,
9925,robbed,7,04｜擴充,,,B 擴充,,,,,
9926,rotation,7,04｜擴充,,,B 擴充,,,,,
9927,ruddy,7,04｜擴充,,,B 擴充,,,,,
9928,runaway,7,04｜擴充,,,B 擴充,,,,,
9929,russell,7,04｜擴充,,,B 擴充,,,,,
9930,rustling,7,04｜擴充,,,B 擴充,,,,,
9931,safer,7,04｜擴充,,,B 擴充,,,,,
9932,sailed,7,04｜擴充,,,B 擴充,,,,,
9933,salvarsan,7,04｜擴充,,,B 擴充,,,,,
9934,samoan,7,04｜擴充,,,B 擴充,,,,,
9935,sarcomatous,7,04｜擴充,,,B 擴充,,,,,
9936,savelich,7,04｜擴充,,,B 擴充,,,,,
9937,saxe,7,04｜擴充,,,B 擴充,,,,,
9938,sayings,7,04｜擴充,,,B 擴充,,,,,
9939,scherer,7,04｜擴充,,,B 擴充,,,,,
9940,scope,7,04｜擴充,,,B 擴充,,,,,
9941,scriptures,7,04｜擴充,,,B 擴充,,,,,
9942,seeds,7,04｜擴充,,,B 擴充,,,,,
9943,seniority,7,04｜擴充,,,B 擴充,,,,,
9944,sentences,7,04｜擴充,,,B 擴充,,,,,
9945,septa,7,04｜擴充,,,B 擴充,,,,,
9946,serbia,7,04｜擴充,,,B 擴充,,,,,
9947,shako,7,04｜擴充,,,B 擴充,,,,,
9948,shamefaced,7,04｜擴充,,,B 擴充,,,,,
9949,shaping,7,04｜擴充,,,B 擴充,,,,,
9950,sharper,7,04｜擴充,,,B 擴充,,,,,
9951,shelled,7,04｜擴充,,,B 擴充,,,,,
9952,shoots,7,04｜擴充,,,B 擴充,,,,,
9953,shriek,7,04｜擴充,,,B 擴充,,,,,
9954,slay,7,04｜擴充,,,B 擴充,,,,,
9955,slogan,7,04｜擴充,,,B 擴充,,,,,
9956,soap,7,04｜擴充,,,B 擴充,,,,,
9957,sober,7,04｜擴充,,,B 擴充,,,,,
9958,softness,7,04｜擴充,,,B 擴充,,,,,
9959,spark,7,04｜擴充,,,B 擴充,,,,,
9960,speculators,7,04｜擴充,,,B 擴充,,,,,
9961,spicules,7,04｜擴充,,,B 擴充,,,,,
9962,spiral,7,04｜擴充,,,B 擴充,,,,,
9963,spoiling,7,04｜擴充,,,B 擴充,,,,,
9964,sponge,7,04｜擴充,,,B 擴充,,,,,
9965,sport,7,04｜擴充,n.,運動,B 中高級核心,名詞,—,—,—,
9966,sprinkled,7,04｜擴充,,,B 擴充,,,,,
9967,staid,7,04｜擴充,,,B 擴充,,,,,
9968,staining,7,04｜擴充,,,B 擴充,,,,,
9969,standpoint,7,04｜擴充,,,B 擴充,,,,,
9970,stealthily,7,04｜擴充,,,B 擴充,,,,,
9971,steamer,7,04｜擴充,,,B 擴充,,,,,
9972,stewards,7,04｜擴充,,,B 擴充,,,,,
9973,stifle,7,04｜擴充,,,B 擴充,,,,,
9974,stove,7,04｜擴充,,,B 擴充,,,,,
9975,straggling,7,04｜擴充,,,B 擴充,,,,,
9976,strings,7,04｜擴充,,,B 擴充,,,,,
9977,stroked,7,04｜擴充,,,B 擴充,,,,,
9978,strove,7,04｜擴充,,,B 擴充,,,,,
9979,struggles,7,04｜擴充,,,B 擴充,,,,,
9980,stubble,7,04｜擴充,,,B 擴充,,,,,
9981,submarines,7,04｜擴充,,,B 擴充,,,,,
9982,submissively,7,04｜擴充,,,B 擴充,,,,,
9983,suburb,7,04｜擴充,,,B 擴充,,,,,
9984,suggestions,7,04｜擴充,,,B 擴充,,,,,
9985,suites,7,04｜擴充,,,B 擴充,,,,,
9986,summon,7,04｜擴充,,,B 擴充,,,,,
9987,sung,7,04｜擴充,,,B 擴充,,,,,
9988,superiors,7,04｜擴充,,,B 擴充,,,,,
9989,supple,7,04｜擴充,,,B 擴充,,,,,
9990,supplement,7,04｜擴充,,,B 擴充,,,,,
9991,surg,7,04｜擴充,,,B 擴充,,,,,
9992,surrounds,7,04｜擴充,,,B 擴充,,,,,
9993,susceptible,7,04｜擴充,,,B 擴充,,,,,
9994,swarm,7,04｜擴充,,,B 擴充,,,,,
9995,swedish,7,04｜擴充,,,B 擴充,,,,,
9996,sweetly,7,04｜擴充,,,B 擴充,,,,,
9997,swore,7,04｜擴充,,,B 擴充,,,,,
9998,syllable,7,04｜擴充,,,B 擴充,,,,,
9999,syllabus,7,04｜擴充,,,B 擴充,,,,,
10000,symbols,7,04｜擴充,,,B 擴充,,,,,
10001,academic,0,00｜V2核心補入,adj.,學術的,A 基礎必會,形容詞,—,—,—,
10002,adapt,0,00｜V2核心補入,v.,適應；改編,A 基礎必會,動詞,adapted,adapted,否,
10003,adjust,0,00｜V2核心補入,v.,調整,B 中高級核心,動詞,adjusted,adjusted,否,
10004,advertise,0,00｜V2核心補入,v.,做廣告,B 中高級核心,動詞,advertised,advertised,否,
10005,airline,0,00｜V2核心補入,n.,航空公司,A 基礎必會,名詞,—,—,—,
10006,airplane,0,00｜V2核心補入,n.,飛機,A 基礎必會,名詞,—,—,—,
10007,airport,0,00｜V2核心補入,n.,機場,A 基礎必會,名詞,—,—,—,
10008,analyze,0,00｜V2核心補入,v.,分析,B 中高級核心,動詞,analyzed,analyzed,否,
10009,artist,0,00｜V2核心補入,n.,藝術家,A 基礎必會,名詞,—,—,—,
10010,athlete,0,00｜V2核心補入,n.,運動員,A 基礎必會,名詞,—,—,—,
10011,automatic,0,00｜V2核心補入,adj.,自動的,A 基礎必會,形容詞,—,—,—,
10012,basic,0,00｜V2核心補入,adj.,基本的,A 基礎必會,形容詞,—,—,—,
10013,bathroom,0,00｜V2核心補入,n.,浴室,A 基礎必會,名詞,—,—,—,
10014,beach,0,00｜V2核心補入,n.,海灘,A 基礎必會,名詞,—,—,—,
10015,bicycle,0,00｜V2核心補入,n.,腳踏車,A 基礎必會,名詞,—,—,—,
10016,biology,0,00｜V2核心補入,n.,生物學,A 基礎必會,名詞,—,—,—,
10017,birthday,0,00｜V2核心補入,n.,生日,A 基礎必會,名詞,—,—,—,
10018,borrow,0,00｜V2核心補入,v.,借入,A 基礎必會,動詞,borrowed,borrowed,否,
10019,boss,0,00｜V2核心補入,n.,老闆,A 基礎必會,名詞,—,—,—,
10020,brand,0,00｜V2核心補入,n.,品牌,A 基礎必會,名詞,—,—,—,
10021,budget,0,00｜V2核心補入,n.,預算,A 基礎必會,名詞,—,—,—,
10022,bus,0,00｜V2核心補入,n.,公車,A 基礎必會,名詞,—,—,—,
10023,cake,0,00｜V2核心補入,n.,蛋糕,A 基礎必會,名詞,—,—,—,
10024,camera,0,00｜V2核心補入,n.,相機,A 基礎必會,名詞,—,—,—,
10025,cancel,0,00｜V2核心補入,v.,取消,B 中高級核心,動詞,canceled,canceled,否,
10026,celebrate,0,00｜V2核心補入,v.,慶祝,B 中高級核心,動詞,celebrated,celebrated,否,
10027,celebration,0,00｜V2核心補入,n.,慶祝,A 基礎必會,名詞,—,—,—,
10028,chemistry,0,00｜V2核心補入,n.,化學,A 基礎必會,名詞,—,—,—,
10029,classic,0,00｜V2核心補入,adj.,經典的,A 基礎必會,形容詞,—,—,—,
10030,classroom,0,00｜V2核心補入,n.,教室,A 基礎必會,名詞,—,—,—,
10031,commitment,0,00｜V2核心補入,n.,承諾；投入,A 基礎必會,名詞,—,—,—,
10032,competitive,0,00｜V2核心補入,adj.,有競爭力的；競爭激烈的,A 基礎必會,形容詞,—,—,—,
10033,concentrate,0,00｜V2核心補入,v.,專心；集中,B 中高級核心,動詞,concentrated,concentrated,否,
10034,connect,0,00｜V2核心補入,v.,連接,B 中高級核心,動詞,connected,connected,否,
10035,construct,0,00｜V2核心補入,v.,建造；構成,B 中高級核心,動詞,constructed,constructed,否,
10036,context,0,00｜V2核心補入,n.,上下文；情境,A 基礎必會,名詞,—,—,—,
10037,contribution,0,00｜V2核心補入,n.,貢獻,A 基礎必會,名詞,—,—,—,
10038,cookie,0,00｜V2核心補入,n.,餅乾,A 基礎必會,名詞,—,—,—,
10039,creative,0,00｜V2核心補入,adj.,有創意的,A 基礎必會,形容詞,—,—,—,
10040,customer,0,00｜V2核心補入,n.,顧客,A 基礎必會,名詞,—,—,—,
10041,decrease,0,00｜V2核心補入,v.,減少,B 中高級核心,動詞,decreased,decreased,否,
10042,download,0,00｜V2核心補入,v.,下載,B 中高級核心,動詞,downloaded,downloaded,否,
10043,emergency,0,00｜V2核心補入,n.,緊急事件,A 基礎必會,名詞,—,—,—,
10044,environment,0,00｜V2核心補入,n.,環境,A 基礎必會,名詞,—,—,—,
10045,environmental,0,00｜V2核心補入,adj.,環境的,A 基礎必會,形容詞,—,—,—,
10046,exam,0,00｜V2核心補入,n.,考試,A 基礎必會,名詞,—,—,—,
10047,expand,0,00｜V2核心補入,v.,擴大,B 中高級核心,動詞,expanded,expanded,否,
10048,explore,0,00｜V2核心補入,v.,探索,B 中高級核心,動詞,explored,explored,否,
10049,freeze,0,00｜V2核心補入,v.,結冰；冷凍,A 基礎必會,動詞,froze,frozen,是,
10050,global,0,00｜V2核心補入,adj.,全球的,A 基礎必會,形容詞,—,—,—,
10051,graduate,0,00｜V2核心補入,n.,畢業生,B 中高級核心,名詞,—,—,—,
10052,grammar,0,00｜V2核心補入,n.,文法,B 中高級核心,名詞,—,—,—,
10053,grandparent,0,00｜V2核心補入,n.,祖父母,B 中高級核心,名詞,—,—,—,
10054,ignore,0,00｜V2核心補入,v.,忽視,B 中高級核心,動詞,ignored,ignored,否,
10055,impact,0,00｜V2核心補入,n.,影響；衝擊,B 中高級核心,名詞,—,—,—,
10056,increasingly,0,00｜V2核心補入,adv.,日益地,A 基礎必會,副詞,—,—,—,
10057,internet,0,00｜V2核心補入,n.,網際網路,B 中高級核心,名詞,—,—,—,
10058,invest,0,00｜V2核心補入,v.,投資,B 中高級核心,動詞,invested,invested,否,
10059,investment,0,00｜V2核心補入,n.,投資,B 中高級核心,名詞,—,—,—,
10060,item,0,00｜V2核心補入,n.,項目；物品,B 中高級核心,名詞,—,—,—,
10061,kid,0,00｜V2核心補入,n.,小孩,B 中高級核心,名詞,—,—,—,
10062,magazine,0,00｜V2核心補入,n.,雜誌,B 中高級核心,名詞,—,—,—,
10063,movie,0,00｜V2核心補入,n.,電影,B 中高級核心,名詞,—,—,—,
10064,option,0,00｜V2核心補入,n.,選項,B 中高級核心,名詞,—,—,—,
10065,percent,0,00｜V2核心補入,n.,百分比,B 中高級核心,名詞,—,—,—,
10066,phone,0,00｜V2核心補入,n.,電話,B 中高級核心,名詞,—,—,—,
10067,photo,0,00｜V2核心補入,n.,照片,B 中高級核心,名詞,—,—,—,
10068,physics,0,00｜V2核心補入,n.,物理學,B 中高級核心,名詞,—,—,—,
10069,plane,0,00｜V2核心補入,n.,飛機；平面,B 中高級核心,名詞,—,—,—,
10070,potential,0,00｜V2核心補入,n./adj.,潛在的,B 中高級核心,名詞；形容詞,—,—,—,
10071,publish,0,00｜V2核心補入,v.,出版；發布,B 中高級核心,動詞,published,published,否,
10072,radio,0,00｜V2核心補入,n.,收音機,B 中高級核心,名詞,—,—,—,
10073,relax,0,00｜V2核心補入,v.,放鬆,B 中高級核心,動詞,relaxed,relaxed,否,
10074,restaurant,0,00｜V2核心補入,n.,餐廳,B 中高級核心,名詞,—,—,—,
10075,scientist,0,00｜V2核心補入,n.,科學家,B 中高級核心,名詞,—,—,—,
10076,steal,0,00｜V2核心補入,v.,偷,A 基礎必會,動詞,stole,stolen,是,
10077,technology,0,00｜V2核心補入,n.,科技,B 中高級核心,名詞,—,—,—,
10078,telephone,0,00｜V2核心補入,n.,電話,B 中高級核心,名詞,—,—,—,
10079,television,0,00｜V2核心補入,n.,電視,B 中高級核心,名詞,—,—,—,
10080,tool,0,00｜V2核心補入,n.,工具,B 中高級核心,名詞,—,—,—,
10081,tourist,0,00｜V2核心補入,n.,觀光客,B 中高級核心,名詞,—,—,—,
10082,traditional,0,00｜V2核心補入,adj.,傳統的,B 中高級核心,形容詞,—,—,—,
10083,update,0,00｜V2核心補入,v.,更新,B 中高級核心,動詞,updated,updated,否,
10084,video,0,00｜V2核心補入,n.,影片,B 中高級核心,名詞,—,—,—,
10085,volunteer,0,00｜V2核心補入,v.,志願服務,B 中高級核心,動詞,volunteered,volunteered,否,
10086,website,0,00｜V2核心補入,n.,網站,B 中高級核心,名詞,—,—,—,
10087,weekend,0,00｜V2核心補入,n.,週末,B 中高級核心,名詞,—,—,—,
